timestamp,​0xF173214C720f58E03e194085B1DB28B50aCDeeaD,​0x72b73799724B453f04082e2D782e8b5A8790c92A,​0x766f8A08dD048858cE1C139D87e74728f1E01e99,​0xa7642dD86b0328941A79eD09097F58b2987E2053,​0xa52CA82EBb20575EF804812200067087179Cb26D,​0xE1E0F8C1FEE4bAC8219711Fb0f4333dF1CaFe2bf,​0xD79d821EF646626430995f67885904856e43eE17,​0x8a3960472B3D63894B68DF3f10F58F11828d6fd9,​0xBfed949505faC872018ee70aD521840E9C05a3Ff,​0x11111254369792b2Ca5d084aB5eEA397cA8fa48B,​0xE8bEA818de87dD3E5cE9547120936c822b5B9502,​0x40A7cb7052C274Cc2E568c324B4c5D94383bec4f,​0x5f617cc3Dd2724F5bb6f75d0F8907C95AbfFf0D6,​0x97deC872013f6B5fB443861090ad931542878126,​0xfc96e234d4B31C63051E707105fCC4aba37807Fa,​0x843389F32E88c57Ec96994d0742a3Fe9b248E10e,​0x9697E724610505474936ec1382Edceb5AA52F295,​0x0f16a8557df61daCf3C6Be21a41a72D2a848B854,​0x5Be5b30A720093C9d1B1E6CF8441280a48a495F8,​0xc3037b2A1a9E9268025FF6d45Fe7095436446D52,​0xB958a8f59AC6145851729F73c7A6968311d8B633,​0x0eB0093E9c632a794f4baEef2DeE684D8C01F4C1,​0xcdE2556EE31648C402C899108423d942B5d8d080,​0xF6FB09a41fa6C18cEbC1e7C6F75A8664D69e4d48,​0x5815819e1fb45775153f16E5f52CaDD343922851,​0xA54da2581dd4828e4Aa00638Aab835119500A284,​0xe9519677e6ec8D2D6BFaB92A059529feA6075d37,​0x3A563899d9D4DaC3dced3c2Ba9E20ab05d3509F0,​0x736f1536CFd66AE3E27F6d62c67a9D9d9A431326,​0xF92C1ad75005E6436B4EE84e88cB23Ed8A290988,​0x860bd2dba9Cd475A61E6d1b45e16c365F6D78F66,​0xd4B811598d6a08F65D10146674c5465308713a5D,​0x3aEC0d815D4D05b81ABA2dDdf9B38ff468F117AA,​0xF1Ad4BFDF8829d55eC0Ce7900EF9d122B2610673,​0x5100276Ff4561D05A502527De00e9515129e3cfE,​0x693c188E40F760ecF00d2946ef45260b84FBc43e,​0x896e27aF0e16272cBa77B44dBa5d785e9B33dCaf,​0xa9dDc3383Ab709EA54aB5B4f9f89F57E60EB2F4f,​0x6BD849d321256BB26b472165d9738B691f2748Df,​0xeaa6cB80a5593E14C5A5fd38AE3D16dcB5Ef75F5,​0xFcd12c9D27560a122048a43315B54872bCD59603,​0x2a1530C4C41db0B0b2bB646CB5Eb1A67b7158667,​0x6459B8F7454670B9aba9E009cf468b7d99103e17,​0x31E085Afd48a1d6e51Cc193153d625e8f0514C7F,​0xDBe35C6d658cadfe579FBb484206D4859cD08afB,​0x000000000000006F6502B7F2bbaC8C30A3f67E9a,​0x92f884B7dbC58655174c49C27d3F7f7aaB946fb2,​0x5c5b40855fc364b797c1F539F7Eb39cDC94a8a91,​0x8Ebd10FE696288c6ED1E024064FDF54541Aa63e0,​0x5aB9d116a53EF41063E3EaE26A7eBe736720E9bA,​0x3Fb2F18065926DdB33E7571475c509541d15dA0e,​0xBC3A12B9c9dB119cd0930EB2eB033e182141f43e,​0x9929Af6d39ef15b3179E1b058F9010CF09de1867,​0xeE7F212545b3c388f8fD176f83bDff85F3Dcea7D,​0x248933F2a4Ac9084eBB985E9C88fad0C583efF69,​0x498aA5830da490C85Dc4d92B410aAB86edB26c17,​0x00000f2D00b7a76100366C0013C2000595eE0067,​0x00000000B1786c9698C160D78232c78d6f6474Fe,​0x1916DDd1Fba8e37ec5f5bc607812cB8d012Cc902,Other
1572406531000,,,,,,,,,,,,,,,,,,,,,,,,,,,,,,,,,,,,,,,,,,,,,,,,,,,,,,,,,,,,0.01
1572684939000,,,,,,,,,,,,,,,,,,,,,,,,,,,,,,,,,,,,,,,,,,,,,,,,,,,,,,,,,,,,1.15
1573171451000,,,,,,,,,,,,,,,,,,,,,,,,,,,,,,,,,,,,,,,,,,,,,,,,,,,,,,,,,,,,0.04
1574829912000,,,,,,,,,,,,,,,,,,,,,,,,,,,,,,,,,,,,,,,,,,,,,,,,,,,,,,,,,,,,0.67
1574982967000,,,,,,,,,,,,,,,,,,,,,,,,,,,,,,,,,,,,,,,,,,,,,,,,,,,,,,,,,,,,0.02
1575366165000,,,,,,,,,,,,,,,,,,,,,,,,,,,,,,,,,,,,,,,,,,,,,,,,,,,,,,,,,,,,0.26
1575519604000,,,,,,,,,,,,,,,,,,,,,,,,,,,,,,,,,,,,,,,,,,,,,,,,,,,,,,,,,,,,0.62
1575596839000,,,,,,,,,,,,,,,,,,,,,,,,,,,,,,,,,,,,,,,,,,,,,,,,,,,,,,,,,,,,0.43
1575903384000,,,,,,,,,,,,,,,,,,,,,,,,,,,,,,,,,,,,,,,,,,,,,,,,,,,,,,,,,,,,0.50
1575979374000,,,,,,,,,,,,,,,,,,,,,,,,,,,,,,,,,,,,,,,,,,,,,,,,,,,,,,,,,,,,0.50
1576056123000,,,,,,,,,,,,,,,,,,,,,,,,,,,,,,,,,,,,,,,,,,,,,,,,,,,,,,,,,,,,0.55
1576372313000,,,,,,,,,,,,,,,,,,,,,,,,,,,,,,,,,,,,,,,,,,,,,,,,,,,,,,,,,,,,0.52
1576971438000,,,,,,,,,,,,,,,,,,,,,,,,,,,,,,,,,,,,,,,,,,,,,,,,,,,,,,,,,,,,0.05
1577143907000,,,,,,,,,,,,,,,,,,,,,,,,,,,,,,,,,,,,,,,,,,,,,,,,,,,,,,,,,,,,0.05
1578063677000,,,,,,,,,,,,,,,,,,,,,,,,,,,,,,,,,,,,,,,,,,,,,,,,,,,,,,,,,,,,0.62
1579055596000,,,,,,,,,,,,,,,,,,,,,,,,,,,,,0.50,,,,,,,,,,,,,,,,,,,,,,,,,,,,,,,
1579122050000,,,,,,,,,,,,,,,,,,,,,,,,,,,,,0.41,,,,,,,,,,,,,,,,,,,,,,,,,,,,,,,
1579188604000,,,,,,,,,,,,,,,,,,,,,,,,,,,,,0.59,,,,,,,,,,,,,,,,,,,,,,,,,,,,,,,
1579320115000,,,,,,,,,,,,,,,,,,,,,,,,,,,,,,,,,,,,,,,,,,,,,,,,,,,,,,,,,,,,0.00
1579982233000,,,,,,,,,,,,,,,,,,,,,,,,,,,,,0.50,,,,,,,,,,,,,,,,,,,,,,,,,,,,,,,
1580114658000,,,,,,,,,,,,,,,,,,,,,,,,,,,,,,,,,,,,,,,,,,,,,,,,,,,,,,,,,,,,0.44
1580313366000,,,,,,,,,,,,,,,,,,,,,,,,,,,,,0.38,,,,,,,,,,,,,,,,,,,,,,,,,,,,,,,
1581310184000,,,,,,,,,,,,,,,,,,,,,,,,,,,,,1.03,,,,,,,,,,,,,,,,,,,,,,,,,,,,,,,0.10
1581441429000,,,,,,,,,,,,,,,,,,,,,,,,,,,,,,,,,,,,,,,,,,,,,,,,,,,,,,,,,,,,0.24
1581508790000,,,,,,,,,,,,,,,,,,,,,,,,,,,,,0.36,,,,,,,,,,,,,,,,,,,,,,,,,,,,,,,
1581574720000,,,,,,,,,,,,,,,,,,,,,,,,,,,,,,,,,,,,,,,,,,,,,,,,,,,,,,,,,,,,0.00
1581641265000,,,,,,,,,,,,,,,,,,,,,,,,,,,,,,,,,,,,,,,,,,,,,,,,,,,,,,,,,,,,0.22
1581774043000,,,,,,,,,,,,,,,,,,,,,,,,,,,,,,,,,,,,,,,,,,,,,,,,,,,,,,,,,,,,0.52
1581973926000,,,,,,,,,,,,,,,,,,,,,,,0.33,,,,,,,,,,,,,,,,,,,,,,,,,,,,,,,,,,,,,
1582040665000,,,,,,,,,,,,,,,,,,,,,,,,,,,,,,,,,,,,,,,,,,0.16,,,,,,,,,,,,,,,,,,
1582173039000,,,,,,,,,,,,,,,,,,,,,,,0.79,,,,,,,,,,,,,,,,,,,,,,,,,,,,,,,,,,,,,
1582240159000,,,,,,,,,,,,,,,,,,,,,,,,,,,,,,,,,,,,,,,,,,0.13,,,,,,,,,,,,,,,,,,
1582505376000,,,,,,,,,,,,,,0.05,,,,,,,,,,,,,,,,,,,,,,,,,,,,0.17,,,,,,,,,,,,,,,,,,
1582638796000,,,,,,,,,,,,,,,,,,,,,,,,,,,,,,,,,,,,,,,,,,,,,,,,,,,,,,,,,,,,0.71
1582771019000,,,,,,,,,,,,,,,,,,,,,,,0.44,,,,,,,,,,,,,,,,,,,,,,,,,,,,,,,,,,,,,
1582837876000,,,,,,,,,,,,,,,,,,,,,,,0.31,,,,,,,,,,,,,,,,,,,,,,,,,,,,,,,,,,,,,
1582904573000,,,,,,,,,,,,,,0.42,,,,,,,,,,,,,,,,,,,,,,,,,,,,,,,,,,,,,,,,,,,,,,0.52
1582970808000,,,,,,,,,,,,,,,,,,,,,,,,,,,,,,,,,,,,,,,,,,,,,,,,,,,,,,,,,,,,0.45
1583036689000,,,,,,,,,,,,,,0.57,,,,,,,,,,,,,,,,,,,,,,,,,,,,,,,,,,,,,,,,,,,,,,0.26
1583168974000,,,,,,,,,,,,,,,,,,,,,,,0.81,,,,,,,,,,,,,,,,,,,,,,,,,,,,,,,,,,,,,0.43
1583235956000,,,,,,,,,,,,,,0.44,,,,,,,,,,,,,,,,,,,,,,,,,,,,,,,,,,,,,,,,,,,,,,
1583302077000,,,,,,,,,,,,,,0.31,,,,,,,,,,,,,,,,,,,,,,,,,,,,,,,,,,,,,,,,,,,,,,
1583368317000,,,,,,,,,,,,,,,,,,,,,,,,,,,,,,,,,,,,,,,,,,,,,,,,,,,,,,,,,,,,0.50
1583502285000,,,,,,,,,,,,,,0.30,,,,,,,,,0.46,,,,,,,,,,,,,,,,,,,,,,,,,,,,,,,,,,,,,0.23
1583567810000,,,,,,,,,,,,,,0.42,,,,,,,,,,,,,,,,,,,,,,,,,,,,,,,,,,,,,,,,,,,,,,0.25
1583633541000,,,,,,,,,,,,,,,,,,,,,,,0.47,,,,,,,,,,,,,,,,,,,,,,,,,,,,,,,,,,,,,0.20
1583699841000,,,,,,,,,,,,,,,,,,,,,,,0.46,,,,,,,,,,,,,,,,,,,,,,,,,,,,,,,,,,,,,0.10
1583767163000,,,,,,,,,,,,,,,,,,,,,,,0.48,,,,,,,,,,,,,,,,,,,,,,,,,,,,,,,,,,,,,
1583833348000,,,,,,,,,,,,,,0.83,,,,,,,,,0.32,,,,,,,,,,,,,,,,,,,,,,,,,,,,,,,,,,,,,
1583900197000,0.66,,,,,,,,,,,,,0.98,0.63,,,,,,,,0.37,,,,,,,,,,,,,,,,,,,,,,,,,,2.03,,,,,,,,,,,3.42
1583966404000,,,,,,,,,,,,,,0.35,,,,,,,,,1.10,,,,,,,,,,,,,,,0.36,,,,,,,,,,,,,,,,,,,,,,0.31
1584033400000,,,,,,,,,,,,,,,,,,,,,,,0.99,,,,,,,,,,,,,,,,,,,,,,,,,,,,,,,,,,,,,
1584100621000,,,,,,,,,,,,,,,,,,,,,,,1.00,,,,,,,,,,,,,,,,,,,,,,,,,,,,,,,,,,,,,1.02
1584168330000,,,,,,,,,,,,,,,,,,,,,,,,,,,,,,,,,,,,,,,,,,,1.00,,,,,,2.03,,,,,,,,,,,
1584234522000,0.48,,,,,,,,,,,,,,,,,,,,,,,,,,,,,,,,,,,,,,,,,0.42,,,,,,,1.07,1.07,,,,,,,,,,0.79
1584367227000,,,,,,,,,,,,,,0.65,,,,,,,,,0.69,,,,,,,,,,,,,,,,,,,,,,,,,,,,,,,,,,,,,1.08
1584434720000,,,,,,,,,,,,,,0.95,,,,,,,,,,,,,,,,,,,,,,,,,,,,,,,,,,,,,,,,,,,,,,0.32
1584500082000,,,,,,,,,,,,,,,,,,,,,,,0.52,,,,,,,,,,,,,,,,,,,,,,,,,,,,,,,,,,,,,
1584566455000,,,,,,0.80,,,,,,,,,,,,,,,,,,,,,,,,,,,,,,,,,,,,,,,,,,,,,,,,,,,,,,
1584632903000,,,,,,,,,,,,,,0.80,,,,,,,,,0.72,,,,,,,,,,,,,,,,,,,,,,,,,,,,,,,,,,,,,
1584699859000,,,,,,,,,,,,,,0.50,,,,,,,,,0.74,,,,,,,,,,,,,,,,,,,,,,,,,,,,,,,,,,,,,
1584766483000,,,,,,,,,0.67,,,,,,,,,,,,,,,,,,,,,,,,,,,,,,,,,,,,,,,,,,,,,,,,,,,0.05
1584833664000,,,,,,,,,,,,,,0.37,,,,,,,,,,,,,,,,,,,,,,,,,,,,,,,,,,,,,,,,,,,,,,
1584902413000,,,,,,,,,,,,,,0.38,,,,,,,,,,,,,,,,,,,,,,,,,,,,,,,,,,,,,,,,,,,,,,
1584970249000,,,,,,,,,0.58,,,,,0.56,0.11,,,,,,,,,,,,,,,,,,,,,,,,,,,,,,,,,,,,,,,,,,,,,0.05
1585105600000,,,,,,,,,1.19,,,,,,,,,,,,,,,,,,,,,,,,,,,,,0.50,,,,,,,,,,,,,,,,,,,,,,0.05
1585239172000,,,,,,,,,0.46,,,,,,,,,,,,,,,,,,,,,,,,,,,,,,,,,,,,,,,,,,,,,,,,,,,
1585372283000,,,,,,0.50,,,0.45,,,,,,,,,,,,,,,,,,,,,,,,,,,,,,,,,,,,,,,,,,,,,,,,,,,
1585903293000,,,,,,,,,,,,,,0.49,,,,,,,,,,,,,,,,,,,,,,,,,,,,,,,,,,,,,,,,,,,,,,0.25
1586102872000,,,,,,,,,0.35,,,,,,,,,,,,,,,,,,,,,,,,,,,,,,,,,,,,,,,,,,,,,,,,,,,0.03
1586169028000,,,,,,,,,0.42,,,,,,,,,,,,,,,,,,,,,,,,,,,,,,,,,,,,,,,,,1.00,,,,,,,,,,0.86
1586236183000,,,,,,,,,0.29,,,,,,,,,,,,,,,,,,,,,,,,,,,,,,,,,,,,,,,,,,,,,,,,,,,
1586368858000,,,,,,,,,,,,,,,,,,,,,,,,,,0.52,,,,,0.44,,,,,,,,,,,,,,,,,,,,,,,,,0.41,,,,0.83
1586434964000,,,,,,,,,,,,,,,,,,,,,,,,,,,,,,,,,,,,,,,,,,,,,,,,,,,,,,,,1.51,,,,
1586501245000,,,,,,,,,,,,,,,,,,,,,,,,,,0.27,,,,,0.37,,,,,,,,,,,,,,,,,,,,,,,,,0.71,,0.35,,
1586568529000,,,,,,,,,,,,,,,,,,,,,,,,,,0.25,,,,,,,,,,,,,,,,,,,,,,,,,,,,,,1.01,,,,0.23
1586635021000,,,,,,,,,,,,,,,,,,,,,,,,,,,,,,,0.28,,,,,0.86,,,,,,,,,,,,,,,,,,,,3.94,,,,0.54
1586701369000,,,,,,,,,,0.29,,,,,,,,,,,,,,,,,,,,,0.70,,,,,0.21,,,,,,,,,,,,,,,,,,,,4.45,,,,
1586767741000,,,,,,,,,,1.28,,,,,,,,0.24,,,,,,,,,,,,,,,,,,0.32,,,,,,,,,,,,,,,,,,,,4.23,,,,0.52
1586833705000,,,,,,,,,,4.69,,,,,,,,0.32,,,2.34,,,,,0.44,,,,,1.89,,,,,,,,,,,,,,,,,,,1.00,,,,,,0.50,,,,
1586900049000,,,,,,,,,,1.96,,,,,,,,1.28,,,,,,,,0.73,,,,,1.52,,,,,,,,,,,,,,,,,,,,,,,,,1.94,,,,0.52
1586966921000,,,,,,,,,,0.63,,,,,,,,,,,,,,,,0.19,,,,,,,,,,,,,,,,,,,,,,,,,,,,,,0.47,,,,
1587033174000,,,,,,,,,,0.41,,,,,,,,,,,,,,,,,,,,,,,,,,0.57,,,,,,,,,,,,,,,,,,,,1.11,,,,
1587099968000,2.12,,,,,,,,,2.49,,,,,,,,0.39,,,,,,,,1.10,,,,,1.95,,,,,,,,,,,,,,,,,,,,,,,2.76,,1.11,,,,1.12
1587167698000,0.97,,,,,,,,,,,,,,,,,,,,,,,,,,0.51,,,,3.50,,,,,0.36,,,,,,,,,,,,,,,,,,2.55,,1.12,,,,
1587234387000,,,,,,,,,,0.25,,,,,,,,,,,,,,,,0.30,,,,,,,,,,0.27,,,,,,,,,,,,,,,,,,,,0.41,,,,
1587300847000,,,,,,,,,,,,,,,,,,,,,,,,,,,,,,,,,,,,,,,,,,,,,,,,,,,,,,,,0.10,,,,
1587368133000,,,,,,,,,,0.88,,,,,,,,0.25,,,0.58,,,1.77,,,0.54,,,,0.35,,,,,1.14,,,,,,,,,,,,,,,,,,,,0.55,,,,0.52
1587434258000,,,,,,,,,,1.69,0.10,,,,,,,,,,,,,1.76,,0.46,1.61,,,,0.79,,,,,,,,,,,,,,,,,,,,,,,0.24,,0.46,,1.53,,0.78
1587501138000,,,,,,,,,,0.50,1.27,,,,,,,0.33,,,,,,1.52,,1.48,2.19,,,,0.35,,,,,,,,,,,,,,,,,,,,,,,,,,,,,1.04
1587568237000,,,0.97,,,,,,,4.01,,,,,,,,1.13,,,,,,0.51,,0.77,2.52,,,,0.46,,,,,,,,,,,,,,,,,,,,,,,,,1.36,,0.58,,0.50
1587634602000,,,,,,,,,,1.68,3.17,,,,,,,4.98,,,,,,0.51,,0.73,0.57,,,,1.71,,,,,0.95,,,,,,0.37,,,,,,,,2.85,,3.78,,0.70,,0.70,,0.86,,
1587701744000,,,,,,,,,,,0.35,,,,,,,,,,,,,,,0.31,0.60,,,,,,,,,,,,,,,,,,,,,,,,,,,,,,,,,
1587768625000,,,,,,,,,,1.01,0.35,,,,,,,,,,,,,0.50,,0.78,2.83,,,,1.30,,,,,,,,,,,,,,,,,,,3.50,,,,,,,,0.67,,
1587836062000,,,,,,,,,,1.88,0.10,,,0.92,,,,,,,,,,0.54,,,,,,,,,,,0.51,,,,,,,1.36,,,,,,,,1.69,,,,,,,,,,0.18
1587902337000,,,2.27,,,,,,,2.94,,,,2.03,,,,,,,,0.70,,0.75,,,0.88,,,,0.45,,,,0.43,,,,,,,0.29,,0.45,,,,,,0.93,,,,,,,,,,
1587969951000,,,0.52,,,,,,,4.61,1.01,,,0.51,,,,,,,0.97,,,2.51,,3.21,3.77,,,,0.54,,,,,,,,,,,,,0.55,,,,,,3.21,,,,,,,,,,
1588036978000,,,0.48,,,,,,,4.62,4.69,,,1.49,,,,,,,,,,1.00,,,1.86,,,,,,,,,1.45,,,,,,,,1.94,,,,,,1.01,,,,,,,,,,1.47
1588104246000,,,,,,,,,,6.12,2.11,,,0.51,,,,,,,2.78,,,1.50,,0.40,4.92,,,,,,,,,1.35,,,,,,,,2.95,,,,,,2.88,,,,,,,,,,0.81
1588170340000,,,,,,,,,,8.54,1.06,,,,,,,,,,1.36,,,5.76,,,7.36,,,,2.97,,,,0.35,1.56,,,,,,,,2.06,,,,,,9.10,,,,,,,,1.49,,0.80
1588237076000,,,,,,,,,,71.55,7.98,,,,,,,95.95,,,1.36,,,12.81,,,84.22,,,,258.21,,,,,16.77,,,,,,,19.21,500.56,,,,,,2.58,,,,,,,,1.03,,3.12
1588305064000,,,,,,,,,,1.47,2.01,,,,,,,,,,,,,,,1.90,0.52,,,,0.80,,,,,,,,,,,,,0.90,,,,,,5.25,,,,,,,,0.80,,0.79
1588371539000,,,,,,0.60,,,,2.65,2.77,,,0.47,,,,,,,,,,,,0.43,11.17,,,,2.15,,,,,2.86,,,,,,,,11.35,,,,,,6.31,,,,,,,,0.74,,0.27
1588438821000,,,,,,,,,,2.23,2.07,,,,,,,0.75,,,1.90,,,,,0.57,1.58,,,,,,,,,2.60,,,,,,,,0.35,,,,,,3.92,,,,,,,,1.82,,0.08
1588506516000,,,,,,,,,,1.56,1.06,,,4.64,,,,,,,,,,4.15,,,0.52,,,,1.45,,,,0.22,2.42,,,,,,,,1.56,,,,,,3.84,,,,,,,,1.36,,
1588572377000,,,,,,,,,,2.57,0.35,,,,,,,,,,,,,,,,0.53,,,,,,,,,0.95,,,,,,,,0.29,,,,,,,,,,,,,,,,
1588638430000,,,,,,,,,,3.89,1.01,,,,,,,,,,,,,0.50,,,3.33,,,,1.06,,,,,0.44,,,,,,,,2.51,,,,,,2.50,,,,,,,,,,
1588705743000,,,,,,,,,,1.42,,,,,,,,2.21,,,,,,1.25,,,13.81,,,,,,,,,1.66,,,,,,,,14.06,,,,,,3.43,,,,,,,,,,
1588771981000,,,,,,,,,,,0.71,,,,,,,,,,,,,,,,,,,,,,,,,1.01,,,,,,,,1.20,,,,,,,,,,,,,,,,
1588839881000,,,,,,,,,,1.26,,,,,,,,,,,,,,,,,0.56,,,,,,,,,0.64,,,,,,,,0.65,,,,,,,,,,,,,,,,0.00
1588906152000,,,1.00,,,,,,,4.83,,,,,,,0.39,,,,10.69,,,,,0.81,3.66,,,,,,,,0.39,,,,,,,,,12.47,,,,,,5.11,,,,,,,,0.80,,
1588972800000,,,,,,,,,,1.38,0.65,,,,,,,,,,,,,,,0.65,2.19,,,,,,,,,,,,,,,,,0.14,,,,,,3.06,,,,,,,,,,1.64
1589040204000,,,,,,,,,,0.36,0.36,,,,,,,,,,,,,,,,,,,,,,,,,,,,,,,,,0.59,,,,,,,,,,,,,,,,
1589107927000,,,,,,,,,,0.76,,,,,,,,,,,,,,,,,0.53,,,,,,,,,,,,,,,,,,,,,,,,,,,,,,,,,0.12
1589174391000,,,,,,,,,,,,,,,,,0.58,,,,,,,,,,,,,,,,,,,0.52,,,,,,,,2.20,,,,,,1.02,,,,,,,,,,
1589241093000,,,1.07,,,1.00,,,,3.27,1.65,,,1.61,,,,,,,,,,,,,1.46,,,,,,,,,2.98,,,,,,,,0.48,,,,,,2.37,,,,,,,,,,1.25
1589308656000,,,,,,,,,,7.71,5.23,,,1.85,,,0.58,,,,,,,,,,,,,,30.01,,,,,,,,,,,,,29.31,,,,,,2.96,,,,,,,0.95,,,0.08
1589375621000,,,,,,,,,,1.09,1.68,,,,,,,,,,,,,,,,,,,,,,,,,,,,,,,,,4.47,,,,,,3.83,,,,,,,,,,0.52
1589442351000,,,0.65,,,,,,,0.97,,,,,,,,,,,,,,,,,,,,,,,,,,,,,,,,,,1.63,,,,,,,,,,,,,,,,0.04
1589509055000,,,0.71,,,,,,,,,,,,,,,,,,,,,,,,1.41,,,,,,,,,,,,,,,,,1.08,,,,,,2.97,,,,,,,,,,0.96
1589576701000,,,,,,,,,,0.42,,,,,,,,,,,,,,,,,2.75,,,,,,,,,,1.87,,,,,,,0.23,,,,,,,,,,,,,,,,1.82
1589644333000,,,,,,,,,,0.33,,,,,,,1.15,,,,,,,,,,,,,,,,,,,,3.08,,,,,,,0.44,,,,,,1.87,,,,,,,,,,0.42
1589711000000,,,,,,,,,,,0.35,,,,,,1.48,,0.93,,,,,,,,1.96,,,,,,,,,,,,0.01,,,,,2.87,,,,,,0.95,,,,,,,0.72,,,2.68
1589778055000,,,,,,,,,,,2.14,,,,,,,,2.17,,2.51,,,4.44,,,1.28,,,,3.32,,,,,2.95,,,,5.00,,,,0.70,7.50,,,,,2.95,,,,,,,,,,0.73
1589845567000,,,,,,,,,,,,,,0.71,,,,,1.60,,5.96,,,,,,,,,,3.04,,,,,4.28,,,,,,,,12.54,,6.50,,,,1.27,,,,,,,,,,3.37
1589913105000,,,,,,,,,,,,,,,,,0.83,,0.31,,,,,,,,,,,,,,,,,1.13,,,,,,,,0.02,,,,,,,,,,,,,,,,
1589980117000,,,,,,,,,,,,,,,,,,,,,,,,,,,,,,,,,,,,0.17,,,,,,,,,,,,,,1.79,,,,,,,,,,0.23
1590047677000,,,,,,,,,,,1.03,,,0.95,,,,,1.99,,1.78,1.23,,1.27,,,5.93,7.00,,,5.01,,,,1.21,2.96,,,5.54,,1.00,,,2.10,,,,,,5.98,5.71,,,,,,,,,2.49
1590113970000,4.05,,,0.52,,6.59,,,,,,,,,,,,,0.73,,1.19,1.38,,0.25,,,8.96,1.64,,,,,,,1.25,1.22,,1.06,,,,3.51,,1.75,,,,,,1.87,,,,,,,,,,1.61
1590181994000,,,,1.27,,,,,,,2.04,,,,,,1.60,,3.19,,,,,,,,10.20,,,,,,,,,0.45,,,,,0.97,,,1.23,,,,,,11.40,,,,,,,,,,3.76
1590248502000,,,0.39,2.32,,,,,,,0.65,,,,,,1.59,,0.78,,,1.18,,,,,2.11,,,,,,,,,,,0.45,,,,0.14,,2.60,,,,,,1.27,,,,,,,,,,1.13
1590316431000,,,,1.18,,,,,,,2.00,,,,,,,,1.83,,,,,,,,0.83,3.03,,,1.62,,,,,3.24,,,,,,,,0.38,,1.58,,,,,,,,,,,,,,4.17
1590383553000,,,1.13,5.19,,2.85,,,,,0.65,,,,,,,,1.66,,0.99,1.44,,,,,2.17,,,,1.08,,,,,3.86,,,,,,1.05,,,,0.75,,,,0.95,,,,,,,,,,3.15
1590451139000,,,,1.57,3.91,,,,,,,,,,,,,,0.30,,,,,,,,1.39,,,,,,,,,3.46,,,,,,,,0.87,2.20,4.50,,,,1.65,,,,,,,,,,
1590517845000,,,,0.98,,,,,,,,,,,,,,,,,,,,,,,3.38,,,,1.71,,,,,1.21,,,,,,0.49,,0.80,,,,,,2.82,,,,,,,,,,
1590584981000,,,,11.15,,,,,,,,,,,,,,,0.85,,,,,0.52,,,11.37,,,,1.03,,,,0.16,2.40,,2.27,,,,1.20,,3.51,,,,,,4.46,,,,,,,3.29,,,1.60
1590652494000,,,,0.77,,,1.21,,,,1.00,,,0.56,8.00,,,,2.11,,2.93,,,,,,21.80,,,6.76,8.51,4.12,,,0.12,8.92,,1.08,,,0.65,1.08,,29.45,,,,,,9.58,,,,,,,2.05,,,4.74
1590719602000,,,,,,,0.80,,,,2.00,,2.28,1.38,,,,,,,,,,,,,4.90,,,8.94,,,4.72,,,3.71,,,,,,0.22,,7.63,,3.50,,,,8.35,,,,,,,,,,6.67
1590786531000,,,,,,,,,,,,,1.03,,,,,,0.46,,,,,,,,0.52,,,0.89,,,,,,1.73,,,,,,0.39,,0.92,,,,,,,,,,,,,,,,2.05
1590853669000,,,,,,,0.45,,,,,,,,,,,,,0.85,,0.40,,1.02,,,1.03,,,6.43,,,,,,0.74,,,,,,0.62,,1.52,,,,,,,,,,,,,,,,4.04
1590919824000,,,,0.64,,,5.07,,,,,,1.29,,,,,,1.83,,,,,0.51,,,6.05,,,12.65,4.06,,,,,1.70,,,,,,,,18.36,,11.31,,,,4.12,,,4.30,,,,0.42,,0.50,0.45
1590987649000,1.20,,,3.26,,,0.37,,,,,,2.37,,,,,,1.07,,,,,,,,2.26,,,2.75,,,,,,1.82,,,,,,,,0.33,,,,,,,,,,,,,,,,1.03
1591054955000,,,,,,,,,,,,,0.65,,,,,,,,,,,,,,1.25,,,0.42,,,,,,,,,,,,0.41,,3.05,,,,,,,,,1.00,,,,,,,2.42
1591122115000,,,,0.24,,,,,,,,,1.55,,1.49,,,,0.63,,,,,,,,4.12,,,2.37,,,,,,,,,,,,,,,,1.57,,,,,,,2.74,,,,,,,0.84
1591189759000,,,,,,,,,,,,1.25,,,,,,,0.75,1.67,,,,,,,0.90,,,6.18,,,,,,,,,,,,,,3.21,,1.05,,,,,,,,,,,,,0.60,0.33
1591256276000,,,,0.34,,,,,,,1.34,0.94,,0.81,,,,,1.39,,,,,,,,1.71,,,3.07,,,,,,,,,,,,,,0.09,,,,0.25,,1.38,,,,,,,,,0.77,1.89
1591323776000,,,,,,,,,,,,,,1.23,,,,,,,,,,,,,2.27,,,0.57,,,,,,2.71,,,,,,,,2.17,,1.00,,2.94,,1.99,,,,,,,,,,3.27
1591389945000,,,,,,,1.04,,,,0.65,6.07,,,,,,,,,,,,,,,0.55,,,5.65,3.05,,,,1.07,1.80,,,,,,,,1.35,,1.56,,0.36,,2.64,,,,,,,,,,7.60
1591457899000,,,,0.27,,,,,,,1.04,,,,,,,,,,,,,,,,2.56,,,5.44,3.24,,,,,,,,,,,0.87,,2.02,,,,1.08,1.02,,,,,,,,0.26,,0.78,1.35
1591524138000,,,,,,,,,,,,,,,,,,,,,,,,,,,1.44,,,2.81,2.53,,,,,0.38,,,,,,,,1.19,,,,0.24,,,,,,,,,,,1.82,1.97
1591590964000,,1.22,,0.51,,,,,,,,2.46,,,,,,,,2.75,,,,,,,0.90,,,3.39,1.44,,,,,1.45,,,,,,0.26,,5.98,,,,1.46,,6.63,,,,,,,,,0.40,1.31
1591658478000,,,,,,,,,,,1.40,,,,,,,,,,,,,,,,44.48,,,5.29,30.36,,,,,1.53,,,,,,,,65.54,,,,2.30,,2.50,,,,,,,,,0.30,0.13
1591725334000,,1.04,,,,,,,,,,1.73,,,,,,,,,,,,,,,0.64,,,3.24,1.39,,,,,0.39,,,,,,,,3.65,,,1.90,0.33,,0.67,,,,,,,,,,1.26
1591793059000,,0.83,,,,,,,,,,3.11,,,,,,,,,,,,,,,1.03,,,2.04,1.36,,,,,0.72,,,,,,,,0.93,,,,1.00,,2.27,,,,,,,,,0.66,0.81
1591859571000,,1.27,,,,,,,,,,,,,,,,,,,,,,,,,0.77,,,0.12,,,,,,,,,,,,0.30,,4.00,,,,0.43,,,,,,,,,,,,1.56
1591926628000,,0.43,,2.21,,,,,,,,1.87,,,,,,,,0.59,1.35,,,,,,4.51,,,4.93,,,,,,4.17,,,,,0.27,3.32,,2.93,,1.00,,16.96,,7.21,,,,,,,,,0.43,1.64
1591993124000,,1.11,,,,,,,,,,1.62,,,,,,,,0.62,1.21,,,,2.00,,1.26,1.70,,0.55,,,,,,1.61,,,,,,,,0.61,,1.79,,1.60,,1.92,,,,,,,,,,3.51
1592060020000,,,,,,,,,,,0.65,0.55,,,,,,,,0.11,1.40,,,,,,4.66,,,2.70,,,,,,,,,,,,,,1.44,,,0.88,4.41,,1.39,,,,,,,,,,2.27
1592126059000,,,,,,,,5.07,,,,4.47,,,,,,,,,3.33,,,1.00,,,3.06,,,5.96,,,,,,0.65,,,,,1.25,0.21,,0.07,,5.65,,5.28,,0.69,2.20,,,,5.49,,1.64,,,2.27
1592193218000,,,,,,,,1.31,,,1.69,1.22,,,,,,,,,,,,,,,4.43,,,5.84,35.05,,,,,4.21,,,,,,,,31.46,,1.00,,4.10,,1.66,,,,,,,0.88,,,2.26
1592259061000,,,,,,,,,,,,,,,,,,,,,,,,,,,1.66,,,1.87,,,,,,2.75,,,,,,,,2.90,,0.75,,5.35,,2.96,,,,,,,,,0.50,0.12
1592326391000,,,,,,,,,,,,,,,,,,,,,,,,,,,0.65,,,,,,,,,1.42,,,,,,,,1.09,,,1.33,,,0.72,,,,,,,0.86,,,0.25
1592393573000,,,,,,,,0.83,,,,3.88,,,,,,,,,,,,,,,2.92,,,,2.80,,,,,,,,,,,,,10.19,,12.52,5.04,2.18,,1.53,,,,,,,,,0.44,0.28
1592460543000,,,,,,,,1.22,,,,0.70,,,,,,,,,,,,,1.74,,4.59,,,,,,,,,1.37,,,,,,,,2.90,,1.08,5.25,0.39,,2.04,,,,,,,,,,1.35
1592527754000,,,,,,,,1.98,,,,7.69,,,,,,,,,,,,0.51,,,3.53,,,,,,,,0.98,2.66,,,,,,,,1.99,,,6.50,5.42,,1.44,,,,,,,,,,2.52
1592594022000,,,,,,,,1.08,,,,1.18,,,,,,,,,,,,,,,,,,,,,,0.86,,0.92,,,,,,,,1.02,,,3.96,1.79,,0.68,,,,,,,,,,0.01
1592661070000,,,,,,,,,,,,,,,,,,,,,,,,,,,1.23,,,,,,,,,,,,,,,,,5.17,,,3.63,,,,,,,,,,,,,2.45
1592727831000,,,,,,,,0.55,,,,,,,,,,,,,,,,,,,1.26,,,,12.65,,,,,0.71,,,,,,0.11,,15.14,,,0.70,0.92,,,,,,,,,,,,0.91
1592794125000,,,,,,,,,,,,,,,,,,,,,,,,,,,,,,,,,,,,,,,,,,,,1.06,,,0.76,,,,,,,,,,,,,0.34
1592861502000,,,,,,,,,,,,,,,,,,,,,,,,,,,,,,,,,,,,,,,,,,,,0.27,,0.79,1.96,,,,,,,,,,,,,1.72
1592927890000,,,,,,,,,,,,,,,,,,,,,,,,,,,4.27,,,,,,,,,0.76,,,,,,,,0.39,,,8.31,,,0.71,,,,,,,,,,2.00
1592995513000,,,,,,,,0.55,,,,,,0.20,,,,,,,,,,,,,2.36,,,,,,,,,,,,,,,,,0.76,,,3.80,,,,,,,,,,,,,
1593062546000,,,,,,,,,,,,,,,,,,,,,,,,,,,,,,,,,,,,,,,,,,,,1.64,,,3.29,,,0.66,,,,,,,,,,0.29
1593128647000,,,,,,,,,,,,,,,,,,,,,,,,,,,,,,,,,,,,,,,,,,,,0.99,,,0.39,,,,,,,,,,,,,0.19
1593195376000,,,,,,,,,,,,,,,,,,,,,,,,,,,,,,,,,,,,,,,,,,,,0.34,,,0.27,,,1.44,,,,,,,,,,0.35
1593262962000,,,,,,,,,,,0.65,,,,,,,,,,,,,1.41,,,5.34,,,,,,,2.06,,0.64,,,,,,,,0.51,,,1.95,0.51,,,,,,,,,,0.83,,3.05
1593330837000,,,,,,,,,,,,,,0.45,,2.22,,,,,,,,,,,2.95,,,,,,,0.60,,1.39,,,,,,,,0.24,,1.60,1.17,1.84,,0.78,,,,,,,,,,1.31
1593396882000,,,,,,,,,,,,,,,,1.00,,,,,,,,,,,0.59,,,,,,,,,,,,,,,,,0.13,,,,,,0.66,,,,,,,,,,0.67
1593464751000,0.13,,,,,,,,,,,,,,,,,,,,,,,,,,,,,,,,,,,,,,,,,,,1.06,,,0.03,0.48,,0.66,,,,,,,,,,
1593531858000,,,,,,,,0.56,,,1.06,,,,,,,,,,,,,,,,,,,,1.37,,,,,0.42,,,,,,,,0.39,,0.80,0.78,0.63,,0.67,,,,,,,,,,3.12
1593599509000,,,,,,,,,,,,,,,,,,,,,,,,,,,,,,,,,,0.65,,0.62,,,,,,,,0.53,,,0.19,0.68,,,,,,,,,,,,0.87
1593666201000,,,,,,,,,,,,,,,,,,,,,,,,,,,,,,,,,,1.86,,1.51,,,,,,,,1.04,,,0.12,,,,,,,,,,,,,1.52
1593732971000,,,,,,,,0.43,,,,,,,,,,,,,,,,,,,,,,,,,,,,,,,,,,,,0.32,,,,0.55,,1.33,,,,,,,,,,0.19
1593800162000,,,,,,,,,,,,,,,,,,,,,,,,,,,,,,,,,,2.10,,1.30,,,,,,,,0.50,,,,1.21,,,,,,,,,,,,
1593866326000,,,,,,,,0.96,,,,,,,,,,,,,,,,,,,,,,,,,,,,2.19,,,,,,,,1.40,,,2.20,2.05,,1.70,,,,,,,,,,1.00
1593933211000,,,,,,,,0.77,,,,,,,,1.00,,,,,,,,,,,,,,,,,,1.09,,,,,,,,,,0.15,,,1.02,1.23,,,,,,,,,,,,
1594000010000,,,,,,,,0.78,,,,,,,,,,,,,,,,,,,,,,,,,,,,,,,,,,,,2.34,,,0.04,,,0.74,,,,,,,,,,0.36
1594067228000,,,,,,,,1.22,,,,,,,,,,,,,,,,,,,,,,,,,,0.74,,,,,,,,,,1.88,,,1.46,,,,,,,,,,,,,
