timestamp,​0x85C5c26DC2aF5546341Fc1988B9d178148b4838B,​0xc095976BD18181f28626c5D48372DebD7a8Ce8d4,​0xAE320fFE3236062aC23450AA9840FB4cE168a715,​0xc640caba272414689b21EbCd60d97b912359504D,​0xA2345C7DB212Ab9c478B1C206fB9b14C0E7c11C7,​0xBb1e599e15f2bf248732ef060cadFFeB6363cC4C,​0x216f2541F4B612218A2fE17c75a89FACE8F86835,​0xb146907392eD12031F7715B0376833E3f7C5b98c,​0xB9A8dEae8115C7d7B8AED2CE4610C54e023E964F,​0x908D676fC76864d3A1Aa161d9D581BF74Bf7b686,​0x00A2aEbC7E233cd2fFE5AB5856F90f0ad2Fa3CcD,​0xeE7D3AB62ED70A2Fe0b754Ec0936eD1db1e298C3,​0x299FfD25C093dFC277Ca553D0ae885fba8a81cfA,​0xdA56a88175D4c8707C51DF845f838cF3fE070870,​0xA10C7E2BE90ae50f4276955890035495E3eF7768,​0xd766C35684da0A61434842edB2A43B7f0C7161e2,​0x736f1536CFd66AE3E27F6d62c67a9D9d9A431326,​0x397d34604F2b2227F4fb0bFEC2e48D4E85C5aA67,​0x54bc3fE4E8C377246aCd5b4c25705c1b4324e859,​0xB958a8f59AC6145851729F73c7A6968311d8B633,​0x90D1E63Fd61BeDEE4447Ca9398d0d15cdBd4dd42,​0xA5975974cAc3fEfd831E42BDd2fe84cb5eE3B3De,​0xf03DF965490882583018c64fD41fA82D7DeE032F,​0xD1b3dB7201D8C0c320aEe20E1a106c9b0812057d,​0x986748F2eec2f0BEC5a85FBaC06F982ee4a91281,​0xD67E097A365AEdDC59aFbaDCADdaE9AD57552698,​0xC4b2C58EdC2de7628A706b9e8B67264F1d43c6BB,​0x2a1530C4C41db0B0b2bB646CB5Eb1A67b7158667,​0x7059010320d07a47d2Ad54db88bB89Ea644C3e6F,​0xF63246f4dF508EBa748DF25DAA8bd96816a668Ba,​0x00CeD7a739e418008eEaeA4b566F022A58033d87,​0x0000000000C90bc353314b6911180ED7E06019A9,​0x4a243aacbf35be0F4E9fbF254D25E4a01847B99D,​0x37A7D5A1951c0B234156a1e25e94AB90a668C39e,​0xF4aDb9BA51Fde3EaeE89Ce9A60E99992611849fD,​0x11111254369792b2Ca5d084aB5eEA397cA8fa48B,​0xEC11362CeC810985d0EBbd7b73451444985b369F,​0x46188f0bB4928E3d851Ec8E70CFEd58f17C7D2C8,​0xeD3fcdfA52464A97C60668e61A7739a54F099905,​0xa5c309ae3260dAB04BA1E94325a543D01772161D,​0x709C59829A5EA6783bbfA56C5C267fd71A0F214e,​0x6459B8F7454670B9aba9E009cf468b7d99103e17,​0xa96dbFd3Ef810dd8D13c330a3881E7e9C2aEb6dd,​0x1c7ABF4fe3891f01048Dc3A6Cce2Fa272AAfb8C0,​0x03882e4Dc1B6d5521B3403cb686D5B9b0157daBd,​0x3Ed3487EC330f4FF0793B7abab9DD0da040851A0,​0x8dDDde2F6094ce6b365eb186AAaFE22af3b137F5,​0x6e316492eD3d5Cba0d8940babC589989D7F59193,​0x2d9E7f7887BB496592430ef62400dd9007925b88,​0xB3EF5A313a4522243108f2EC827709A9948be905,​0x839E279E912416EBE17860319F177cB10A145070,​0x000000001e29fcd9B1469a7954DC65ff254FFfC0,​0x90a3D8C8a9247e409F455C4F7DC4092596C223A2,​0x8018280076d7fA2cAa1147e441352E8a89e1DDbe,​0x09cabEC1eAd1c0Ba254B09efb3EE13841712bE14,​0xe8EfCF0ff27e9D2150598273716914096d22c246,​0x409B512e1cf94500877C5353B2a0C13B2d24914F,​0x0EeE7bcE7D0A676794fb8186AF5DBe7b6713806a,​0x2C38b7622241958DC0A097D405c468a9176418A3,​0x6794471ebC084A4ca462C506AfEaBb93d9657c25,​0xb174Ef1aA446998cf6156Fba8664cEEddd7fB211,​0xB1dEbeF06e45178F53CD15741e21163461D30FFC,​0xf417D6846c654EcDC5D6C2e65811F984B4dEF9a3,​0x0A7EAEE9d588C0af4eAC758c3bd6b1E69e4d8f3B,​0x32Cd1F7BdaE90B87E9b58d25d2ef7b09f6A9B548,​0x749572A17718B4E8D6d25A5A8F169378E63b2E59,​0x00923B9a074762B93650716333B3E1473A15048e,​0xF44B52C11b1c800722E8fDF4aa7F3076339E73c4,​0xCA2AA37436c0Ca460476221590eE4573B21dF42E,​0xBDd74e67f0f5729b3eAD8e9C231e739A281fa153,​0x31fA3643F5CEF78C1790d494d7E3F2a59E2ad0c4,​0xEBf19DFd70600d8D7001d0Df329CA7a56d5DCcbF,​0x107B8C8a12f24f6bfec6aB480B4C843291e1575e,​0x0aF6a3c73d0a132333562a3906ae6335783a2b3a,​0x78e8c455c998D5A023ce5df5296702bEad0b4cd1,​0x9bd19fE06E5906d22Ed30bbd0578B664d222877F,Other
1541987229000,,,,,,,,,,,,,,,,,,,,,,,,,,,,,,,,,,,,,,,,,,,,,,,,,,,,,,,,,,,,,,,,,,,,,,,,,,,,,0.00
1542129179000,,,,,,,,,,,,,,,,,,,,,,,,,,,,,,,,,,,,,,,,,,,,,,,,,,,,,,,,,,,,,,,,,,,,,,,,,,,,,0.00
1542200038000,,,,,,,,,,,,,,,,,,,,,,,,,,,,,,,,,,,,,,,,,,,,0.99,,,,,,,,,,,,,,,,,,,,,,,,,,,,,,,,,
1542270610000,,,,,,,,,,,,,,,,,,,,,,,,,,,,,,,,,,,,,,,,,,,,6.42,,,,,,,,,,,,,,,,,,,,,,,,,,,,,,,,,0.00
1542341124000,,,,,,,,,,,,,,,,,,,,,,,,,,,,,,,,,,,,,,,,,,,,2.97,,,,,,,,,,,,,,,,,,,,,,,,,,,,,,,,,
1542482550000,,,,,,,,,,,,,,,,,,,,,,,,,,,,,,,,,,,,,,,,,,,,0.99,,,,,,,,,,,,,,,,,,,,,,,,,,,,,,,,,
1542623314000,,,,,,,,,,,,,,,,,,,,,,,,,,,,,,,,,,,,,,,,,,,,1.98,,,,,,,,,,,,,,,,,,,,,,,,,,,,,,,,,
1542695059000,,,,,,,,,,,,,,,,,,,,,,,,,,,,,,,,,,,,,,,,,,,,3.96,,,,,,,,,,,,,,,,,,,,,,,,,,,,,,,,,
1542766416000,,,,,,,,,,,,,,,,,,,,,,,,,,,,,,,,,,,,,,,,,,,,7.41,,,,,,,,,,,,,,,,,,,,,,,,,,,,,,,,,
1542837640000,,,,,,,,,,,,,,,,,,,,,,,,,,,,,,,,,,,,,,,,,,,,1.00,,,,,,,,,,,,,,,,,,,,,,,,,,,,,,,,,
1542908721000,,,,,,,,,,,,,,,,,,,,,,,,,,,,,,,,,,,,,,,,,,,,2.50,,,,,,,,,,,,,,,,,,,,,,,,,,,,,,,,,
1542979249000,,,,,,,,,,,,,,,,,,,,,,,,,,,,,,,,,,,,,,,,,,,,4.51,,,,,,,,,,,,,,,,,,,,,,,,,,,,,,,,,0.10
1543120048000,,,,,,,,,,,,,,,,,,,,,,,,,,,,,,,,,,,,,,,,,,,5.42,,,,,,,,,,,,,,,,,,,,,,,,,,,,,,,,,,
1543476363000,,,,,,,,,,,,,,,,,,,,,,,,,,,,,,,,,,,,,,,,,,,32.40,,,,,,,,,,,,,,,,,,,,,,,,,,,,,,,,,,
1543547699000,1.76,,,,,,,,,,,,,,,,,,,,,,,,,,,,,,,,,,,,,,,,,,,,,,,,,,,,,,,,,,,,,,,,,,,,,,,,,,,,
1543618808000,3.51,,,,,,,,,,,,,,,,,,,,,,,,,,,,,,,,,,,,,,,,,,0.52,,,,,,,,,,,,,,,,,,,,,,,,,,,,,,,,,,
1543833579000,0.75,,,,,,,,,,,,,,,,,,,,,,,,,,,,,,,,,,,,,,,,,,,,,,,,,,,,,,,,,,,,,,,,,,,,,,,,,,,,
1543904618000,1.25,,,,,,,,,,,,,,,,,,,,,,,,,,,,,,,,,,,,,,,,,,,,,,,,,,,,,,,,,,,,,,,,,,,,,,,,,,,,
1544119637000,2.00,,,,,,,,,,,,,,,,,,,,,,,,,,,,,,,,,,,,,,,,,,,,,,,,,,,,,,,,,,,,,,,,,,,,,,,,,,,,
1544263439000,1.76,,,,,,,,,,,,,,,,,,,,,,,,,,,,,,,,,,,,,,,,,,,,,,,,,,,,,,,,,,,,,,,,,,,,,,,,,,,,
1544405011000,2.75,,,,,,,,,,,,,,,,,,,,,,,,,,,,,,,,,,,,,,,,,,,,,,,,,,,,,,,,,,,,,,,,,,,,,,,,,,,,
1544475718000,0.50,,,,,,,,,,,,,,,,,,,,,,,,,,,,,,,,,,,,,,,,,,,,,,,,,,,,,,,,,,,,,,,,,,,,,,,,,,,,
1544547488000,3.26,,,,,,,,,,,,,,,,,,,,,,,,,,,,,,,,,,,,,,,,,,,,,,,,,,,,,,,,,,,,,,,,,,,,,,,,,,,,
1544618822000,0.06,,,,,,,,,,,,,,,,,,,,,,,,,,,,,,,,,,,,,,,,,,,,,,,,,,,,,,,,,,,,,,,,,,,,,,,,,,,,
1544761330000,3.60,,,,,,,,,,,,,,,,,,,,,,,,,,,,,,,,,,,,,,,,,,,,,,,,,,,,,,,,,,,,,,,,,,3.10,,,,,,,,,,0.00
1544832405000,,,,,,,,,,,,,,,,,,,,,,,,,,,,,,,,,,,,,,,,,,,,,,,,,,,,,,,,,,,,,,,,,,,2.32,,,,,,,,,,
1544974705000,,,,,,,,,,,,,,,,,,,,,,,,,,,,,,,,,,,,,,,,,,,,,,,,,,,,,,,,,,,,,,,,,,,1.77,,,,,,,,,,
1545047794000,,,,,,,,,,,,,,,,,,,,,,,,,,,,,,,,,,,,,,,,,,,,,,,,,,,,,,,,,,,,,,,,,,,2.99,,,,,,,,,,
1545121062000,,,,,,,,,,,,,,,,,,,,,,,,,,,,,,,,,,,,,,,,,,,,,,,,,,,,,,,,,,,,,,,,,,,3.00,,,,,,,,,,
1545194042000,,,,,,,,,,,,,,,,,,,,,,,,,,,,,,,,,,,,,,,,,,,,,,,,,,,,,,,0.01,,,,,,,,,,,,4.99,,,,,,,,,,
1545268401000,,,,,,,,,,,,,,,,,,,,,,,,,,,,,,,,,,,,,,,,,,,,,,,,,,,,,,,,,,,,,,,,,,,17.77,,,,,,,,,,
1545342023000,,,,,,,,,,,,,,,,,,,,,,,,,,,,,,,,,,,,,,,,,,,,,,,,,,,,,,,,,,,,,,,,,,,8.27,,,,,,,,,,
1545415730000,,,,,,,,,,,,,,,,,,,,,,,,,,,,,,,,,,,,,,,,,,,,,,,,,,,,,,,,,,,,,,,,,,,5.11,,,,,,,,,,0.00
1545489450000,0.42,,,,,,,,,,,,,,,,,,,,,,,,,,,,,,,,,,,,,,,,,,,,,,,,,,,,,,,,,,,,,,,,,,5.75,,,,,,,,,,0.11
1545562634000,3.44,,,,,,,,,,,,,,,,,,,,,,,,,,,,,,,,,,,,,,,,,,,,,,,,,,,,,,,,,,,,,,,,,,0.63,,,,,,,,,,
1545636119000,2.01,,,,,,,,,,,,,,,,,,,,,,,,,,,,,,,,,,,,,,,,,,2.44,,,,,,,,,,,,,,,,,,,,,,,,,,,,,,,,,,
1545708423000,,,,,,,,,,,,,,,,,,,,,,,,,,,,,,,,,,,,,,,,,,,,,,,,,,,,,,,,,,,,,,,,,,,8.59,,,,,,,,,,
1545781311000,0.02,,,,,,,,,,,,,,,,,,,,,,,,,,,,,,,,,,,,,,,,,,,,,,,,,,,,,,,,,,,,,,,,,,8.19,,,,,,,,,,0.00
1545853370000,1.00,,,,,,,,,,,,,,,,,,,,,,,,,,,,,,,,,,,,,,,,,,,,,,,,,,,,,,,,,,,,,,,,,,1.00,,,,,,,,,,
1545927395000,,,,,,,,,,,,,,,,,,,,,,,,,,,,,,,,,,,,,,,,,,,,,,,,,,,,,,,,,,,,,,,,,,,4.99,,,,,,,,,,
1546000562000,,,,,,,,,,,,,,,,,,,,,,,,,,,,,,,,,,,,,,,,,,,,,,,,,,,,,,,,,,,,,,,,,,,8.79,,,,,,,,,,0.04
1546073485000,1.00,,,,,,,,,,,,,,,,,,,,,,,,,,,,,,,,,,,,,,,,,,,,,,,,,,,,,,,,,,,,,,,,,,,,,,,,,,,,0.04
1546145827000,2.51,,,,,,,,,,,,,,,,,,,,,,,,,,,,,,,,,,,,,,,,,,,,,,,,,,,,,,,,,,,,,,,,,,,,,,,,,,,,0.00
1546365675000,0.75,,,,,,,,,,,,,,,,,,,,,,,,,,,,,,,,,,,,,,,,,,,,,,,,,,,,,,,,,,,,,,,,,,,,,,,,,,,,
1546438572000,1.76,,,,,,,,,,,,,,,,,,,,,,,,,,,,,,,,,,,,,,,,,,1.98,,,,,,,,,,,,0.00,,,,,,,,,,,,,,,,,,,,,,
1546513937000,0.04,,,,,,,,,,,,,,,,,,,,,,,,,,,,,,,,,,,,,,,,,,0.07,,,,,,,,,,,,,,,,,,,,,,,,1.00,,,,,,,,,,0.76
1546591053000,,,,,,,,,,,,,,,,,,,,,,,,,,,,,,,,,,,,,,,,,,,,,,,,,,,,,,,,,,,,,,,,,,,1.00,,,,,,,,,,
1546669576000,,,,,,,,,,,,,,,,,,,,,,,,,,,,,,,,,,,,,,,,,,,,,,,,,,,,,,,,,,,,,,,,,,,5.99,,,,,,,,,,
1546745738000,,,,,,,,,,,,,,,,,,,,,,,,,,,,,,,,,,,,,,,,,,,,,,,,,,,,,,,,,,,,,,,,,,,6.56,,,,,,,,,,
1546823093000,,,,,,,,,,,,,,,,,,,,,,,,,,,,,,,,,,,,,,,,,,,,,,,,,,,,,,,,,,,,,,,,,,,1.00,,,,,,,,,,
1546899613000,1.54,,,,,,,,,,,,,,,,,,,,,,,,,,,,,,,,,,,,,,,,,,0.24,,,,,,,,,,,,,,,,,,,,,,,,13.46,,,,,,,,,,
1546978150000,,,,,,,,,,,,,,,,,,,,,,,,,,,,,,,,,,,,,,,,,,,,,,,,,,,,,,,,,,,,,,,,,,,,,,,,,,,,,0.10
1547132534000,,,,,,,,,,,,,,,,,,,,,,,,,,,,,,,,,,,,,,,,,,,,,,,,,,,,,,,,,,,,,,,,,,,2.00,,,,,,,,,,0.10
1547210059000,,,,,,,,,,,,,,,,,,,,,,,,,,,,,,,,,,,,,,,,,,,,,,,,,,,,,,,,,,,,,,,,,,,1.00,,,,,,,,,,
1547364620000,,,,,,,,,,,,,,,,,,,,,,,,,,,,,,,,,,,,,,,,,,,,,,,,,,,,,,,,,,,,,,,,,,,1.00,,,,,,,,,,
1547441816000,0.34,,,,,,,,,,,,,,,,,,,,,,,,,,,,,,,,,,,,,,,,,,,,,,,,,,,,,,,,,,,,,,,,,,1.53,,,,,,,,,,
1547518339000,,,,,,,,,,,,,,,,,,,,,,,,,,,,,,,,,,,,,,,,,,,,,,,,,,,,,,,,,,,,,,,,,,,3.23,,,,,,,,,,0.07
1547595530000,,,,,,,,,,,,,,,,,,,,,,,,,,,,,,,,,,,,,,,,,,,,,,,,,,,,,,,,,,,,,,,,,,,2.10,,,,,,,,,,
1547673644000,,,,,,,,,,,,,,,,,,,,,,,,,,,,,,,,,,,,,,,,,,,0.75,,,,,,,,,,,,,,,,,,,,,,,,5.11,,,,,,,,,,0.20
1547751054000,,,,,,,,,,,,,,,,,,,,,,,,,,,,,,,,,,,,,,,,,,,,,,,,,,,,,,,,,,,,,,,,,,,6.53,,,,,,,,,,
1547828619000,,,,,,,,,,,,,,,,,,,,,,,,,,,,,,,,,,,,,,,,,,,,,,,,,,,,,,,,,,,,,,,,,,,2.41,,,,,,,,,,0.09
1547904215000,,,,,,,,,,,,,,,,,,,,,,,,,,,,,,,,,,,,,,,,,,,,,,,,,,,,,,,,,,,,,,,,,,,1.00,,,,,,,,,,0.02
1547981162000,,,,,,,,,,,,,,,,,,,,,,,,,,,,,,,,,,,,,,,,,,,1.75,,,,,,,,,,,,,,,,,,,,,,,,2.00,,,,,,,,,,
1548061637000,,,,,,,,,,,,,,,,,,,,,,,,,,,,,,,,,,,,,,,,,,,0.75,,,,,,,,,,,,,,,,,,,,,,,,3.12,,,,,,,,,,
1548146240000,6.50,,,,,,,,,,,,,,,,,,,,,,,,,,,,,,,,,,,,,,,,,,3.50,,,,,,,,,,,,,,,,,,,,,,,,11.49,,,,,,,,,,
1548232784000,0.25,,,,,,,,,,,,,,,,,,,,,,,,,,,,,,,,,,,,,,,,,,,,,,,,,,,,,,,,,,,,,,,,,,8.77,,,,,,,,,,0.00
1548317720000,,,,,,,,,,,,,,,,,,,,,,,,,,,,,,,,,,,,,,,,,,,,,,,,,,,,,,,0.00,,,,,,,,,,,,3.24,,,,,,,,,,0.18
1548402864000,,,,,,,,,,,,,,,,,,,,,,,,,,,,,,,,,,,,,,,,,,,,,,,,,,,,,,,,,,,,,,,,,,,3.33,,,,,,,,,,0.00
1548487485000,2.01,,,,,,,,,,,,,,,,,,,,,,,,,,,,,,,,,,,,,,,,,,,,,,,,,,,,,,,,,,,,,,,,,,2.82,,,,,,,,,,
1548573526000,,,,,,,,,,,,,,,,,,,,,,,,,,,,,,,,,,,,,,,,,,,,,,,,,,,,,,,,,,,,,,,,,,,4.13,,,,,,,,,,1.00
1548660153000,,,,,,,,,,,,,,,,,,,,,,,,,,,,,,,,,,,,,,,,,,,,,,,,,,,,,,,,,,,,,,,,,,,3.13,,,,,,,,,,
1548748418000,,,,,,,,,,,,,,,,,,,,,,,,,,,,,,,,,,,,,,,,,,,,,,,,,,,,,,,,,,,,,,,,,,,2.22,,,,,,,,,,
1548837025000,,,,,,,,,,,,,,,,,,,,,,,,,,,,,,,,,,,,,,,,,,,,,,,,,,,,,,,,,,,,,,,,,,,2.69,,,,,,,,,,0.89
1548924193000,,,,,,,,,,,,,,,,,,,,,,,,,,,,,,,,,,,,,,,,,,,,,,,,,,,,,,,,,,,,,,,,,,,4.23,,,,,,,,,,0.00
1549012454000,,,,,,,,,,,,,,,,,,,,,,,,,,,,,,,,,,,,,,,,,,,,,,,,,,,,,,,,,,,,,,,,,,,2.85,,,,,,,,,,
1549101725000,,,,,,,,,,,,,,,,,,,,,,,,,,,,,,,,,,,,,,,,,,,,,,,,,,,,,,,,,,,,,,,,,,,,,,,,,,,,,0.08
1549189411000,,,,,,,,,,,,,,,,,,,,,,,,,,,,,,,,,,,,,,,,,,,,,,,,,,,,,,,,,,,,,,,,,,,2.09,,,,,,,,,,0.03
1549277128000,,,,,,,,,,,,,,,,,,,,,,,,,,,,,,,,,,,,,,,,,,,,,,,,,,,,,,,,,,,,,,,,,,,12.36,,,,,,,,,,0.02
1549364548000,,,,,,,,,,,,,,,,,,,,,,,,,,,,,,,,,,,,,,,,,,,,,,,,,,,,,,,,,,,,,,,,,,,1.00,,,,,,,,,,
1549452970000,,,,,,,,,,,,,,,,,,,,,,,,,,,,,,,,,,,,,,,,,,,,,,,,,,,,,,,,,,,,,,,,,,,5.53,,,,,,,,,,
1549541642000,,,,,,,,,,,,,,,,,,,,,,,,,,,,,,,,,,,,,,,,,,,,,,,,,,,,,,,,,,,,,,,,,,,1.01,,,,,,,,,,
1549628950000,1.50,,,,,,,,,,,,,,,,,4.10,,,,,,,,,,,,,,,,,,,,,,,,,,,,,,,,,,,,,,,,,,,,,,,,,,,,,,,,,,,1.73
1549717506000,,,,,,,,,,,,,,,,,,,,,,,,,,,,,,,,,,,,,,,,,,,,,,,,,,,,,,,,,,,,,,,,,,,2.03,,,,,,,,,,0.03
1549810793000,,,,,,,,,,,,,,,,,,,,,,,,,,,,,,,,,,,,,,,,,,,1.25,,,,,,,,,,,,,,,,,,,,,,,,,,,,,,,,,,
1549913781000,1.25,,,,,,,,,,,,,,,,,,,,,,,,,,,,,,,,,,,,,,,,,,,,,,,,,,,,,,,,,,,,,,,,,,,,,,,,,,,,
1550015706000,,,,,,,,,,,,,,,,,,,,,,,,,,,,,,,,,,,,,,,,,,,,,,,,,,,,,,,0.07,,,,,,,,,,,,,,,,,,,,,,0.21
1550119035000,0.60,,,,,,,,,,,,,,,,,,,,,,,,,,,,,,,,,,,,,,,,,,,,,,,,,,,,,,,,,,,,,,,,,,,,,,,,,,,,
1550223641000,5.81,,,,,,,,,,,,,,,,,,,,,,,,,,,,,,,,,,,,,,,,,,,,,,,,,,,,,,9.34,,,,,,,,,,,,,,,,,,,,,,3.60
1550326685000,,,,,,,,,,,,,,,,,,,,,,,,,,,,,,,,,,,,,,,,,,,,,,,,,,,,,,,,,,,,,,,,,,,,,,,,,,,,,1.00
1550429585000,1.38,,,,,,,,,,,,,,,,,,0.45,,,,,,,,,,,,,,,,,,,,,,,,,,,,,,,,,,,,,,,,,,,,,,,,5.20,,6.99,,,,,,,,1.99
1550532875000,,,,,,,,,,,,,,,,,,,,,,,,,,,,,,,,,,,,,,,,,,,,,,,,,,,,,,,,,,,,,,,,,,,4.05,,,,,,,,,,0.35
1550633598000,,,,,,,,,,,,,,,,,,,0.72,,,,,,,,,,,,,,,,,,,,,,,,,,,,,,,,,,,,,,,,,,,,,,,,1.00,,,,,,,,,,0.36
1550735511000,0.25,,,,,,,,,,,,,,,,,,0.62,,,,,,,,,,,,,,,,,,,,,,,,,,,,,,,,,,,,,,,,,,,,,,,,2.01,,,,,,,,,,0.05
1550837309000,,,,,,,,,,,,,,,,,,,,,,,,,,,,,,,,,,,,,,,,,,,,,,,,,,,,,,,,,,,,,,,,,,,1.42,,,,,,,,,,
1551038450000,0.75,,,,,,,,,,,,,,,,,,,,,,,,,,,,,,,,,,,,,,,,,,,,,,,,,,,,,,,,,,,,,,,,,,4.45,,,,,,,,,,
1551140412000,,,,,,,,,,,,,,,,,,,,,,,,,,,,,,,,,,,,,,,,,,,,,,,,,,,,,,,,,,,,,,,,,,,3.01,,,,,,,,,,0.81
1551242071000,,,,,,,,,,,,,,,,,,,1.81,,,,,,,,,,,,,,,,,,,,,,,,,,,,,,,,,,,,,,,,,,,,,,,,3.00,,,,,,,,,,0.00
1551342768000,,,,,,,,,,,,,,,,,,,,,,,,,,,,,,,,,,,,,,,,,,,,,,,,,,,,,,,,,,,,,,,,,,,,,,,,,,,,,0.07
1551431102000,,,,,,,,,,,,,,,,,,,,,,,,,,,,,,,,,,,,,,,,,,,,,,,,,,,,,,,,,,,,,,,,,,,1.01,,,,,,,,,,0.13
1551500225000,,,,,,,,,,,,,,,,,,,,,,,,,,,,,,,,,,,,,,,,,,,,,,,,,,,,,,,,,,,,,,,,,,,1.00,,,,,,,,,,0.21
1551568203000,2.05,,,,,,,,,,,,,,,,,,,,,,,,,,,,,,,,,,,,,,,,,,,,,,,,,,,,,,,,,,,,,,,,,,,,,,,,,,,,
1551635562000,2.15,,,,,,,,,,,,,,,,,,,,,,,,,,,,,,,,,,,,,,,,,,,,,,,,,,,,,,,,,,,,,,,,,,,,,,,,,,,,
1551703372000,2.00,,,,,,,,,,,,,,,,,,,,,,,,,,,,,,,,,,,,,,,,,,1.38,,,,,,,,,,,,,,,,,,,,,,,,1.41,,,,,,,,,,0.12
1551770679000,4.25,,,,,,,,,,,,,,,,,,,,,,,,,,,,,,,,,,,,,,,,,,,,,,,,,,,,,,,,,,,,,,,,,,2.00,,,,,,,,,,1.47
1551838168000,,,,,,,,,,,,,,,,,,,,,,,,,,,,,,,,,,,,,,,,,,,,,,,,,,,,,,,,,,,,,,,,,,,7.47,,,,,,,,,,0.11
1551905102000,,,,,,,,,,,,,,,,,,,,,,,,,,,,,,,,,,,,,,,,,,,,,,,,,,,,,,,,,,,,,,,,,,,3.00,,,,,,,,,,0.28
1551973041000,,,,,,,,,,,,,,,,,,,,,,,,,,,,,,,,,,,,,,,,,,,,,,,,,,,,,,,,,,,,,,,,,,,1.00,,,,,,,,,,
1552039745000,,,,,,,,,,,,,,,,,,,,,,,,,,,,,,,,,,,,,,,,,,,,,,,,,,,,,,,,,,,,,,,,,,,,,,,,,,,,,0.00
1552108151000,1.25,,,,,,,,,,,,,,,,,,,,,,,,,,,,,,,,,,,,,,,,,,,,,,,,,,,,,,,,,,,,,,,,,,,,,,,,,,,,0.02
1552175208000,,,,,,,,,,,,,,,,,,,0.01,,,,,,,,,,,,,,,,,,,,,,,,,,,,,,,,,,,,,,,,,,,,,,,,1.00,,,,,,,,,,
1552241652000,1.25,,,,,,,,,,,,,,,,,,4.08,,,,,,,,,,,,,,,,,,,,,,,,,,,,,,,,,,,,,,,,,,,,,,,,1.02,3.00,,,,,,,,,
1552309136000,,,,,,,,,,,,,,,,,,,0.02,,,,,,,,,,,,,,,,,,,,,,,,,,,,,,,,,,,,,,,,,,,,,,,,,,,,,,,,,,
1552376359000,,,,,,,,,,,,,,,,,,,,,,,,,,,,,,,,,,,,,,,,,,,,,,,,,,,,,,,,,,,,,,,,,,,1.00,,,,,,,,,,
1552443118000,1.71,,,,,,,,,,,,6.50,,,,,,6.04,,,,,,,,,,,,,,,,,,,,,,,,,,0.03,,,,,,,,,,,,,,,,,,,,,,5.17,1.50,,,,,,,,,0.56
1552510965000,0.70,,,,,,,,,,,,,,,,,,,,,,,,,,,,,,,,,,,,,,,,,,,,,,,,,,,,,,,,,,,,,,,,,,11.93,,,,,,,,,,
1552578457000,2.20,,,,,,,,,,,,,,,,,,,,,,,,,,,,,,,,,,,,,,,,,,,,0.17,,,,,,,,,,,,,,,,,,,,,,6.65,,,,,,,,,,
1552645085000,,,,,,,,,,,,,,,,,,,,,,,,,,,,,,,,,,,,,,,,,,,,,3.03,,,,,,,,,,,,,,,,,,,,,,2.36,,,,,,,,,,
1552712032000,,,,,,,,,,,,,,,,,,,,,,,,,,,,,,,,,,,,,,,,,,,1.83,,,,,,,,,,,,,,,,,,,,,,,,,,,,,,,,,,
1552778665000,,,,,,,,,,,,,,,,,,,,,,,,,,,,,,,,,,,,,,,,,,,,,,,,,,,,,,,,,,,,,,,,,,,3.02,,,,,,,,,,
1552845464000,,,,,,,,,,,,,,,,,,,,,,,,,,,,,,,,,,,,,,,,,,,,,,,,,,,,,,,0.59,,,,,,,,,,,,,,,,,,,,,,
1552913957000,,,,,,,,,,,,,,,,,,,,,,,,,,,,,,,,,,,,,,,,,,,,,,,,,,,,,,,,,,,,,,,,,,,0.99,,,,,,,,,,0.40
1552981368000,,,,,,,,,,,,,,,,,,,4.56,,,,,,,,,,,,,,,,,,,,,,,,,,,,,,,,,,,,,,,,,,,,,,,,,1.50,,,,,,,,,1.61
1553115278000,,,,,,,,,,,,,,,,,,,,,,,,,,,,,,,,,,,,,,,,,,,,,,,,,,,,,,,,,,,,,,,,,,,1.00,,,,,,,,,,
1553183074000,,,,,,,,,,,,,,,,,,,,,,,,,,,,,,,,,,,,,,,,,,,,,,,,,,,,,,,,,,,,,,,,,,,1.00,,,,,,,,,,
1553250112000,,,,,,,,,,,,,,,,,,,,,,,,,,,,,,,,,,,,,,,,,,,,,,,,,,,,,,,,,,,,,,,,,,,,,,,,,,,,,0.00
1553317511000,,,,,,,,,,,,,,,,,,,4.59,,,,,,,,,,,,,,,,,,,,,,,,,,,,,,,,,,,,,,,,,,,,,,,,,1.50,,,,,,,,,
1553586275000,,,,,,,,,,,,,,,,,,,,,,,,,,,,,,,,,,,,,,,,,,,,,,,,,,,,,,,,,,,,,,,,,,,2.00,,,,,,,,,,
1553654855000,,,,,,,,,,,,,,,,,,,,,,,,,,,,,,,,,,,,,,,,,,,,,,,,,,,,,,,,,,,,,,,,,,,6.01,,,,,,,,,,0.35
1553721327000,,,,,,,,,,,,,,,,,,,4.65,,,,,,,,,,,,,,,,,,,,,,,,,,,,,,,,,,,,0.13,,,,,,,,,,,,9.07,,,,,,,,,,1.00
1553789263000,,,,,,,,,,,,,,,,,,,,,,,,,,,,,,,,,,,,,,,,,,,,,,,,,,,,,,,,,,,,,,,,,,,1.90,,,,,,,,,,
1553856960000,,,,,,,,,,,,,,,,,,,,,,,,,,,,,,,,,,,,,,,,,,,,,,,,,,,,,,,,,,,,,,,,,,,4.13,,,,,,,,,,0.04
1553924945000,,,,,,,,,,,,,,,,,,,,,,,,,,,,,,,,,,,,,,,,,,,,,,,,,,,,,,,,,,,,,,,,,,,0.86,,,,,,,,,,0.09
1553992486000,,,,,,,,,,,,,,,,,,,,,,,,,,,,,,,,,,,,,,,,,,,,,,,,,,,,,,,,,,,,,,,,,,,3.00,,,,,,,,,,
1554060309000,0.75,,,,,,,,,,,,,,,,,,,,,,,,,,,,,,,,,,,,,,,,,,,,,,,,,,,,,,,,,,,,,,,,,,2.00,,,,,,,,,,
1554127394000,,,,,,,,,,,,,,,,,,,,,,,,,,,,,,,,,,,,,,,,,,,,,,,,,,,,,,,,,,,,,,,,,,,1.32,,,,,,,,,,0.24
1554195576000,0.75,,,,,,,,,,,,,,,,,,,,,,,,,,,,,,,,,,,,,,,,,,,,,,,,,,,,,,,,,,,,,,,,,,2.42,,,,,,,,,,0.09
1554262735000,0.70,,,,,,,,,,,,,,,,,,,,,,,,,,,,,,,,,,,,,,,,,,,,,,,,,,,,,,,,,,,,,,,,,,5.31,,,,,,,,,,0.01
1554331280000,2.41,,,,,,,,,,,,,,,,,,,,,,,,,,,,,,,,,,,,,,,,,,,,,,,,,,,,,,,,,,,,,,,,,,2.00,,,,,,,,,,
1554398543000,0.37,,,,,,,,,,,,,,,,,,,,,,,,,,,,,,,,,,,,,,,,,,,,,,,,,,,,,,,,,,,,,,,,,,5.01,,,,,,,,,,
1554466199000,,,,,,,,,,,,,,,,,,,,,,,,,,,,,,,,,,,,,,,,,,,,,,,,,,,,,,,,,,,,,,,,,,,4.72,,,,,,,,,,
1554532618000,0.80,,,,,,,,,,,,,,,,,,,,,,,,,,,,,,,,,,,,,,,,,,,,,,,,,,,,,,,,,,,,,,,,,,,,,,,,,,,,
1554599495000,0.65,,,,,,,,,,,,,,,,,,,,,,,,,,,,,,,,,,,,,,,,,,,,,,,,,,,,,,,,,,,,,,,,,,5.71,,,,,,,,,,
1554666574000,,,,,,,,,,,,,,,,,,,2.48,,,,,,,,,,,,,0.77,,,,,,,,,,,,,4.29,,,,,,,,,,,,,,,,,,,,,,2.05,,,2.43,,,,,,,
1554733845000,0.65,,,,,,,,,,,,,,,,,,,,,,,,,,,,,,,5.54,,,,,,,,,,,,,,,,,,,,,,,,,,,,,,,,,,,2.04,,,,,,,,,,2.31
1554800647000,,,,,,,,,,,,,,,,,,,,,,,,,,,,,,,,,,,,,,,,,,,,,,,,,,,,,,,,,,,,,,,,,,,2.00,,,,,,,,,,
1554867921000,,,,,,,,,,,,,,,,,,,2.11,,,,,,,,,,,,,,,,,,,,,,,,,,,,,,,,,,,,,1.40,,,,,,,,,,,4.01,,,2.12,,,,,,,2.28
1554934968000,0.31,,,,,,,,,,,,,,,,,,,,,,,,,,,,,,,1.00,,,,,,,,,,,,,,,,,,,,,,,,,,,,,,,,,,,3.97,,,,,,,,,,0.49
1555002718000,,,,,,,,,,,,,,,,,,,,,,,,,,,,,,,,,,,,,,,,,,,,,,,,,,,,,,,,,,,,,,,,,,,1.99,,,,,,,,,,0.96
1555070200000,0.11,,,,,,,,,,,,,,,,,,,,,,,,,,,,,,,,,,,,,,,,,,,,,,,,,,,,,,,,,,,,,,,,,,,,,,,,,,,,0.80
1555136518000,,,,,,,,,,,,,,,,,,,,,,,,,,,,,,,,,,,,,,,,,,,,,,,,,,,,,,,,,,,,,,,,,,,1.00,,,,,,,,,,0.32
1555203091000,0.65,,,,,,,,,,,,,,,,,,,,,,,,,,,,,,,,,,,,,,,,,,,,,,,,,,,,,,,,,,,,,,,,,,1.00,,,,,,,,,,0.31
1555270669000,,,,,,,,,,,,,,,,,,,,4.51,,,,,,,,,,,,,,,,,,,,,,,,,,,,,,,,,,,,,,,,,,,,,,,,,,,,,,,,,0.84
1555337473000,,,,,,,,,,,,,,,,,,,,,,,,,,,,,,,,,,,,,,,,,,,,,,,,,,,,,,,,,,,,,,,,,,,2.02,,,,,,,,,,
1555405471000,,,,,,,,,,,,,,,,,,,,,,,,,,,,,,,,,,,,,,,,,,,,,,,,,,,,,,,,,,,,,,,,,,,2.01,,,,,,,,,,
1555472795000,,,,,,,,,,,,,,,,,,,,,,,,,,,,,,,,,,,,,,,,,,,,,,,,,,,,,,,,,,,,,,,,,,,,,,,,,,,,,0.32
1555539993000,,,,,,,,,,,,,,,,,,,,,,,,,,,,,,,,,,,,,,,,,,,,,,,,,,,,,,,,,,,,,,,,,,,1.00,,,,,,,,,,0.65
1555608237000,,,,,,,,,,,,,,,,,,,,,,,,,,,,,,,,,,,,,,,,,,,,,,,,,,,,,,,,,,,,,,,,,,,2.99,,,,,,,,,,0.12
1555674728000,,,,,,,,,,,,,,,,,,,,,,,,,,,,,,,,,,,,,,,,,,,,,,,,,,,,,,,,,,,,,,,,,,,1.00,,,,,,,,,,0.32
1555741612000,,,,,,,,,,,,,,,,,,,,,,,,,,,,,,,,,,,,,,,,,,,,,,,,,,,,,,,,,,,,,,,,,,,4.53,,,,,,,,,,0.02
1555876621000,,,,,,,,,,,,,,,,,,,,,,,,,,,,,,,,,,,,,,,,,,,,,,,,,,,,,,,,,,,,,,,,,,,0.46,,,,,,,,,,0.03
1555943613000,,,,,,,,,,,,,,,,,,,,,,,,,,,,,,,,,,,,,,,,,,,,,,,,,,,,,,,,,,,,,,,,,,,1.00,,,,,,,,,,0.32
1556011928000,1.40,,,,8.06,,,,,,,,,,,,,,,,,,,,,,,,,,,0.77,,,,,,,,,,,,,,,,,,,,,,,,6.30,,,,,,,,,,,8.41,,,,,,2.90,,,,3.66
1556079702000,,,,,,,,,,,,,,,,,,,,,,,,,,,,,,,,,,,,,,,,,,,,,,,,,,,,,,,,,,,,,,,,,,,12.98,,,,,,,,,,0.01
1556147660000,,,,,,,,,,,,,,,,,,,,,,,,,,,,,,,,,,,,,,,,,,,,,,,,,,,,,,,,,,,,,,,,,,,2.00,,,,,,,,,,0.35
1556281668000,0.65,,,,,,,,,,,,,,,,,,,,,,,,,,,,,,,,,,,,,,,,,,,,,,,,,,,,,,,,,,,,,,,,,,,,,,,,0.51,,,,1.80
1556415030000,,,,,,,,,,,,,,,,,,,,,,,,,,,,,,,,,,,,,,,,,,,,,,,,,,,,,,,,,,,,,,,,,,,1.00,,,,,,,,,,
1556482542000,,,,,,,,,,,,,,,,,,,,,,,,,,,,,,,,,,,,,,,,,,,,,,,,,,,,,,,,,,,,,,,,,,,1.00,,,,,,1.05,,,,
1556549842000,,,,,,,,,,,,,,,,,,,,,,,,,,,,,,,,,,,,,,,,,,,,,,,,,,,,,,,,,,,,,,,,,,,,,,,,,,,,,0.22
1556616633000,,,,,,,,,,,,,,,,,,3.49,,,,,,,,,,,,,,,,,,,,,,,,,,,,,,,,,,,,,,,,,,,,,,,,,4.21,,,,,,,,,,
1556684172000,1.55,,,,,,,,,,,,,,,,,,,,,,,,,,,,,,,,,,,,,,,,,,,,,,,,,,,,,,,,,,,,,,,,,,1.00,,,,,,0.50,,,,
1556750704000,,,,,,,,,,,,,,,,,,,,,,,,,,,,,,,,,,,,,,,,,,,,,,,,,,,,,,,,,,,,,,,,,,,2.11,,,,,,,,,,0.82
1556818035000,,,,,,,,,,,,,,,,,,,,,,,,,,,,,,,,,,,,,,,,,,,,,,,,,,,,,,,,,,,,,,,,,,,1.01,,,,,,,,,,
1556885912000,,,,,,,,,,,,,,,,,,,,,,,,,,,,,,,,,,,,,,,,,,,,,,,,,,,,,,,,,,,,,,,,,,,1.01,,,,,,,,,,0.33
1556953014000,,,,,,,,,,,1.69,,,,,,,,,,,,,,,,,,,,,,,,,,,,,,,,,,,,,,,,,,,,,,,,,,,,,,,,,,,,,,,,,,0.03
1557019302000,0.65,,,,,,,,,,3.92,,,,,,,,,,,,,,,,,,,,,,,,,,,,,,,,,,,,,,,,,,,,,,,,,,,,,,,,,,,,,,,,,,
1557087154000,,,,,,,,,,,1.00,,,,,,,,,,,,,,,,,,,,,,,,,,,,,,,,,,,,,,,,,,,,,,,,,,,,,,,,,,,,,,,,,,
1557155617000,,,,,,,,,,,2.02,,,,,,,,,,,,,,,,,,,,,,,,,,,,,,,,,,,,,,,,,,,,,,,,,,,,,,,,,,,,,,,,,,0.00
1557223295000,0.60,,,,,,,,,,0.66,,,,,,,,,,,,,,,,,,,,,,,,,,,,,,,,,,,,,,,,,,,,,,,,,,,,,,,,,,,,,,0.82,,,,0.02
1557291012000,0.65,,,,,,,,,,,,,,,,,,,2.24,,,,,,,,,,,,0.77,,,,,,,,,,,,,,,,,,,,2.31,,,,,,,,,,,,,,,,,,,,,,,,,1.13
1557358549000,0.13,,,,,,,,,,,,,,,,,,,,,,,,,,,,,,,,,,,,,,,,,,,,,,,,,,,,,,,,,,,,,,,,,,,,,,,,,,,,0.28
1557426851000,,,,,,,,,,,3.30,,,,,,,,,0.81,,,,,,,,,,,,,,,,,,,,,,,,,,,,,,,,,,,,,,,,,,,,,,,,,,,,,,,,,0.30
1557494292000,,,,,,,,,,,5.28,,,,,,,,,,,,,,,,,,,,,,,,,,,,,,,,,,,,,,,,,,,,,,,,,,,,,,,,,,,,,,,,,,
1557561044000,,,,,,,,,,,2.00,,,,,,,,,,,,,,,,,,,,,,,,,,,,,,,,,,,,,,,,,,,,0.03,,,,,,,,,,,,,,,,,,,,,,0.12
1557628854000,,,,,,,,,,,,,,,,,,,,,,,,,,,,,,2.01,,,,,,,,,,,,,,,,,,,,,,,,,,,,,,,,,,,,,,,,,,,,,,,2.60
1557695794000,,,,,,,,,,,,,,,,,,,,,,,,,,,,,,,,,,,,,,,,,,,,,,,,,,,,,,,,,,,,,,,,,,,,,,,,,,,,,0.93
1557763956000,,,,,1.62,,,,,,9.98,,,,,,,,,,,,,,,,,,,,,,,,,,,,,,,,,,,,,,,,,,,,,,,,,,,,,,,,,,,,,,,,,,
1557830231000,,,,,4.10,,,,,,,,,,,,,,,,,,,,,,,,,5.80,,,,,,,,,,,,,,,,,,,,,,,,,,4.50,,,,,,,,,,,,,,,,,,,,,
1557897304000,,,,,,,,,,,5.99,,,,,,,,,,,,,,,,,,,,,,,,,,,,,,,,,,,,,,,,,,,,,,,,,,,,,,,,,,,,,,,,,,
1557964138000,,,,,0.97,,,,,,7.31,,,,,,,,,,,,,,,,,,,4.33,,,,,,,,,,,,,,,,,,,,,,,,,,,,,,,,,,,,,,,,,,,,,,,0.74
1558032652000,2.00,,,,,,,,,,2.07,,,,,,,,,,,,,,,,,,,,,3.03,,,,,,,,,,,,,,,,,,,,,,,,,,,,,,,,,,,,,,,,,,,,,0.01
1558099488000,,,,,,,,,,,3.00,,,,,,,,,,,,,,,,,,,,,,,,,,,,,,,,,,,,,,,,,1.52,,,,,,,,,,,,0.50,,,,,,,,,,,,,0.98
1558166754000,,,,,,,,,,,1.00,,,,,,,,,,,,,,,,,,,,,,,,,,,,,,,,,,,,,,,,,,,,,,,,,,,,,,,,,,,,,,,,,,0.04
1558234852000,,,,,,,,,,,4.00,,,,,,,,,,,,,,,,,,,,,,,,,,,,,,,,,,,,,,,,,,,,,,,,,,,,,,,,,,,,,,,,,,0.54
1558301987000,,,,,,,,,,,2.00,,,,,,,,,,,,,,,,,,,,,,,,,,,,,,,,,,,,,,,,,1.19,,,,,1.18,,,,,,,,,,,,,,,,,,,,0.23
1558370897000,,,,,,,,,,,1.00,,,,,,,,,,,,,,,,,,,,,,,,,,,,,,,,,,,,,,,,,,,,,,0.94,,,,,,,,,,,,,,,,,,,,0.71
1558438516000,,,,,,,,,,,3.00,,,,,,,,,,,,,,,,,,,,,,,,,,,,,,,,,,,,,,,,,,,,,,,,,,,,,,,,,,,,,,,,,,0.03
1558506088000,,,,,,,,,,,6.98,,,,,,,,,,,,,,,,,,,,,,,,,,,,,,,,,,,,,,,,,,,,,,,,,,,,,,,,,,,,,,,,,,1.52
1558573856000,,,,,,,,,,,7.23,,,,,,,,,,,,,,,,,,,,,,,,,,,,,,,,,,,,,,,,,,,,,,1.88,,,,,,,,,,,,,,,,,,,,3.07
1558641898000,,,,,,,,,,,5.02,,,,,,,,,1.66,,,,,,,,,,,,,,,,,,,,,,,,,,,,,,,,,,,,,1.68,,,,,,,,,,,,,,,,,,,,
1558709678000,,,,,,,,,,,2.02,,,,,,,,,,,,,,,,,,,,,,,,,,,,,,,,,,,,,,,,,,,,,,,,,,,,,,,,,,,,,,,,,,0.00
1558776750000,,,,,,,,,,,1.90,,,,,,,,,,,,,,,,,,,,,,,,,,,,,,,,,,,,,,,,,,,,,,,,,,,,,,,,,,,,,,,,,,0.20
1558842948000,0.55,,,,,,,,,,1.00,,,,,,,,,,,,,,,,,,,,,,,,,,,,,,,,,,,,,,,,,,,,,,,,,,,,,,,,,,,,,,,,,,0.01
1558910067000,,,,,,,,,,,5.99,,,,,,,,,,,,,,,,,,,,,,,,,,,,,,,,,,,,,,,,,,,,,,0.83,,,,,,,,,,,,,,,,,,,,
1558977860000,,,,,,,,,,,2.00,,,,,,,,,,,,,,,,,,,,,1.01,,,,,,,,,,,,,,,,,,,,,,,,,0.80,,,,,,,,,,,,,,,,,,,,
1559045953000,,,,,,,,,,,,,,,,,,,,,,,,,,,,,,,,,,,,,,,,,,,,,,,,,,,,,,,,,,,,,,,,,,,,,,,,,,,,,0.20
1559112912000,,,,,,,,,,,,,,,,,,,,,,,,,,,,,,,,,,,,,,,,,,,,,,,,,,,,,,,,,0.37,,,,,,,,,,,,,,,,,,,,0.02
1559179166000,,,,,,,,,,,,,,,,,,,,,,,,,,,,,,,,,,,,,,,,,,,,,,,,,,,,,,,0.49,,,,,,,,,,,,,,,,,,,,,,
1559247339000,0.70,,,,,,,0.54,,,7.43,,,,,,,,,,,,,,,,,,,1.42,,,,,,,,,,,,,,,,,,,,,,,,,,,0.80,,,,,,,,,,,,,,0.53,,,,,,0.61
1559315112000,,,,,,,,,,,6.02,,,,,,,,,,,,,,,,,,,,,,,,,,,,,,,,,,,,,,,,,,,,,,,,,,,,,,,,,,,,,,,,,,
1559382148000,,,,,,,,,,,2.98,,,,,,,,,,,,,,,,,,,,,,,,,,,,,,,,,,,,,,,,,,,,,,1.05,,,,,,,,,,,,,,,,,,,,0.70
1559449529000,,,,,,,,,,,7.99,,,,,,,,,,,,,,,,,,,,,,,,,,,,,,,,,,,,,,,,,,,,,,,,,,,,,,,,,,,,,,,,,,
1559517685000,,,,,,,,0.72,,,1.00,,,,,,,,,,,,,,,,,,,,,,,,,,,,,,,,,,,,,,,,,,,,,,,,,,,,,,,,,,,,0.72,,,,,,
1559653274000,,,,,,,,,,,2.99,,,,,,,,,,,,,,,,,,,,,,,,,,,,,,,,,,,,,,,,,,,,,,,,,,,,,,,,,,,,,,,,,,
1559721446000,,,,,,,,,,,5.99,,,,,,,,,,,,,,,,,,,,,,,,,,,,,,,,,,,,,,,,,,,,,,,,,,,,,,,,,,,,,,,,,,0.24
1559788436000,,,,,,,,,,,4.99,,,,,,,,,,,,,,,,,,,,,,,,,,,,,,,,,,,,,,,,,,,,,,,,,,,,,,,,,,,,,,,,,,0.00
1559855826000,,,,,,,,,,,2.00,,,,,,,,,,,,,,,,,,,,,,,,,,,,,,,,,,,,,,,,,,,,,,,,,,,,,,,,,,,,,,,,,,
1559923832000,,,,,,,,,,,,,,,,,,,,,,,,,,,,,,2.00,,,,,,,,,,,,,,,,,,,,,,,,,,,,,,,,,,,,,,,,,,,,,,,
1559991921000,,,,,,,,,,,1.00,,,,,,,,,,,,,,,,,,,,,,,,,,,,,,,,,,,,,,,,,,,,,,,,,,,,,,,,,,,,,,,,,,0.68
1560059515000,,,,,,,,2.01,,,0.62,,,,,,,,,,,,,,,,,,,2.00,,,,,,,,,,,,,,,,,,,,,,,,,,,,,,,,,,,,,,,,,1.98,,,,,,0.73
1560194172000,0.52,,,,,,1.00,2.02,,,1.00,,,,,,,,,2.04,,,,,,,,,,5.00,,,,,,,,,,,,,,,,,,,,,,,,,,,,,,,,,,,,,,,,,2.00,,,,,,0.48
1560262359000,,,,,,,,,,,3.98,,,,,,,,,,,,,,,,,,,,,1.00,,,,,,,,,,,,,,,,,,,,,,,0.27,,0.36,,,,,,,,,,,,,,,,,,,,0.01
1560329676000,,,,,,,6.11,,,,,,,,,,,,,,,,,,,,,,,,,,,,,,,,,,,,,,,,,,,,,,,,,,0.02,,,,,,,,,,,,,,,,,,,,
1560397568000,,,,,,,,,,,,,,,,,,,,,,,,,,,,,,2.49,,,,,,,,,,,,,,,,,,,,,,,,,,,,,,,,,,,,,,,,,,,,,,,
1560464402000,,,,,,,,,,,,,,,,,,,,,,,,,,,,,,,,,,,,,,,,,,,,,,,,,,,,,,,,,,,,,,,,,,,,,,,,,,,,,0.62
1560531936000,,,,,,,,,,,,,,,,,,,,,,,,,,,,,,6.94,,,,,,,,,,,,,,,,,,,,,,,,,,,,,,,,,,,,,,,,,,,,,,,
1560599838000,,,,,,,3.93,,,,,,,,,,,,,,,,,,,,,,,,,,,,,,,,,,,,,,,,,,,,,,,,,,,,,,,,,,,,,,,,,,,,,,0.43
1560668105000,,,,,,,,,,,11.59,,,,,,,,,,,,,,,,,,,,,,,,,,,,,,,,,,,,,,,,,,,,,,,,,,,,,,,,,,,,,,,,,,
1560734814000,,,3.86,,,,,,,,12.58,,,,,,,,,5.55,,,,,,,,,,,,,,,,,,,,,,,,,,,,,,,,,,,,,,,,,,,,,,,,,,,,,,,,,0.01
1560802452000,,,,,,,,,,,7.99,,,,,,,0.17,,,,,,,,,,,,,,,,,,,,,,,,,,,,,,,,,,,,,,,,,,,,,,,,,,,,,,,,,,,
1560870679000,,,,,,,4.10,,,,5.99,,,,,,,,,,,,,,,,,,,,,,,,,,,,,,,,,,,,,,,,,,,,,,,,,,,,,,,,,,,,,,,,,,0.01
1560937524000,,,0.23,,,,,,,,,,,,,,,,,,,,,,,,,,,,,,,,,,,,,,,,,,,,,,,,,,,,,,,,,,,,,,,,,,,,,,,,,,
1561005597000,,,7.59,,,,2.03,,,,15.47,,,,,,,,,19.74,,,,,,,,,,,,,,,,,,,,,,,,,,,,,,,,,,,,,,,,,,,,,,,,,,,,,,,0.47,,
1561073016000,,,,,,,4.10,,,,,,,,,,,,,,,,,,,,,,,,,,,,,,,,,,,,,,,,,,,,,,,,,,,,,,,,,,,,,,,,,,,,,,
1561140851000,,,8.42,,,,6.00,,,,7.99,,,,,,,,,,,,,,,,,,,,,,,,,,,,,,,,,,,,,,,,,,,,0.11,,,,,,,,,,,,,,,,,,,,,,0.04
1561208281000,,,9.28,,,,3.00,,,,3.99,,,,,,,,,,,,,,,,,,,,,,,,,,,,,,,,,,,,,,,,,,,,,,,,,,,,,,,,,,,,,,,,,,1.77
1561275287000,,,7.16,,,,,,,,1.00,,,,,,,,,,,,,,,,,,,,,,,,,,,,,,,,,,,,,,,,,,,,,,,,,,,,,,,,,,,,,,,,,,0.08
1561342449000,,,10.69,,,,,,,,20.06,4.76,,,,,,,,12.42,,,,,,,,,,,,,,,,,,,,,,,,,,,,,,,,,,,,,,,,,,,,,,,,,,,,,,,,,
1561409629000,,,4.00,,,,,,,,12.40,,,,,,,,,,,,,,,,,,,,,,,,,,,,,,,,,,,,,,,,,,,,,,,,,,,,,,,,,,,,,,,,,,
1561476955000,,,9.46,,,,,4.84,,,10.35,,,,,,,,,,,,,,,,,,,,,,,,,,,,,,,,,,,,,,,,,,,,0.32,,,,,,,,,,,,,,,,4.79,,,,,,0.10
1561543836000,,,11.00,,,,,,,,12.85,,,,,,,,,,,,,,,,,,,,,,,,,,,,,,,,,,,,,,,,,,,,,,,,,,,,,,,,,,,,,,,,,,
1561611356000,,,12.88,,,,,,,,0.94,,,,,,,,,,,,,,,,,,,,,,,,,,,,,,,,,,,,,,,,,,,,0.01,,,,,,,,,,,,,,,,,,,,,,0.01
1561679479000,,,8.91,,,,,,,,24.22,,,,,,,,,14.08,,,,,,,,,,,,,,,,,,,,,,,,,,,,,,,,,,,,,,,,,,,,,,,,,,,,,,,,,0.19
1561747149000,,,2.49,,,,,,,,9.12,,,,,,,,,,,,,,,,,,,,,,,,,,,,,,,,,,,,,,,,,,,,,,,,,,,,,,,,,,,,,,,,,,
1561814305000,,,,,,,,,,,8.99,,,,,,,,,,,,,,,,,,,,,,,,,,,,,,,,,,,,,,,,,,,,,,,,,,,,,,,,,,,,,,,,,,
1561881035000,,,3.59,,,,,,,,13.01,,,,,,,,,,,,,,,,,,,,,,,,,,,,,,,,,,,,,,,,,,,,,,,,,,,,1.75,,,,,,,,,,,,,,0.02
1561948615000,,,,,,,,,,,14.98,,,,,,,,,,,,,,,,,,,,,,,,,,,,,,,,,,,,,,,,,,,,,,,,,,,,,,,,,,,,,,,,,,
1562015969000,,,,,,,,,,,34.70,,,,,,,,,5.77,,,,,,,,,,,,,,,,,,,,,,,,,,,,,,,,,,,,,,,,,,,,,,,,,,,,,,,,,0.01
1562082973000,,,,,,,,,,,5.59,,,,,,,,,,,,,,,,,,,,,,,,,,,,,,,,,,,,,,,,,,,,,,,,,,,,,,,,,,,,,,,,,,0.41
1562150796000,,,8.83,,,,,,,,,,,,,,,,,,,,,,,,,,,,,,,,,,,,,,,,,,,,,,,,,,,,,,,,,,,,,,,,,,,,,,,,,,0.03
1562218341000,,,8.21,,,,,,,,6.19,,,,,,,,,,,,,,,,,,,2.59,,,,,,,,,,,,,,,,,,,,,,,,0.05,,,,,,,,,,,,,,,,,,,,,,,0.00
1562285611000,,,9.67,,,,,,,,27.88,,,,,,,,,5.97,,,,,,,,,,,,,,,,,,,,,,,,,,,,,,,,,,,,,,,,,,,,,,,,,,,,,,,,,1.56
1562352854000,,,6.98,,,,,,,,10.85,,,,,,,,,2.18,,,,,,,,,,,,,,,,,,,,,,,,,,,,,,,,,,,,,,,,,,,,,,,,,,,,,,,,,
1562419899000,,,0.71,,,,,,,,0.80,,,,,,,,,,,,,,,,,,,,,,,,,,,,,,,,,,,,,,,,,,,,,,,,,,,,,,,,,,,,,,,,,,
1562486913000,,,6.01,,,,,,,,24.51,,,,,,,,,1.76,,,,,,,,,,,,,,,,,,,,,,,,,,,,,,,,,,,,,,,,,,,,,,,,,,,,,,,,,
1562553800000,,,4.79,,,,,,,,6.24,,,,,,,,,,,,,,,,,,,,,,,,,,,,,,,,,,,,,,,,,,,,,,,,,,,,,,,,,,,,,,,,,,0.01
1562620679000,,,5.92,,,,,,,,0.80,,,,,,,,,,,,,,,,,,,,,,,,,,,,,,,,,,,,,,,,,,,,,,,,,,,,,,,,,,,,,,,,,,
1562687655000,,,12.01,,,,,,,,4.39,,,,,,,,,,,,,,,,,,,,,,,,,,,,,,,,,,,,,,,,,,,0.19,0.63,,,,,,,,,,,,,,,,,,,,,,0.03
1562755228000,,,6.77,,,,,,,,11.24,,,,,,,,,,,,,,,,,,,,,,,,,,,,,,,,,,,,,,,,,,,,,,,,,,,,,,,,,,,,,,,,,,0.31
1562821814000,,,5.00,,,,,,,,4.01,,,,,,,,,,,,,,,,,,,1.00,,,,,,,,,,,,,,,,,,,,,,,,,,,,,,,,,,,,,,,,,,,,,0.39,,1.05
1562889775000,,,2.53,,,,,,,,,,,,,,,,,,,,,,,,,,,,,,,,,,,,,,,,,,,,,,,,,,,,,,,,,,,,,,,,,,,,,,,,0.41,,
1562957966000,,,7.40,,,,,,,,1.90,,,,,,,,,,,,,,,,,,,0.99,,,,,,,,,,,,,,,,,,,,,,,,0.67,,,,,,,,,,,,,,,,,,,,,,,0.21
1563025451000,,,12.24,,,,,,,,6.92,,,,,,,,,10.87,,,,,,,,,,1.55,,,,,,,,,,,,,,,,,,,,,,,,,,,,,,,,,,,,,,,,,,,,,,,0.03
1563091362000,,,,,,,,,,,,,,,,,,,,,,,,,,,,,,,,,,,,,,,,,,,,,,,,,,,,,,,,,,,,,,,,,,,,,,,,,,,,,0.10
1563158482000,,,1.67,,,,,,,,2.21,,,,,,,,,3.99,,,,,,,,,,3.95,,,,,,,,,,,,,,,,,,,,,,,,,,,,,,,,,,,,,,,,,,,,,,,0.72
1563226501000,,,4.78,,,,,,,,,,,,,,,,,,,,,,,,,,,,,,,,,,,,,,,,,,,,,,,,,,,,,,,,,,,,,,,,,,,,,,,,,,
1563295219000,,,,,,,,,,,3.00,,,,,,,,,,,,,,,,,,,,,,,,,,,,,,,,,,,,,,,,,,,,,,,,,,,,,,,,,,,,,,,,,,0.01
1563362708000,,,2.05,,,,,,,,1.61,,,,,,,,,,,,,,,,,,,,,,,,,,,,,,,,,,,,,,,,,,,,,,,,,,,,,,,,,,,,,,,1.00,,,0.10
1563430869000,,,3.37,,,,,,,,,,,,,,,,,,,,,,,,,,,,,,,,,,,,,,,,,,,,,,,,,,,,,,,,,,,,,,,,,,,,,,,,,,1.00
1563496525000,,,,,,,,2.10,,,4.45,,,,,,,,,,,,,,,,,,,,,,,,,,,,,,,,,,,,,,,,,,,,,,,,,,,,,,,,,,,,2.08,,,7.00,,,
1563564858000,,,2.66,,,,,,,,15.33,,,,,,,,,20.41,,,,,,,,,9.00,3.53,,,,,,,,,,,,,,,,,,,,,,,,,,,,,,,,,,,,,,,,,,,,13.72,,,
1563631313000,,,,,,,,,,,,,,,,,,,,,,,,,,,,,,,,,,,,,,,,,,,,,,,,,,,,,,,,,,,,,,,,,,,,,,,,,,3.08,,,1.08
1563698150000,,,,,,,,,,,,,,,,,,,,,,,,,,,,,,,,,,,,,,,,,,,,,,,,,,,,,,,,,,,,,,,,,,,,,,,,,,1.02,,,0.03
1563832155000,,,,,,,,,,,,,,,,,,,,,,,,,,,,,,,,,,,,,,,,,,,,,,,,,,,,,,,,,,,,,,,,,,,,,,,,,,0.69,,,
1563899459000,,,,,,,,,,,,,,,,,,,,,,,,,,,,,,,,,,,,,,,,,,,,,,,,,,,,,,,,,,,,,,,,,,,,,,,,,,2.32,,,0.04
1563966329000,,,,,,,,,,,,,,,,,,,,,,,,,,,,,,,,,,,,,,,,,,,,,,,,,,,,,,,,,,,,,,,,,,,,,,,,,,2.44,,,
1564101403000,,,,,,,,,,,,,,,,,,,,,,,,,,,,,,,,,,,,,,,,,,,,,,,,,,,,,,,,,,,,,,,,,,,,,,,,,,,,,0.04
1564235604000,,,,,,,,2.23,,,,,,,,,,,,2.49,,,,,,,,,,0.99,5.00,,,,,,,,,,,,,,,,,,,,,,,,,,,,,,,,,,,,,,,,2.13,,,2.25,,,3.94
1564302116000,,,,,,,,,,,,,,,,,,,,,,,,,,,,,,,,,,,,,,,,,,,,,,,,,,,,,,,,,,,,,,,,,,,,,,,,,,,,,0.01
1564369151000,,,,,,,,,,,,,,,,,,,,,,,,,,,,,,3.10,,,,,,,,,,,,,,,,,,,,,,,,,,,,,,,,,,,,,,,,,,,,4.15,,,0.01
1564436686000,,,,,,,0.30,,,,,,,,,,,,,,,,,,,,,,,,,,,,,,,,,,,,,,,,,,,,,,,,,,,,,,,,,,,,,,,,,,,,,,0.02
1564503925000,,,,,,,,,,,,,,,,,,,,,,,,,,,,,,,,,,,,,,,,,,,,,,,,,,,,,,,,,,,,,,,,,,,,,,,,,,4.67,,,0.04
1564570789000,,,,,,,,,,,,,,,,,,,,,,,,,,,,,,,,,,,,,,,,,,,,,,,,,,,,,,,,,,,,,,,,,,,,,,,,,,1.00,,,0.00
1564637313000,,0.02,,,,,,,,,,,,,,,,,,,,,,,,,,,,,,,,,,,,,,,,,,,,,,,,,,,,,0.28,,,,,,,,2.00,,,,,,,,,,,1.69,,,0.02
1564705696000,,,,,,,,,,,,,,,,,,,,,,,,,,,,,,,,,,,,,,,,,,,,,,,,,,,,,,,,,,,,,,,,,,,,,,,,,,1.69,,,0.02
1564772699000,,,,,,,,,,,,,,,,,,,,,,,,,,,,,,2.11,,,,,,,,,,,,,,,,,,,,,,,,,,,,,,,,,,1.00,,,,,,,,,,2.63,,,0.03
1564839134000,,,,,,,,2.04,,,,,,,,,,,,,,,,,,,,,,,,,,,,,,,,,,,,,,,,,,,,,,,,,,,,,,,,,,,,,,,2.02,,,2.00,,,0.11
1564905518000,,,,,,,,,,,,,,,,,,,,,,,,,,,,,,,,,,,,,,,,,,,,,,,,,,,,,,,,,,,,,,,,,,,,,,,,,,1.75,,,0.44
1564972688000,,,,,,,,,,,,,,,,,,,,,,,,,,,,,,,,,,,,,,,,,,,,,,,,,,,,,,,0.03,,,,,,,,,,,,,,,,,,,2.03,,,0.21
1565039690000,,,,,,,,,,,,,,,,,,,,,,,,,,,,,,,,,,,,,,,,,,,,,,,,,,,,,,,,,,,,,,,,,,,,,,,,,,10.42,,,
1565106699000,,0.00,,,,,,,,,,,,,,5.12,,,,,,,,,,,,,,,,,,,,,,,,,,,,,,,,,,,,,,0.05,,,,,,,,,,,,,,,,,,,,2.80,,,0.37
1565173880000,,,,,,,,,,,,,,,,,,,,,,,,,,,,,,,,,,,,,,,,,,,,,,,,,,,,,,,,,,,,,,,,,,,,,,,,,,1.00,,,
1565241308000,,0.00,,,,,,,,,,,,,,,,,,,,,,,,,,,,,,,,,,,,,,,,,,,,,,,,,,,,,,,,,,,,,,,,,,,,,,,,,,,0.00
1565308246000,,,,,,,,,,,,,,,,,,,,,,,,,,,,,,,,,,,,,,,,,,,,,,,,,,,,,,,,,,,,,,,,1.00,,,,,,,,,,1.86,,,0.03
1565375748000,,,,,,,2.50,,,,,,,,,,,,,2.69,,,,,,,,,,,,,,,,,,,,,,,,,,,,,,,,,,,,,,,,,,,,,,,,,,,,,,,,,3.69
1565441736000,,,,,,,0.92,,,,,,,,,,,,,,,,,,,,,,,,,,,,,,,,,,,,,,,,,,,,,,,0.69,,,,,,,,,,,,,,,,,,,,5.09,,,0.66
1565509207000,,,,,,,,,,,,,,,,,,,,,,,,,,,,,,,,,,,,,,,,,,,,,,,,,,,,,,,,,,,,,,,,,,,,,,,,,,0.50,,,0.00
1565576260000,,,,,,,,,,,,,,,,,,,,,,,,,,,,,,,,,,,,,,,,,,,,,,,,,,,,,,,,,,,,,,,,,,,,,,,,,,,,,0.17
1565643196000,0.56,,,,,,,,,,,,,,,,,,,,,,,,,,,,,,,,,,,,,,,,,,,,,,,,,,,,,0.54,,,,,,,,,,,,,,,,,,,,,,,0.02
1565776959000,,,,,,,,,,,,,,,,,,,,,,,,,,,,,,,,,,,,,,,,,,,,,,,,,,,,,,,,,,,,,,,,,,,,,,,,,,,,,0.02
1565843533000,,0.00,,,,,,0.92,,,1.44,,,,,,,,,3.77,,,,,,,,,,1.30,,,,,,,,,,,,,,,,,,,,,,,,,,,,,,,,,,,,,,,,,0.92,,,5.90,,,0.02
1565911450000,,,,,,,,,,,,,,,,,,,,,,,,,,,,,,1.00,,,,,,,,,,,,,,,,,,,,,,,,,,,,,,,,,,,,,,,,,,,,,,,1.29
1565978340000,,0.01,,,,,,,,,,,,,,,,,,,,,,,,,,,,3.00,,,,,,,,,,,,,,,,,,,,,,,,,,,,,,,,,,,,,,,,,,,,,,,1.14
1566113085000,,,,,,,,,,,,,,,,,,,,,,,,,,,,,,,,,,,,,,,,,,,,,,,,,,,,,,,,,,,,,,,,,,,,,,,,,,,,,0.20
1566246801000,,0.00,,,,,,,,,,,,,,,,,,,,,,,,,,,,2.07,,,,,,,,,,,,,,,,,,,,,,,,,,,,,,,,,,,,,,,,,,,,,,,0.00
1566314677000,,,,,,,,,,,,,,,,,,,,,,,,,,,,,,,,,,,,,,,,,,,,,,,,,,,,,,,,,,,,,,,,,,,,,,,,,,,,,0.10
1566448943000,,,,,,,,,,,,,,,,,,,,,,,,,,,,,,1.00,,,,,,,,,,,,,,,,,,,,,,,,,,,,,,,,,,,,,,,,,,,,,,,
1566516026000,,,,,,,,1.00,,,,,,,,,,,,3.89,,,,,,,,,,,,,,,,,,,,,,,,,,,,,,,,,,,,,,,,,,,,,,,,,,,0.99,,,7.49,,,
1566583035000,,,,,,,,,,,,,,,,,,,,,,,,,,,,,,,,,,,,,,,,,,,,,,,,,,,,,,,,,,,,,3.00,,,,,,,,,,,,,,,,
1566649948000,,,,,,,,4.55,,,3.57,,,,,,,,,15.43,,,,,,,,,,,,,,,2.74,,,,,,,,,,,,,,,,,,,,,,,,,,40.90,,,,,,,,,,4.46,,,1.81,,,1.11
1566717936000,,,1.01,,,1.78,,2.30,0.92,,1.22,,,,,,,,,,,,,,,,,,,8.00,,,,,2.48,,,,,,,,,,,,,,,,,,,,3.81,,,,,,2.53,,,,,,,,,,2.27,,,,,,0.52
1566784085000,,,,,,1.77,,1.23,,,3.01,,,,,,,,,,,,,,,,,,,29.12,,,,,4.77,,,,,,,,,,,,,,,,,,,,,,,,,,8.52,,,,,,,,,,1.22,,,,,,0.00
1566851133000,,,,,,,,1.18,,,,,,,,,,,,,,,,,,,,,,5.15,,,,,,,,,,,,,,,,,,,,,,,,,,,,,,,11.35,,5.00,,,,,,,,1.16,,,,,,
1566920101000,,,,,,,,,,,,,,,,,,,,,,,,,,1.50,,,,,,,,,,,,,,,,,,,,,,,,,,,,0.65,,,,,,,8.30,,,,,,,,,,,,,,,,0.22
1566986635000,,,,,,,,,,,0.60,,,,,,,,,,,,,,,1.37,,,,4.00,,,,,,,,,,,,,,,,,,,,,,,,,,,,,,,1.35,,,,,,,,,,,,,,,,
1567054177000,,,,,,,,,,,0.62,,,,,,,,,,,,,,,,,,,8.20,,,,,,,,,,,,,,,,,,,,,,,,,,,,,,,,,,,,,,,,,,,,,,,
1567120257000,,,,,,,,,,,,,,,,,,,,,,,,,,,,,,2.59,,,,,,,,,,,,,,,,,,,,,,,,,,,,,,,,,,,,,,,,,,,,,,,
1567187642000,,,,,,,,,,,,,,,,,,,,,,,,,2.00,,,,,2.59,,,,,,,,,,,,,,,,,,,,,,,,,,,,,,,,,,,,,,,,,,,,,,,0.07
1567255013000,,,,,,,,1.13,5.00,,2.31,,,2.22,,,,,,,,,,,6.50,,,,,,,,,,,,,,,,,,,,,,,,,,,,,,,,,,,,,,,,,,,,,,1.08,,,,,,
1567321929000,,0.13,,,,,,,,,,,,,,,,,,,,,,,5.12,,,,,,,,,,,,,,,,,,,,,,,,,,,,,,,,,,,,,,,,,,,,,,,,,,,,0.02
1567389294000,,,,,,,,,,,,,,,,,,,,,,,,,1.05,,,,,,,,,,,,,,,,,,,,,,,,,,,,,,,,,,,,,,,,,,,,,,,,,,,,
1567524520000,,,,,,,1.03,,,2.02,,,,,,,,,,,,,,,2.49,,,,,2.64,,,,,,,,,,,,,,,,,,,,,,,,,,,,,,,,,,,,,,,,,,,,,,,0.00
1567591445000,,,,,,,,,,,,,,,,,,,,,,,,,,,,,,1.50,,,,,,,,,,,,,,,,,,,,,,,,,,,,,,,,,,,,,,,,,,,,,,,2.00
1567726271000,,,,,,,,,,2.07,,,,,,,,,,,,,,,,,,,,2.32,,,,,,,,,,,,,,,,,,,,,,,,,,,,,,,,,,,,,,,,,,,,,,,0.90
1567794373000,,,,,,,,,,,,,,,,,,,,,,,,,,,,,,,,,,,,,,,,,,,,,,,,,,,,,,,,,,,,,,,,,,,,,,,,,,,,,0.00
1567860872000,,,,,,,,,,,,,,,,,,,,,,,,,,,,,,,,,,,,,,,,,,,,,,,,,,,,,,,,,,,,,,,,,,,,,,,,,,,,,0.00
1567928417000,,,,,,,,,,0.34,,,,,,,,,,,,,,,,,,,,,,,,,,,,,,,,,,,,,,,,,,,,,,,,,,,,,,,,,,,,,,,,,,,0.02
1567996252000,,,,,,,,,,,,,,,,,,,,,,,,,,,,,,1.00,,,,,,,,,,,,,,,,,,,,,,,,,,,,,,,,,,,,,,,,,,,,,,,
1568063465000,,,,,,,,,,,,,,6.69,,,,,,,,,,,,,,,31.53,2.41,,,,,,,,,,,,,,,,,,,,,,,,,,,,,,,,,,,,,,,,,,,,,,,
1568130759000,,,,,,,,,,,,,,,,,,,,,,,,,1.01,,,,6.00,1.32,,,,,,,,,,,,,,,,,,,,,,,,,,,,,,,,,,,,,,,,,,,,,,,3.52
1568198340000,,,,,,,,,,,,,,,,,,,,,,,,,,,,,,5.79,,,,,,,,,,,,,,,,,,,,,,,,,,,,,,,,,,,,,,,,,,,,,,,0.03
1568332434000,,0.21,,,,,,,,2.36,,,,,,,,,,,4.00,,,,,1.94,,,,3.50,,,,,,,,,,,,,,,,,,,,,,,,,,,,,,,,,,,,,,,,,,,,,,,
1568400865000,,0.00,,,,,,,,5.73,,,,2.26,,,,,,,,,,,3.95,1.00,,,,,,,,,,,,,,,,,,,,,,,,,,,,,,,,,,,,,,,,,,,,,,,,,,,
1568467502000,,,,,,1.68,,,,,,,,,,,,,,,,,,,,,,,,,,,,,,,,,,,,,,,,,,,,,,,,,,,,,,,,,,,,,,,,,,,,,,,
1568535532000,,,,,,,,,,2.38,,,,,,,,,,,,,,,,,,,,,,,,,,,,,,2.55,,,,,,,,,,,,,,,,,,,,,,,,,,,,,,,,,,,,,0.00
1568603177000,,,,,,,,,,2.17,,,,,,,,,,,,,,,,,,,,,,,,,,,,,,,,,,,,,,,,,,,,,,,,,,,,,,,,,,,,,,,,,,,0.56
1568669970000,,,,,,,,,,,,,,,,,,,,,,,,,,,,,,3.15,,,,,,,,,,,,,,,,,,,,,,,,,,,,,,,,,,,,,,,,,,,,,,,
1568737700000,,,,,,,,,,,,,,,,,,,,,,,,,,,,,,,,,,,,,,,,2.60,,,,,,,,,,,,,,,,,,,,,,,,,,,,,,,,,,,,,
1568803850000,,,,,,,,,,2.77,,,,,,,,,,,4.00,,,,,,,,,2.16,,,,,,,,,,,,,,,,,,,,,,,,,,,,,,,,,,,,,,,,,,,,,,,0.47
1568871705000,,,,,,,,,,,,,,1.09,,,,,,,,,,,,,,,,,,,,,,,,,,6.91,,,,,,,,,,,,,,,,,,6.12,,,,,,,,,,,,,,,,,,,
1569006694000,,,,,,,,,,,,,,,,,,,,,,,,,,,,,,,,,,,,,,,,,,,,,,,,,,,,,,,,,,,,,,,,,,,,,,,,,,,,,0.16
1569074199000,,,,,,,,,,2.00,,,,,,,,,,,15.98,,,,,,,,,,,,,,,,,,,,,,,,,,,,,,,,,,,,,,,,,,,,,,,,,,,,,,,,
1569142150000,,,,,,,,,,1.74,,,,,,,,,,,3.12,,,,,,,,,4.50,,,,,,,,,,,,,,,,,,,,,,,,,,,,4.81,,,,,,,,,,,,,,,,,,,
1569209597000,,,,,,,,,,3.90,,,,,,,,,,,,,,,,,,,,,,,,,,,,,,,,,,,,,,,,,,,,,,,,3.54,,,,,,,,,,,,,,,,,,,
1569276280000,,,,,,,,,,1.45,,,,,,,,,,,2.81,,,,,,,,,,,,,,,,,,,,,,,,,,,,,,,,,,,,,,,,,,,,,,,,,,,,,,,,
1569344903000,,8.00,,,,,,,,2.93,,,,,,,,,,,4.00,,,,,,,,,,,,,,,,,,,7.31,,,,,,,,,,,,,,,,,,1.59,,,,,,,,,,,,,,,,,,,
1569412741000,,,,,,,,,,2.80,,,,4.45,,,,,,,1.45,,,,,,,,,,,,,,,,,,,12.00,4.32,,,,,,,,,5.85,,,,,,,,3.55,,,,,,,,,,,,,,,,,,,0.39
1569480328000,,,,,,,,,,,,,,4.72,,,,,,,4.00,,,,12.62,,,,,,,,,,,,,,,,6.26,,,,,,,,,6.15,,,,,,,,2.04,,,,,,,,,,,,,,4.41,,,,,
1569548219000,,,,,,,,,,,,,,,,,,,,,4.00,,,,3.57,,,,,,,,,,,,,,,,,,,,,,,,,,,,,,,,,,,,,,,,,,,,,,,,,,,,
1569615424000,,,,,,,,,,,,,,,,,,,,,8.00,,,,2.04,,,,,,,,,,,,,,,,1.52,,,,,,,,,,,,,,0.21,,,,,,,,,,,,,,,,,,,,,,
1569683184000,,0.49,,,,,,1.83,,,,,,,,,,,,,,,,,3.54,,,,,,,,,,,,,,,22.65,,,,,,,,,,,,,,,,,,,,,,,,,,,,,,,1.79,,,,,,
1569751196000,,,,,,,,,,,,,,,,,,,,,,,,,8.84,,,,,,,,,,,,,,,,,,,,,,,,,,,,,,,,,,,,,,,,,,,,,,,,,,,,0.00
1569817983000,,,,,,,,1.85,,,,,,2.51,,,,,,,,,,,6.17,,,,,,,,,,,,,,,3.00,,,,,,,,,,,,,,,,,,,,,,,,,,,,,,,1.82,,,,,,0.53
1569885879000,,,,,,,,1.33,,,,,,,,,,,,,,,,,15.85,,,,,,,,,,,,,,,,,,,,,,,,,,,,,,,,,7.50,,,,,,,,,,,,,1.32,,,,,,0.44
1569953471000,,,,,,,,,,,,,,,,,,,,,,,,,4.98,,,,,,,,,,,,,,,,,,,,,,,,,,,,,,,,,,,,,,,2.51,,,,,,,,,,,,,0.28
1570021093000,,0.05,,,,,,,,,,,,,,,,,,,,,,,,,,,,,,,,,,,,,,,,,,,,,,,,,,,,,,,,,,,,,,,,,,,,,,,,,,,0.20
1570088581000,,,,,,,,,,0.49,,,,2.60,,,,,,,,,,,10.03,,,,,,,,,,,,,,,,,,,,,,,,,,,,,,,,,,,,,,,,,,,,,,,,,,,,0.18
1570156245000,,,,,,10.00,,2.02,,,,,,,,,,,,,4.00,,,,13.43,,,,,,,,,,,,,,,6.02,,,,,,,,,,,,,,,,,,,,,,,,,,,,,,,1.97,,,,,,2.82
1570223512000,,,,,,,,,,,,,,,,,,,,,,,,,1.91,,,,,,,,,,,,,,,,,,,,,,,,,,,,,,,,,4.05,,,,,,,,,,,,,,,,,,,0.04
1570290984000,,,,,,,,,,,,,,,,,,,,,,,,,,,,,,,,,,,,,,,,,,,,,,,,,,,,,,,,,,,,,,,,,,,,,,,,,,,,,0.00
1570358020000,,,,,,,,,,,,,,,,,,,,,,,,,,,,,,,,,,,,,,,,,,,,,,,,,,,,,,,,,,2.03,,,,,,,,,,,,,,,,,,,
1570424401000,,,,,,,,,,,,,,,,,,,,,,,,,1.00,,,,,,,,,,,,,,,,,,,,,,,,,,,,,,,,,3.05,,,,,,,,,,,,,,,,,,,
1570492273000,,,,,,5.00,,,,,,,,2.67,,,,,,,,,,,,,,,,,,,,,,,,,,,,,,,,,,,,,,,,,,,,8.41,,,,,,,,,,,,,,,,,,,0.04
1570560314000,,0.15,,,,,,,,,,,,2.62,,,,,,,4.00,,,,0.45,,,,,,,,,,,,,,,,,,,,,,,,,,,,,,,,,1.88,,,,,,,,,,,,,,,,,,,
1570628456000,,,,,,,,,,,,,,2.68,,,,,,,,,,,1.25,,,,,1.93,,,,,,,,,,,2.25,,,,,,,,,,,,,,,,,,,,,,,,,,,,,,,,,,,,0.89
1570696365000,,,,,,,,1.98,,,,,,,,,,,,,,,,,,,,,,,,,,,,,,,,8.89,3.25,,,,,,,,,,,,,,,,,3.09,,,,,,,,,,,,,1.95,,,,,,0.65
1570764407000,,0.01,,,,,,,,1.53,,,,,,,,,,,,,,,,,,,,,,,,,,,,,,,,,,,,,,,,,,,,,,,,,,,,,,,,,,,,,,,,,,,
1570832121000,,,,,,,,,,,,,,,,,,,,,,,,,,,,,,,,,,,,,,,,,,,,,,,,,,,,,,,,,,,,,,,,,,,,,,,,,,,,,0.06
1570900657000,,,,,,,,,,,3.01,,,,,,,,,,,,,,,,,,,1.92,,,,,,,,,,,,,,,,,,,,,,,,,,,,,,,,,,,,,,,,,,,,,,,
1570967603000,,,,,,,,,,,,,,,,,,,,,,,,,,,,,,,,,,,,,,,,,0.25,,,,,,,,,,,,,,,,,,,,,,,,,,,,,,,,,,,,0.01
1571036079000,,,,,,,,,,,1.56,,,,,,,,,,,,,,,,,,,,,,,,,,,,,,,,,,,,,,,,,,,,,,,,,,,,,,,,,,,,,,,,,,
1571103316000,,,,,,,,,,,,,,,,,,,,,,,,,,,,,,,,,,,,,,,,,,,,,,,,,,,,,,,,,,,,,,,,,,,,,,,,,,,,,0.00
1571171084000,,,,,,,,,,,3.20,,,,,,,,,,,,,,,,,,,,,,,,,,,,,,,,,,,,,,,,,,,,,,,,,,,,,,,,,,,,,,,,,,
1571239896000,,,,,,,,,,,5.19,,,,4.03,,,,,,,,,,1.28,,,,,5.73,,,,,,,,,,,,,,,,,,,,,,,,,,,,,,,,,,,,,,,,,,,,,,,0.00
1571307873000,,,,,,,,,,,,,,,,,,,,,,,,,,,,,,2.00,,,,,,,,,,,,,,,,,,,,,,,,,,,,,,,,,,,,,,,,,,,,,,,
1571376291000,,,,,,,,,,,,,,,,,,,,,,,,,1.99,,,,,,,,,,,,,,,,0.50,,,,,,,,,,,,,,0.02,,,,,,,,,,,,,,,,,,,,,,0.21
1571444011000,,,,,,,,,,,11.38,,,,,,,,,,,,,,,,,,,,,,,,,,,,,,,,,,,,,,,,,,,,,,,,,,,,,,,,,,,,,,,,,,
1571512073000,,,,,,,,,,,6.54,,,,,,,,,,,,,,,,,,,,,,,,,,,,,,,,,,,,,,,,,,,,,,,2.05,,,,,,,,,,,,,,,,,,,0.01
1571579975000,,,,,,,,,,,,,,,1.67,,,,,,,,,,,,,,,,,,,,,,,,,,,,,,,,,,,,,,,,,,,,,,,,,,,,,,,,,,,,,,
1571648150000,,,,,,,,,,,1.40,,,,,,,,,,,,,,,,,,,,,,,,,,,,,,2.50,,,,,,,,,,,,,,,,,,,,,,,,,,,,,,,,,,,,
1571716619000,,,,,,,,,,,7.19,,,,,,,,,,,,,,,,,,,,,,,,,,,,,,0.50,,,,,,,,,,,,,,,,,,,,,,,,,,,,,,,,,,,,0.02
1571783991000,,0.00,,,,,,,,,8.79,,,,,,,,,,,,,,,,,,,1.57,,,,,,,,,,,0.18,,,,,,,,,,,,,,,,,,,,,,,,,,,,,,,,,,,,
1571851268000,,,,,,,,,,,1.20,,,,,,,,,,,,,,,,,,,1.77,,,,,,,,,,,,,,,,,,,,,,,,,,,,,,,,,,,,,,,,,,,,,,,
1571920923000,,,,,,,,,,,17.37,,,,,,,,,,,,,,,,,,,0.96,,,,,,,,,,,,,,,,,,,,,,,,,,,,,,,,,,,,,,,,,,1.17,,,,,
1571990353000,,,,,,,,1.25,,,5.19,,,,,,,,,,,,,,,,,,,,,,,,,,,,,,0.75,,,,,,,,,,,,,,,,,4.00,3.60,,,,,,,,,,,,1.23,,,,,,1.90
1572060724000,,,,,,,,,,,,,,,,,,,,,,,,,,,,,,2.80,,,,,,,,,,6.35,0.25,,,,,,,,,,,,,,,,,5.53,,,,,,,,,,,,,,,,,,,0.01
1572129485000,,,,,,,,0.60,,,,,,,,,,,,,,,,,,,,,,,,,,,,,,,,3.00,1.25,,,,,,,,,,,,,,,,,6.99,,,,,,,,,,,,,0.59,,,,,,
1572198558000,,,,,,,,,,,,,,,,,,,,,,,,,,,,,,,,,,,,,,,,,,,,,,,,,,,,,,,,,,5.10,,,,,,,,,,,,,,,,,,,0.04
1572267917000,,,,,,,,,,,,,,,,,,,,,,,,,,,,,,,,,,,,,,,,3.04,2.01,,,,,,,,,,,,,,,,,,,,,,,,,,,,,,,,,,,,
1572337649000,,,,,,,,,,,,,,,,,,,,,,,,,,,,,,,,,,,,,,,,,1.97,,,,,,,,,,,,,,,,,,,,,,,,,,,,,,,,,,,,0.18
1572406531000,,,,,,,,,,,,,,,,,,,,,,,,,,,,,,,,,,,,,,,,,8.93,,,,,,,,,,,,,,,,,1.80,,,,,,,,,,,,,,,,,,,0.06
1572476793000,,,,,,,,,,,,,,2.30,,,,,,,,,,,,,,,,,,,,,,,,,,,2.45,,,,,,,,,,,,,,,,,,,,,,,,,,,,,,,,,,,,
1572546064000,,,,,,,,,,,,,,,,,,,,,,,,,,,,,,,,,,,,,,,,,1.50,,,,,,,,,,,,,,,,,,,,,,,,,,,,,,,,,,,,
1572615810000,,,,,,,,,,,,,,2.38,,,,,,,,,,,,,,,,,,,,,,,,,,,3.18,,,,,,,,,,,,,,,,,7.00,,,,,,,,,,,,,,,,,,,0.50
1572684939000,,0.09,,,,,0.40,,,,,,,,,,,,,,,,,,,,,,,,,,,,,,,,,,,,,,,,,,,,,,,,,,,2.98,,,,,,,,,,,,,,,,,,,0.01
1572754262000,,,,,,,0.40,,,,,,,,,,,,,,,,,,,,,,,,,,,,,,,,,,,,,,,,,,,,,,,,,,,,,,,,,,,,,,,,,,,,,,
1572822749000,,,,,,,,,,,,,,,,,,,,,,,,,,,,,,,,,,,,,,,,,,,,,,,,,,,,,,,,,,,,,,,,,,,,,,,,,,,,,1.13
1572893104000,,,,,,,,,,,,,,,,,,,,,,,,,,,,,,,,,,,,,,,,,1.00,,,,,,,,,,,,,,,,,,,,,,,,,,,,,,,,,,,,
1572962724000,,,,,,,,,,,,,,7.20,,,,,,,,,,,,,,,,,,,,,,,,,,3.00,12.67,,,,,,,,,,,,,,,,,,1.82,,,,,,,,,,,,,,,,,,
1573031855000,,,,,,,,,,,,,,2.45,,,,,,,,,,,,,,,,,,,,,,,,,,,2.00,,,,,,,,,,,,,,,,,,2.02,,,,,,,,,,,,,,,,,,0.02
1573101222000,,,,,,,,,,,,,,1.25,,,,,,,,,,,,,,,,,,,,,,,,,,5.00,1.00,,,,,,,,,,,,,,,,,,1.00,,,,,,,,,,,,,,,,,,0.00
1573171451000,,,,,,,,,,,,,,,,,,,,,,,,,,,,,,,,,,,,0.91,,,,3.06,2.00,,,,,,,,,,,,,,,,,,,,,,,,,,,,,,,,,,,,0.00
1573240765000,,,,,,,,,,,,,,2.52,,,,,,,,,,,,,,,,,,,,,,,,,,6.04,,,,,,,,,,,,,,,,,,,2.03,,,,,,,,,,,,,,,,,,2.06
1573311556000,,,,,,,,,,,,,,2.48,,,,,,,,,,,,,,,,,,,,,,,,,,9.00,3.50,,,,,,,,,,,,,,,,,,,,,,,,,,,,,,,,,,,,
1573382543000,,,,,,,,,,,,,,,,,,,,,,,,,,,,,,,,,,,,,,,,4.09,2.74,,,,,,,,,,,,,,,7.27,,4.00,,,,,,,,,,,,,,,,,,,0.03
1573455245000,,,,,,,,,,,,,,10.33,,,,,,,,,,,,,,,,,,,,,,,,,,3.07,15.15,,,,,,,,,,,,3.00,,,,,6.00,,,,,,,,,,,,,,,,,,,0.06
1573527153000,,,,,,,,,,,,,,,,,,,,,,,,,,,,,,,,,,,,,,,,,2.53,,,,,,,,,,,,3.00,,,,,2.00,2.00,,,,,,,,,,,,,,,,,,
1573598526000,,,,,,,,,,,,,,,,,,,,,,,,,,,,,,,,,,,,,,,,3.05,0.25,,,,,,,,,,3.00,,,,,,,5.96,,,,,,,,,,,,,,,,,,,0.01
1573670409000,,,,,,,,,,,,,,,,,,,,,,,,,,,,,,,,,,,,,,,,3.06,,,,,,,,,,,,,3.00,,,,,,,,,,,,,,,,,,,,,,,,0.07
1573742983000,,,,,,,,,,,,,,,,,,,,,,,,,,,,,,4.00,,,,,,,,,,,,,,,,,,,,,,,,,,,,1.94,,,,,,,,,,,,,,,,,,,0.21
1573814675000,,,,,,,,,,,,,,,,,,,,,,,,,,,,,,,,,,,,,,,,,,,,,,,,,,,,,,,,,,,,,,,,,,,,,,,,,,,,,0.04
1573886613000,,,,,,,,,,,,,,,,,,,,,,,,,,,,,,,,,,,,,,,,,,,,,,,,,,,,,,,,,,,,,,,,,,,,,,,,,,,,,0.04
1573958177000,,,,,,,,,,,,,,,,,,,,,,,,,,,,,,,,,,,,,,,,,1.51,,,,,,,3.00,,,,,3.00,,,,,,,,,,,,,,,,,,,,,,,,
1574030120000,,,,,,,,,,,,,,,1.01,,,,,,,,,,,,,,,,,,,,,,,,,,,,,,,,,,,,,,,,,,,,,,,,,,,,,,,,,,,,,,0.10
1574102523000,,,,,,,,,,,,,,,,,,,,,,,,,,,,,,,,,2.11,,,,,,,3.04,,,,,,3.00,,,,,,,3.00,,,,,3.09,2.04,,,,,,,,,,,,,,,,,,0.88
1574175364000,,,,,,,,2.65,,,,,,,,,,,,,,,,,,,,,,,,,,,,,,,,,,,,,,,,,,,,,,,,,,,,,,3.00,,,,,,,,,2.60,,,,,,0.64
1574248216000,,,,,,,,,,,,,,,,,,,,,,,,,,,,,,,,,2.18,,,,,,,,,,,,,,,,,,,,,,,,,,2.03,,,,,,,,,,,,,,,,,,0.00
1574319702000,,,,,,,0.75,,,,,,,,,,,,,,,,,,,,,,,,,,,,,,,,,,,,,,,,,,2.53,,,,,,,,,,2.03,,,,,,,,,,,,,,,,,,0.20
1574390894000,,,,,,,0.75,,,,,,,,,,,,,,,,,,,,,,,,,,,3.00,,,,,,3.05,,,,,,,,,,,,,,,,,,,,,,,,,,,,,,,,,,,,,0.10
1574463158000,,,,,,,,,,,,,,,,,,,,,,,,,,,,,,,,,3.08,,,,,,,,,,,,,3.00,,,,,,,,,,,,,1.77,,,,,,,,,,,,,,,,,,0.04
1574534614000,,,,,,,,,,,,,,,,,,,,,,,,,,,,,,1.75,,,,,,,,,,,,,,,,,,,,,,,,,,,,,,,,,,,,,,,,,,,,,,,0.00
1574606767000,,,,,,,,,,,,,,,,,,,,,,,,,,,,,,,,,,,,,,,,,,,,,,,,,,,,,,,,,,,,,,,,,,,,,,,,,,,,,0.01
1574677937000,,,,,,,1.43,,,,,,,,,,,,,,,,,,,,,,,,,,4.00,3.00,,,,,,3.07,,,,,,,,,,,1.00,,,,0.01,,,1.65,6.63,,,,,,,,,,,,,,,,,,0.42
1574753753000,,,,,,,0.70,,,,,,,,,,,,,,,,,,,,,,,1.70,,,,,,,,,,,,,,,,,,,,,,,,,,,,,,,,,,,,,,,,,,,,,,,
1574906610000,,,,,,,0.73,,,,,,,,,,,,,,,,,,,,,,,,,,4.00,,,,,,,3.10,,,,,,,,,2.16,,,,,,,,,,5.03,,,3.00,,,,,,,,,,,,,,,
1574982967000,,,,,,,,,,,,,,,,,,,,,,,,,,,,,,,,,,1.00,,0.01,,,,6.14,,,,,,3.00,,,,,,,6.00,,,,,,,,,,,,,,,,,,,,,,,,
1575059347000,,,,,,,,,,,,,,,,,,,,,,,,,,,,0.03,,,,,,,,,,,,,,,,,,,,,,,,,,,,,,,,,,,,,,,,,,,,,,,,,0.09
1575136068000,,,,,,,,,,,,,,,,,,,,,,,,,,,,,,,,,,,,2.48,,,,,,,,,,,,,,,,,,,,,,,,,,,,,,,,,,,,,,,,,
1575212493000,,,,,,,,,,,,,,,,,,,,,,,,,,,,,,,,,,,,,,,,,,,,,,,,,,,,,,,,,,,,,,,,,,,,,,,,,,,,,0.01
1575288653000,,,,,,,1.40,,,,,,,,,,,,,,,,,,,,,,,,,,,,,,,,,3.05,,,,,,,,,,,,,,,,,,,,,,,,,,,,,,,,,,,,,0.16
1575366165000,,,,,,,,,,,,,,,,,,,,,,,,,,,,,,,,,,,,,,,,,,,,,,,,,,,,,,,,,,,,,,,,,,,,,,,,,,,,,0.57
1575442393000,,,,,,,0.70,,,,,,,,,,,,,,,,,,,,,,,,,,2.50,,,,,,,,,,,,,,,,1.00,,,,3.00,,,,,,,,,,,,,,,,,,,,,,,,0.10
1575519604000,,,,,,,0.75,,,,,,,,,,,,,,,,,,,,,,,,,,7.50,,,,,,,,,,,,,,,,,,,,3.00,,0.07,,,,,,,,,,,,,,,,,,,,,,0.07
1575596839000,,,,,,,,,,,,,,2.66,,,,,,,,,,,,,,,,,,0.82,11.50,4.00,,,,,,12.32,,,,,,,1.48,1.00,1.00,,1.00,,4.00,,,,,,2.00,3.03,,,,,,,,,,,,,,,,,0.03
1575673602000,,,,,,,,,,,,,,,,,,,,,,,,,,,,,,,,,2.67,,,,,,,3.10,,3.10,,,,,,,,,,,3.00,,,,,,,,,,,,,,,,,,,,,,,,0.10
1575749392000,,,,,,,,,,,,,,,,,,,,,,,,,,,,,,,,,,,,,,,,,,,,,,1.00,,,,,,,3.00,,0.67,,,,,,,,,,,,,,,,,,,,,,0.98
1575826602000,,,,,,,,,,,,,,,,,,,,,,,,,,,,,,,,,,,,,,,,,,,,,,,,,,,,,,,,,,,,,,,,,,,,,,,,,,,,,0.01
1575903384000,,,,,,,,,,,,,,,,,,,,,,,,,,,,,,,,,,,,,,,,,,,,,,,,,,,,,,,,,,,2.04,,,,,,,,,,,,,,,,,,
1575979374000,,,,,,,,,,,,,,,,,,,,,,,,,,,,,,,,,,,,,,,,,,4.09,,,,,,,,,,,,0.66,,,,,3.85,,,,,,,,,,,,,,,,,,0.14
1576056123000,,,,,,,,,,,,,,,,,,,,,,,,,,,,,,,,,,3.00,,,,,,,,,,,,3.00,,7.00,1.00,,3.00,,,,,,,,,,,,,,,,,,,,,,,,,,0.18
1576132843000,0.75,,,,,,,,,,,,,5.86,,,,,,,,,,,,,,,,,,,3.69,3.00,,,,,,,,2.38,,,,1.00,,,1.50,,7.00,,7.00,0.79,,,,19.97,,,,,,,,,,,,,,,,,,,2.13
1576208669000,,0.01,,,,,,,,,,,,,,,,,,,,,,,,,,,,,,,3.50,,,,,,,,,,,,,4.00,,,0.50,,3.00,,3.00,,,,,2.75,13.30,,,,,,,,,,,,,,,,,,1.80
1576288118000,,,,,,,,3.85,,,,,,,,,,,,,,,,,,,,,,,,,12.81,3.00,,10.00,32.30,,,,,10.16,,,,3.00,,6.00,,,,,6.00,,,,,2.34,,,,,,,,,,,,,3.78,,,,,,0.04
1576372313000,,,,,,,,,,,,,,,,,,,,,,,,,,,,,,,,,,,,,,,,,,,,,,,,,,,,,3.00,,,,,5.15,10.34,5.47,,,,,,,,,,,,,,,,,1.85
1576456679000,,,,,,,,,,,,,,2.81,,,,,,,,,,,,,,0.17,,,,,,,,,,,,,,,,,,,,,2.25,,,,,,,,,,2.04,,,,,,,,,,,,,,,,,,
1576541361000,,,,,,,,,,,,,,,,,,,,,,,,,,,,,,,,,,,,,,,,,,,,,,,,,,,,,,,,,,,4.04,,,,,,,,,,,,,,,,,,
1576627001000,,,,,,,,,,,,,,,,,,,,,,,,,,,,,,,,,2.00,,,,,,,,,,,,,,,,,,3.00,,,,,,,,2.03,,,,,,,,,,,,,,,,,,
1576713534000,,,,,,,,,,,,,,,,,,,,,,,,,,,,,,,,,4.00,,,,,,,,,,,,,,,,,,,,,,,,,,,,,,,,,,,,,,,,,,,,0.06
1576799699000,,,,,,,,,,,,,,,,,,,,,,,,,,,,,,,,,,,,,,,,,,,,,,,,,0.86,,3.00,,,,,,,,,,,,,,,,,,,,,,,,,,
1576886273000,,,,,,,,,,,,,,,,,,,,,,,,,,,,,,,,,,,,,,,,,,,,,,,,,,,,,,,,,,,,,,,,,,,,,,,,,,,,,0.15
1576971438000,,,,,,,,,,,,,,,,,,,,,,,,,,,,,,,,,,,,,,,,,,,,,,,,,,,,,,,,,,,,,,,,,,,,,,,,,,,,,0.05
1577057861000,,,,,,,,,,,,,,,,,,,,,,,,,,,,,,,,,,,,,,,,,,,,,,,4.05,,,,,,,,,,,,,,,,,,,,,,,,,,,,,,0.00
1577143907000,,,,,,,,,,,,,,,,,,,,,,,,,,,,,,,,,,,,0.10,,,,,,3.56,,,,,,,,,,,,,,,,,,,,,,,,,,,,,,,,,,,
1577229621000,,,,,,,,,,,,,,,,,,,,,,,,,,,,,,,,,9.50,,,,,,,,,,,,,,,,2.20,,,,6.00,,0.15,,,,4.07,3.71,,,,,,1.50,,,,,,,,,,,0.01
1577315631000,,,,,,,,,,,,,,,,,,,,,,,,,,,,,,,,,,,,,,,,,2.20,,,,,,,,2.13,,,,,,,,,,,,,,,,,,,,,,,,,,,,0.06
1577402327000,,,,,,,,,,,,,,,,,,,,,,,,,,,,,,,,,,,,,,,,,,,,,,,,,,,,,,,,,,,,,,,,,,,,,,,,,,,,,0.01
1577573599000,,,,,,,,,,,,,,,,,,,,,,,,,,,,,,,,,,,,,,,,,,,,,,,,,,,,,,,,,,,,,,,,,,,,,,,,,,,,,0.17
1577659927000,,,,,,,,,,,,,,,,,,,,,,,,,,,,,,,,,,,,,,,,,,,,,,,,,,,,,,,,,,,3.04,,,,,,,,,,,,,,,,,,0.01
1577746179000,,,,,,,,,,,,,,,,,,,,,,5.01,,,,,,,,,,,,,,,,,,,,,,,,,,,,,,,,,,,,2.43,,,,,,,,,,,,,,,,,,,0.27
1577832303000,,,,,,,,,,,,,,,,,,,,,,,,,,,,,,,,,,,,,,,,,,,,,,,,,,,,,,,,,,,,,,,,,,,,,,,,,,,,,0.01
1577918935000,,,,,,,,,,,,,,,,,,,,,,,,,,,,,,,,,5.00,,,,,,,,,,,,,,,,,,,,,,,,,,1.01,,,,,,,,,,,,,,,,1.00,,0.85
1577997589000,,,,,,,,,,,,,,,,,,,,,,,4.55,,,,,,,,,,7.00,,,,,,,,,,,,,,,,2.03,,3.00,,3.00,,,,,,4.08,,,,,,,1.76,,,,,,,,,,,0.75
1578063677000,,,,,,,,,,,,,,,,,,,,,,,,,,,,,,,,,,,,,,,,,,,,,,,,,,,,,,,,,,,,,,,,,,,,,,,,,,,0.26,,0.13
1578129566000,,,,,,,,,,,,,,,,,,,,,,,,,,,,,,,,,,,,0.02,,,,,,3.03,,,,,,,,,,,,,,,,,,,,,,,,,,,,,,,,,,,0.13
1578195701000,,,,,,,,,,,,,,,,,,,,,,,,,,,,,,,,,,,,,,,10.00,,,12.40,,,,,,,,,,,,,,,,,2.02,,,,,,,1.35,,,,,,,,,,,0.07
1578261907000,,,,,,,,,,,,,,,,,,,,,,,,,,,,,,,,,,,,,,,,,,,,,,,,,,,,,,,,,,,3.10,,,,,,,,,,,,,,,,,,0.03
1578327837000,,,,,,,,,,,,,,,,,,,,,,9.09,,,,,,,,,,,4.00,,,,,,,,,,,,,,,,,,,,,,,,,,1.58,,,,,,,,,,,,,,,,,,0.02
1578393679000,,,,,,,,,,,,,,,,,,,,,,,,,,,,0.03,,,,,,,,,,,,,,3.96,,,,,,,,,,,,,,,,,4.51,,,,,,,,,,,,,,,,,,0.11
1578459841000,,,,,,,,,,,,,,,,,,,,,,,,,,,,,,,,,2.00,,,,,,,,,,,,,,,,1.94,,,,,,0.16,,,,8.13,,,,,,,,,,,,,,,,1.50,,0.01
1578526345000,,,,,,,,,,,,,,,,,1.01,,,,,,,,,,,,,,,,,,,0.00,,,,,,,,,,,3.09,,,,,,,,,,,,,,,,,,,,,,,,,,,,1.00,,0.00
1578592894000,,,,,,,,,,,,,,,,,,,,,,,,,,,,,,,,,,,,,,,,,,,,,,,,,,,,,,,,,,,,,,,,,,,,,,,,,,,,,0.00
1578658814000,,,,,,,,,,,,,,,,,,,,,,,,,,,,,,,,,,,,,,,,,,,,,,,,,,,,,,,,,,,,,,,,,,,,,,,,,,,,,0.62
1578724741000,,,,,,,,,,,,,,,,,,,,,,,,,,,,,,,,,,,,,,,,,,,,,,,,,,,,,,,,,,,1.58,,,,,,,,,,,,,,,,,,0.00
1578790822000,,,,,,,,,,,,,,,,,,,,,,,,,,,,,,,,,,,,,,,,,,,,,,,,,,,,,,,,,,,2.34,,,,,,,,,,,,,,,,0.50,,0.13
1578857025000,,,,,,,,,,,,,,,,,,,,,,,,,,,,,,,,,,,,,,,,,,,,,,,,,,,,,,,,,,,,,,,,,,,,,,,,,,,1.10,,0.08
1578923015000,,,,,,,,,,,,,,,,,,,,,,,,,,,,,,,,,,,,,,,,,,,,,,,,,,,,,,,,,,,,,,,,,,,,,,,,,,,0.49,,0.10
1578989540000,,,,,,,,,,,,,,,,,3.03,,,,,,,,,,,,,,,,,,,,,,,,,,,,,,,,,,,,,,,,,,,,,,,,,,,,,,,,,,,,
1579055596000,,,,,,,,,,,,,,,,,,,,,,,,,,,,,,,,2.00,,,,,,,,,,4.08,,,,,,,,,,,,0.44,,,,3.03,16.03,,,,,,,,,,,,,,,,1.86,,
1579122050000,,,,,,,,,,,,,,,,,1.02,,,,,,,,,,,,,,,,4.00,,,,,,,,,,,,,,,,,,,,,,,,,,,,,3.00,,,,0.90,,,,,,,,,,,
1579188604000,,,,,,,,,,,,,,,,,0.55,,,,,,,,,,,,,,,,,,,,,,,,,,,,,,,,,,,,,,,,,,,,,,,,,,,,,,,,,,,,
1579254375000,,,,,,,,,,,,,,,,,,,,,,,,,,,,,,,,,,,,,,,,,,,,,,,3.04,,,,,,,,,,,,,,,,,,,,,,,,,,,,,,0.04
1579320115000,,,,,,,,,,,,,,,,,1.03,,,,,,,0.10,,,,,,,,,2.00,,,,,,,,,,,,,,,,,,3.00,,,,,,,,3.67,,,,,,,,,,,,,,,,,,0.05
1579386588000,,,,,,,,,,,,,,,,,,,,,,,,,,,,,,,,,,,,,,,,,,,,,,,,,,,,,,,,,,,,,,,,,,,,,,,,,,,,,0.02
1579453251000,,,,,,,,,,,,,,,,,,,,,,,,,,,,,,,,,,,,,,,,,,,,,,,,,,,,,,,,,,,2.03,,,,,,,,,,,,,,,,,,0.22
1579518909000,,,,,,,,,,,,,,,,,,,,,,,,,,,,,,,,,,,,,,,,,,,,,,,,,,,,,,,,,,,,,,,,,,,,,,,,,,,,,0.18
1579584998000,,,,,,,,,,,,,,,,,,,,,,,,0.14,,,,,,1.45,,,,,,,,,,,,,,,,,,,,,,,,,,,,,,,,,,,,,,,,,,,,,,,0.00
1579650516000,,,,,,,,,,,,,,,,,,,,,,,,,,,,,,,,,,,,,,,,,,,,,,,,,,,,,,,,,,,1.01,,,,,,,,,,,,,,,,,,1.94
1579717286000,,,,,,,,,,,,,,,,,1.01,,,,,,,,,,,,,,,,,,,,,,,,,,,,,,,,,,,,,,,,,,,,,,,,,,,,,,,,,,,,
1579848954000,,,,,,,,,,,,,,,,,,,,,,,,,,,,,,,,,,,,,,,,,,,,,,,,,,,,,,,,,,,,,,,,,,,,,,,,,,,,,0.24
1579915579000,,,,,,,,,,,,,,,,,,,,,,,,,,,,,,,,,2.00,,,,,,,,,,,,,,,,,,,,,,,,,,,,,,,,,,,,,,,,,,,,0.08
1579982233000,,,,,,,,,,,,,,,,,0.73,,,,,,,1.51,,,,,,,,,3.50,,,,,,,,,,,,,,,,,,,,,,,,,,2.02,,,,,,,,,,,,,,,,,,0.04
1580049245000,,,,,,,,,,,,,,,,,,,,,,,,1.58,,,,,,,,,2.00,,,,,,,,,,,,,,,,,,,,,,,,,,,,,3.00,,,,,,,,,,,,,,,0.48
1580114658000,,,,,,,,,,,,,,,,,0.77,,,,,,,1.63,,,,,,,,,,,,,,,,,,1.48,,,,,,,,,,,,,,,,,2.65,,,,,,,,,,,,,,,,,,0.08
1580180893000,,,,,,,,,,,,,,,,,,,,,,,,1.73,,,,,,,,,,,,,,,,,,,,,,,,,,,,,,,,,,,1.00,,,,,,,,,,,,,,,,,,1.12
1580247630000,,,,,,,,,,,,,,,,,,,,,,,,,,,,,,,,,,,,,,,,,,,,,,,,,,,,,,,,,,,4.89,,,,,,,,,,,,,,,,,,0.12
1580313366000,,,,,,,,,,,,,,,,,,,,,,,,,,,,,,,,,,,,,,,,,,,,,,,,,,,,,,,,,,,1.02,,,,,,,,,,,,,,,,,,0.09
1580380051000,,,,,,,,,,,,,,,,,2.03,,,,,,,,,,,,,,,,,,,,,,,,,,,,,,,,,,,,,,,,,,1.04,,,,,,,,,,,,,,,,,,1.72
1580446477000,1.20,,,,,,,,,,,,,,,,0.99,,,,,,,,,,,,,,,,,,,,,,,,,,,,,,,,,,,,,0.33,,,,,5.84,,,,,,,,,,,,,,,,,,1.03
1580512997000,,,,2.00,,,,,,,,,,,,,1.00,,,,,,,,,,,,,,,,,,,,,,,,,,,,,,,,,,,,,,,,,,,,,,,,,,,,,,,,,,,,0.01
1580579921000,,,,,,,,,,,,,,,,,,,,,,,,,,,,,,,,,,,,,,,,,,,,,,,,,,,,,,0.01,,,,,,,,,,,,,,,,,,,,,,,0.06
1580645575000,,,,,,,,,,,,,,,,,,,,,,,,,,,,,,,,,,,,,,,,,,,,,,,2.53,,,,,,,,,,,,,,,,,,,,,,,,,,,,,,0.72
1580711822000,0.07,,,,,,,,,,,,,1.03,,,,,,,,,,,,,,,,,,,,,,,,,,,,,,,,,,,,,,,,,,,,,2.61,,,,,,,,,,,,,,,,,,5.00
1580778615000,,,,,,,,,,,,,,,,,,,,,,,,0.33,,,,,,,,,,,,,,,,,,,,,,,,,,,,,,,,,,,,,,,,,,,,,,,,,,,,,0.08
1580844182000,,,,,,,,,,,,,,,,,,,,,,,,1.61,,,,,,,,,3.50,,,,,,,,,,,,,,,,,,,,,,,,,,,,,,,,,,,,,,,,,,,,0.06
1580910496000,,,,,,,,,,,,,,,,,1.02,,,,,,,,,,,,,,,,6.00,,,3.07,,,,,,,,,,,2.04,,,,,,,,,,,3.11,,,,,,,,,,,,,,,,,,,0.02
1580977343000,,,,,,,,,,,,,,,,,,,,,,,,,,,,,,,,,,,,,,,,,,,,,,,,,,,,,,,,,,,3.38,,,,,,,,,,,,,,,,,,
1581043789000,,,,,,,,,,,,,,,,,,,,,,,,0.09,,,,,,,,,2.00,,,,,,,,,,,,,,,,,,,,,,,,,,,,,1.00,,,,,,,,,,,,,,,0.69
1581110121000,,,,,,,,,,,,,,,,,,,,,,,,,,,,,,,,,2.00,,,,,,,,,,,,,,,,,,3.00,,,,,,,,,,,,,,,,,,,,,,,,,,0.01
1581177428000,,,,,,,,,,,,,,,,,,,,,,,,7.23,,,,,,,,,10.00,,,,,,,,,,,,,3.00,,,,,,,3.00,,,,,,,,,,,,,,,,,,,,,,,,0.59
1581243665000,,,,,,,,,,,,,,,,,,,,,,,,,,,,,,,,,,,,0.71,,,,,,,,,,,,,,,,,,,,,,,,,,,,,,,,,,,,,,,,,0.02
1581310184000,,,,,,,,1.21,,,,,,,,,3.03,,,,,,,7.50,,,,7.10,,,,,,,,,,,,,,11.55,,,,,3.05,,,,,,,,,,,,,,,,,,,,,,,,1.18,,,,,,1.20
1581375300000,,,,,,,,2.35,,,,,,,,,,,,,,,,,,,,,,,,,4.00,,,0.29,,,,,,,,,,,,,,,3.00,,6.00,,,,,,,,,,,,,,,,,,2.30,,,,,,1.66
1581441429000,,,,,,,,,,,,,,,,,2.03,,,,,,,,,,,,,,,,4.00,,,,,,,,,,,,,,,,,,,,,0.10,,,,,,5.14,,,,,,,,,,,,,,,,,2.07
1581508790000,,,,,,,,,,,,,,,,,,,,,,,,,,,,,,2.65,,,,,,,,,,,,,,,,,,,,,,,,,,,,2.97,,,,,,,,,,,,,,,,,,,1.48
1581574720000,,,,,,,,,,,,,,,,,,,,,,,,,,,,,,7.65,,,2.00,,,2.07,,,,,,,,,,,,,,,,,,0.29,,,,,,,,,,,,,,,,,,,,,,,0.02
1581641265000,,,,,,,,,,,,,,,,,1.00,,,,,,,0.38,,,,,,,,,2.00,,,,,,,,,,,,,,,,,,,,,,,,,,,,,,,,,,,,,,,,,,,,0.63
1581707956000,,,,,,,,,,,,,,,,,,,,,,,,0.23,,,,,,,,,6.00,,,,,,,,,,,,,,,,,,,,,,,,,,,,,4.00,,,,,,,,,,,,,,2.65,1.42
1581774043000,,,,,,,,,,,,,,,,,,,,,,,,3.31,,,,,,5.35,,,19.50,,,,,,,,,7.00,,,,3.00,2.96,,,,3.00,,3.00,,,,,,,,,3.00,,,,,,,,,,,,,,12.00,0.85
1581841298000,,,,,,,,,,,,,,,,,1.00,,,,,,,,,,1.02,,,,,,4.00,,,,,,,,,,,,,,,,,,1.00,,1.00,,,,,,4.09,4.16,,1.00,,,,,,,,,,,,,,,0.83
1581907086000,,,,,,,,2.53,,,,,,,,,1.00,,,,,,,1.00,,,13.93,0.00,,,,,4.00,,,,,,,,,,,,,3.00,2.20,,,,3.00,,6.00,,,,,,,,,,,,,,,,,,2.48,,,,,,0.08
1581973926000,,,,17.65,,,,9.00,,,,,,1.11,,,,,,,,,,,,,66.46,,,24.35,,,48.00,6.00,,13.38,,15.14,,,,,,,,13.00,8.71,9.00,,,16.00,,13.00,,,,,29.99,12.54,4.98,,5.00,,1.53,,,,,,,8.86,,,,,,2.63
1582040665000,,,,1.88,,,,,,,,,,,,,,,,,,,,,,,8.27,,,,,,4.00,1.00,,,,,,,,3.06,,,,,2.04,,,,1.00,,1.00,,,,,,,,,,,,1.99,,,,,,,,,,,,0.25
1582106715000,,,,1.05,,,,,,,,,,,,,,,,,,,,,,,,1.49,,,,,2.00,,,,,,,,,6.16,,,,,,,,,,,,,,,,,3.98,5.18,,1.00,,,5.11,,,,,,,,,,,,0.38
1582173039000,,,,,,,,,,,,,,3.63,,,,,,,,,,9.28,,,,,,,,3.00,2.00,,,,,,,,,4.06,,,,,,,,,,,1.00,0.72,,,,,,3.00,,,,,4.08,,,,,,,,,,,,6.98
1582240159000,,,,,,,,,,,,,,,,,,,,,,,,,,,,,,1.50,,,2.00,,,,,,,,,,,,,,,,,,3.00,,,,,,,,,,,,,,3.90,,,,,,,,,,,,0.85
1582306851000,,,,,,,,,,,,,,,,,,,,,,,,,,,,,,,,,2.00,,,,,,,,,,,,,,,,,,,,,,,,,,,,,,,,3.84,,,,,,,,,,,,0.22
1582372667000,,,,,,,,,,,,,,,,,,,,,,,,,,,,,,,,,,,,,,,,,,,,,,,,,,,,,,,,,,,,,,,,,1.87,,,,,,,,,,,,0.65
