timestamp,​0x8e5272Cec02272e232C4C8bDd1d64D3a4AA532e5,​0x54bc3fE4E8C377246aCd5b4c25705c1b4324e859,​0xA54da2581dd4828e4Aa00638Aab835119500A284,​0xfD9E6FD73a0694057B632D8D3D4925D99c374306,​0x38F2cDD0Ea4b38dBed40A36530313A5D89638858,​0xAf2Ee2ffF6d00693D0B2339172ffB33290982a09,​0x0000000000C90bc353314b6911180ED7E06019A9,​0x196A3Dc8446920Cef0f0d1f6Bf7Ba5b40702C79f,​0xfFd70ED81Bd9eeFe8D0ef4cBbfAfb40C234Ff957,​0x409B512e1cf94500877C5353B2a0C13B2d24914F,​0x00000000aCA7BA47149da8A2F0cE02D140eCFA12,​0x9550050D102Ff42A2A683A9Fa23B8f3fb2B378c8,​0x3838433F63f4d4A24260F2485AACf5894ba7Bc93,​0xB9c71dFfd0315a61b5DF3Ef77f2cAa5149Fba4E1,​0xE2d128323Cf7560a6E7a82726D7b425aEdc7a556,​0xB958a8f59AC6145851729F73c7A6968311d8B633,​0xCA31fb8477fA7a041596B79Df835bAad60d5D138,​0xA540fb50288cc31639305B1675c70763C334953b,​0xA24F2E6dCbD2Da9A220958401dAB74B365bD34E1,​0xcb8213C641659DAF800215Dd20c84D37EA1C9a5e,​0x2C4Bd064b998838076fa341A83d007FC2FA50957,​0x4BBfC08C91A17D0cB77Fa0db6AE42E26579E1Fc3,​0x709C59829A5EA6783bbfA56C5C267fd71A0F214e,​0x778FDaf34BB5993D69968f541152451241Fab7e3,​0x0aF6a3c73d0a132333562a3906ae6335783a2b3a,​0x91e3D646AC3C562D2C35fD7e86fC69A8eAe7A8F9,​0x9CDd246814c41338A65Fd91a48f240fDbea0627d,​0x97deC872013f6B5fB443861090ad931542878126,​0x4d2f5cFbA55AE412221182D8475bC85799A5644b,​0x7b0703b4F43EE24426DaB6DAbBD5064B1E461274,​0x107B8C8a12f24f6bfec6aB480B4C843291e1575e,​0xF9A32d297A41A1e1Ac276C06f8e4B6cb72a34577,​0xFA27C9b69dD0B2E0f96118D564ce3b8A275905BD,​0x8018280076d7fA2cAa1147e441352E8a89e1DDbe,​0xf6451a191c521482F74e305A0140a86056676ca6,​0xfA211D66F9843a3a5fdeB77a3E3727e2604D85a8,​0x9BA6c9D09dB964771cB4D526188F6AF81e9bCF9e,​0xB1dEbeF06e45178F53CD15741e21163461D30FFC,​0x40ddBf3BdE9c33661C8B4a4E9045eE7Ade9E7102,​0x56Ec87150c44DCE6D9a73281FE4c5d1f9671805A,​0xb146907392eD12031F7715B0376833E3f7C5b98c,​0x9799b475dEc92Bd99bbdD943013325C36157f383,​0x796d715ecEaEaEA9aAa9F0c9bB9C24da07170f7D,​0x986748F2eec2f0BEC5a85FBaC06F982ee4a91281,​0x09cabEC1eAd1c0Ba254B09efb3EE13841712bE14,​0x2d9E7f7887BB496592430ef62400dd9007925b88,​0xF76350A77A2B2a34395D3F50DD5C1f4eA2e7D6Da,​0x57aEda024fdbC8e1CE19cB9a628CA39747e3661f,​0x1200563cFAEb481e1f0542A246F0cefcdE4C4753,​0x85C5c26DC2aF5546341Fc1988B9d178148b4838B,​0xAE320fFE3236062aC23450AA9840FB4cE168a715,​0x7596862A14058a0045aa7e136BaE705BB8Ed7123,​0x90a3D8C8a9247e409F455C4F7DC4092596C223A2,​0x00413793A34097c1A89f70a0c6917d67948eCA8a,​0x82da82DBe384736e4Dd95615D8036Cc472773F5A,​0x1A840cA2a16D0D7987A315d53A7c3D1E629B9DEd,​0x3a4cf729Ef92FB952916c6990C2dF70620A7948E,​0x581B59995dD05399A2bAFbaDd809e200974cfDae,​0x11111254369792b2Ca5d084aB5eEA397cA8fa48B,​0xA311Ab5780aA036B71aAc2b71163fD03ec0DF59E,​0xE23b713BF714E0EA9A319A54a8c3eB0f6687346E,​0x2CB60BCAB1bB0cf550E5CCe394F07aE7C18d0e80,​0x13526967CadFd180c27A4392A46A30c573088bee,​0xA01622A97b7d4910c399F9DBd8d8cc6c65511783,​0xb174Ef1aA446998cf6156Fba8664cEEddd7fB211,​0x87fc35E9eD8B0B7bdEE930ae8800a5B51B71b483,​0xa1426C67db444dd05A90f531C233583472b6b01b,​0x785CfC135cd5E26f55a791D177C3cbDFB16F9fEA,​0x00000000016697Fa9A9C8e2889E28D3D9816A078,​0x00000000Af5A61acAf76190794E3fdf1289288A1,​0x5e685d8Ab0352DE65eE93e62dEaa9F22D3Ae2f0e,​0x633eE4F45976c5bB3C5E29dA3df74dFfdF67D2a9,​0xA2881A90Bf33F03E7a3f803765Cd2ED5c8928dFb,​0xa57Bd00134B2850B2a1c55860c9e9ea100fDd6CF,​0xa9dDc3383Ab709EA54aB5B4f9f89F57E60EB2F4f,​0x5A34F25040ba6E12daeA0512D4D2a0043ECc9292,​0x2e3A5f60a5590959B068587c47e643E18E7F5Cdf,​0x3958B4eC427F8fa24eB60F42821760e88d485f7F,​0xA825CAE02B310E9901b4776806CE25db520c8642,​0xB944d13b2f4047fc7bd3F7013bcf01b115fb260d,​0x9E64B47bBdb9c1F7B599f11987b84C416C0c4110,​0x022865cCce84fa9F715207D047D78a05313dC86D,​0x00a2Ddfa736214563CEa9AEf5100f2e90c402918,​0x2a1530C4C41db0B0b2bB646CB5Eb1A67b7158667,​0xB1e2FEc6eB5f05a0456B6D17B9A52aDB288A7C52,​0xdC6D991a6F18471418e28C9249D69f385333f4ac,​0xA2345C7DB212Ab9c478B1C206fB9b14C0E7c11C7,​0x6ca323Ab76aa6d0C7406520f49795470662e9C84,​0xdb0FA209f856c8798F1adb6f1554639c28248577,​0xD43e547E080f8F591D83cc8efc16BD63baA66B24,​0x96FE94c07Ee88fC2A4B3E978D875202fD113e654,​0x9e13a306A06834c00977BC607e63a59b04739914,​0xe8EfCF0ff27e9D2150598273716914096d22c246,​0xAd38e2656E65827A87FcA4F903a2760e273dD4BC,​0x2c9Bd9Db61eCCF16eD766b598bC5e0706c992296,​0x0fD84d7cb911728737556684050782B298F70f0f,Other
1541138179000,,,,,,,,,,,,,,,,,,,,,,,,,,,,,,,,,,,,,,,,,,,,,,,,,,,,,,,,,,,,,,,,,,,,,,,,,,,,,,,,,,,,,,,,,,,,,,,,,
1541208929000,,,,,,,,,,,,,,,,,,,,,,,,,,,,,,,,,,,,,,,,,,,,,,,,,,,,,,,,,,,,,,,,,,,,,,,,,,,,,,,,,,,,,,,,,,,,,,,,,
1541278948000,,,,,,,,,,,,,,,,,,,,,,,,,,,,,,,,,,,,,,,,,,,,,,,,,,,,,,,,,,,,,,,,,,,,,,,,,,,,,,,,,,,,,,,,,,,,,,,,,
1541349786000,,,,,,,,,,,,,,,,,,,,,,,,,,,,,,,,,,,,,,,,,,,,,,,,,,,,,,,,,,,,,,,,,,,,,,,,,,,,,,,,,,,,,,,,,,,,,,,,,
1541420957000,,,,,,,,,,,,,,,,,,,,,,,,,,,,,,,,,,,,,,,,,,,,,,,,,,,,,,,,,,,,,,,,,,,,,,,,,,,,,,,,,,,,,,,,,,,,,,,,,
1541492111000,,,,,,,,,,,,,,,,,,,,,,,,,,,,,,,,,,,,,,,,,,,,,,,,,,,,,,,,,,,,,,,,,,,,,,,,,,,,,,,,,,,,,,,,,,,,,,,,,
1541563675000,,,,,,,,,,,,,,,,,,,,,,,,,,,,,,,,,,,,,,,,,,,,,,,,,,,,,,,,,,,,,,,,,,,,,,,,,,,,,,,,,,,,,,,,,,,,,,,,,
1541633523000,,,,,,,,,,,,,,,,,,,,,,,,,,,,,,,,,,,,,,,,,,,,,,,,,,,,,,,,,,,,,,,,,,,,,,,,,,,,,,,,,,,,,,,,,,,,,,,,,
1541704729000,,,,,,,,,,,,,,,,,,,,,,,,,,,,,,,,,,,,,,,,,,,,,,,,,,,,,,,,,,,,,,,,,,,,,,,,,,,,,,,,,,,,,,,,,,,,,,,,,
1541775648000,,,,,,,,,,,,,,,,,,,,,,,,,,,,,,,,,,,,,,,,,,,,,,,,,,,,,,,,,,,,,,,,,,,,,,,,,,,,,,,,,,,,,,,,,,,,,,,,,
1541846343000,,,,,,,,,,,,,,,,,,,,,,,,,,,,,,,,,,,,,,,,,,,,,,,,,,,,,,,,,,,,,,,,,,,,,,,,,,,,,,,,,,,,,,,,,,,,,,,,,
1541916662000,,,,,,,,,,,,,,,,,,,,,,,,,,,,,,,,,,,,,,,,,,,,,,,,,,,,,,,,,,,,,,,,,,,,,,,,,,,,,,,,,,,,,,,,,,,,,,,,,
1541987229000,,,,,,,,,,,,,,,,,,,,,,,,,,,,,,,,,,,,,,,,,,,,,,,,,,,,,,,,,,,,,,,,,,,,,,,,,,,,,,,,,,,,,,,,,,,,,,,,,
1542057712000,,,,,,,,,,,,,,,,,,,,,,,,,,,,,,,,,,,,,,,,,,,,,,,,,,,,,,,,,,,,,,,,,,,,,,,,,,,,,,,,,,,,,,,,,,,,,,,,,
1542129179000,,,,,,,,,,,,,,,,,,,,,,,,,,,,,,,,,,,,,,,,,,,,,,,,,,,,,,,,,,,,,,,,,,,,,,,,,,,,,,,,,,,,,,,,,,,,,,,,,0.12
1542200038000,,,,,,,,,,,,,,,,,,,,,,,,,,,,,,,,,,,,,,,,,,,,,,,,,,,,,,,,,,,,,,,,,,,,,,,,,,,,,,,,,,,,,,,,,,,,,,,,,0.04
1542270610000,,,,,,,,,,,,,,,,,,,,,,,,,,,,,,,,,,,,,,,,,,,,,,,,,,,,,,,,,,,,,,,,,,,,,,,,,,,,,,,,,,,,,,,,,,,,,,,,,0.20
1542341124000,,,,,,,,,,,,,,,,,,,,,,,,,,,,,,,,,,,,,,,,,,,,,,,,,,,,,,,,,,,,,,,,,,,,,,,,,,,,,,,,,,,,,,,,,,,,,,,,,
1542411439000,,,,,,,,,,,,,,,,,,,,,,,,,,,,,,,,,,,,,,,,,,,,,,,,,,,,,,,,,,,,,,,,,,,,,,,,,,,,,,,,,,,,,,,,,,,,,,,,,
1542482550000,,,,,,,,,,,,,,,,,,,,,,,,,,,,,,,,,,,,,,,,,,,,,,,,,,,,,,,,,,,,,,,,,,,,,,,,,,,,,,,,,,,,,,,,,,,,,,,,,0.19
1542552521000,,,,,,,,,,,,,,,,,,,,,,,,,,,,,,,,,,,,,,,,,,,,,,,,,,,,,,,,,,,,,,,,,,,,,,,,,,,,,,,,,,,,,,,,,,,,,,,,,
1542623314000,,,,,,,,,,,,,,,,,,,,,,,,,,,,,,,,,,,,,,,,,,,,,,,,,,,,,,,,,,,,,,,,,,,,,,,,,,,,,,,,,,,,,,,,,,,,,,,,,
1542695059000,,,,,,,,,,,,,,,,,,,,,,,,,,,,,,,,,,,,,,,,,,,,,,,,,,,,,,,,,,,,,,,,,,,,,,,,,,,,,,,,,,,,,,,,,,,,,,,,,
1542766416000,,,,,,,,,,,,,,,,,,,,,,,,,,,,,,,,,,,,,,,,,,,,,,,,,,,,,,,,,,,,,,,,,,,,,,,,,,,,,,,,,,,,,,,,,,,,,,,,,
1542837640000,,,,,,,,,,,,,,,,,,,,,,,,,,,,,,,,,,,,,,,,,,,,,,,,,,,,,,,,,,,,,,,,,,,,,,,,,,,,,,,,,,,,,,,,,,,,,,,,,
1542908721000,,,,,,,,,,,,,,,,,,,,,,,,,,,,,,,,,,,,,,,,,,,,,,,,,,,,,,,,,,,,,,,,,,,,,,,,,,,,,,,,,,,,,,,,,,,,,,,,,
1542979249000,,,,,,,,,,,,,,,,,,,,,,,,,,,,,,,,,,,,,,,,,,,,,,,,,,,,,,,,,,,,,,,,,,,,,,,,,,,,,,,,,,,,,,,,,,,,,,,,,
1543049762000,,,,,,,,,,,,,,,,,,,,,,,,,,,,,,,,,,,,,,,,,,,,,,,,,,,,,,,,,,,,,,,,,,,,,,,,,,,,,,,,,,,,,,,,,,,,,,,,,
1543120048000,,,,,,,,,,,,,,,,,,,,,,,,,,,,,,,,,,,,,,,,,,,,,,,,,,,,,,,,,,,,,,,,,,,,,,,,,,,,,,,,,,,,,,,,,,,,,,,,,0.19
1543190421000,,,,,,,,,,,,,,,,,,,,,,,,,,,,,,,,,,,,,,,,,,,,,,,,,,,,,,,,,,,,,,,,,,,,,,,,,,,,,,,,,,,,,,,,,,,,,,,,,
1543261444000,,,,,,,,,,,,,,,,,,,,,,,,,,,,,,,,,,,,,,,,,,,,,,,,,,,,,,,,,,,,,,,,,,,,,,,,,,,,,,,,,,,,,,,,,,,,,,,,,
1543334296000,,,,,,,,,,,,,,,,,,,,,,,,,,,,,,,,,,,,,,,,,,,,,,,,,,,,,,,,,,,,,,,,,,,,,,,,,,,,,,,,,,,,,,,,,,,,,,,,,0.10
1543405660000,,,,,,,,,,,,,,,,,,,,,,,,,,,,,,,,,,,,,,,,,,,,,,,,,,,,,,,,,,,,,,,,,,,,,,,,,,,,,,,,,,,,,,,,,,,,,,,,,
1543476363000,,,,,,,,,,,,,,,,,,,,,,,,,,,,,,,,,,,,,,,,,,,,,,,,,,0.25,,,,,,,,,,,,,,,,,,,,,,,,,,,,,,,,,,,,,,,,,,,,,,,0.19
1543547699000,,,,,,,,,,,,,,,,,,,,,,,,,,,,,,,,,,,,,,,,,,,,,,,,,,0.25,,,,,,,,,,,,,,,,,,,,,,,,,,,,,,,,,,,,,,,,,,,,,,,
1543618808000,,,,,,,,,,,,,,,,,,,,,,,,,,,,,,,,,,,,,,,,,,,,,,,,,,0.25,,,,,,,,,,,,,,,,,,,,,,,,,,,,,,,,,,,,,,,,,,,,,,,
1543689978000,,,,,,,,,,,,,,,,,,,,,,,,,,,,,,,,,,,,,,,,,,,,,,,,,,,,,,,,,,,,,,,,,,,,,,,,,,,,,,,,,,,,,,,,,,,,,,,,,
1543762528000,,,,,,,,,,,,,,,,,,,,,,,,,,,,,,,,,,,,,,,,,,,,,,,,,,,,,,,,,,,,,,,,,,,,,,,,,,,,,,,,,,,,,,,,,,,,,,,,,
1543833579000,,,,,,,,,,,,,,,,,,,,,,,,,,,,,,,,,,,,,,,,,,,,,,,,,,,,,,,,,,,,,,,,,,,,,,,,,,,,,,,,,,,,,,,,,,,,,,,,,
1543904618000,,,,,,,,,,,,,,,,,,,,,,,,,,,,,,,,,,,,,,,,,,,,,,,,,,,,,,,,,,,,,,,,,,,,,,,,,,,,,,,,,,,,,,,,,,,,,,,,,
1543976854000,,,,,,,,,,,,,,,,,,,,,,,,,,,,,,,,,,,,,,,,,,,,,,,,,,,,,,,,,,,,,,,,,,,,,,,,,,,,,,,,,,,,,,,,,,,,,,,,,
1544047777000,,,,,,,,,,,,,,,,,,,,,,,,,,,,,,,,,,,,,,,,,,,,,,,,,,,,,,,,,,,,,,,,,,,,,,,,,,,,,,,,,,,,,,,,,,,,,,,,,0.01
1544119637000,,,,,,,,,,,,,,,,,,,,,,,,,,,,,,,,,,,,,,,,,,,,,,,,,,0.25,,,,,,,,,,,,,,,,,,,,,,,,,,,,,,,,,,,,,,,,,,,,,,,
1544191617000,,,,,,,,,,,,,,,,,,,,,,,,,,,,,,,,,,,,,,,,,,,,,,,,,,,,,,,,,,,,,,,,,,,,,,,,,,,,,,,,,,,,,,,,,,,,,,,,,
1544263439000,,,,,,,,,,,,,,,,,,,,,,,,,,,,,,,,,,,,,,,,,,,,,,,,,,,,,,,,,,,,,,,,,,,,,,,,,,,,,,,,,,,,,,,,,,,,,,,,,
1544334704000,,,,,,,,,,,,,,,,,,,,,,,,,,,,,,,,,,,,,,,,,,,,,,,,,,0.24,,,,,,,,,,,,,,,,,,,,,,,,,,,,,,,,,,,,,,,,,,,,,,,
1544405011000,,,,,,,,,,,,,,,,,,,,,,,,,,,,,,,,,,,,,,,,,,,,,,,,,,0.50,,,,,,,,,,,,,,,,,,,,,,,,,,,,,,,,,,,,,,,,,,,,,,,
1544475718000,,,,,,,,,,,,,,,,,,,,,,,,,,,,,,,,,,,,,,,,,,,,,,,,,,0.50,,,,,,,,,,,,,,,,,,,,,,,,,,,,,,,,,,,,,,,,,,,,,,,
1544547488000,,,,,,,,,,,,,,,,,,,,,,,,,,,,,,,,,,,,,,,,,,,,,,,,,,0.75,,,,,,,,,,,,,,,,,,,,,,,,,,,,,,,,,,,,,,,,,,,,,,,0.66
1544618822000,,,,,,,,,,,,,,,,,,,,,,,,,,,,,,,,,,,,,,,,,,,,,,,,,,0.25,,,,,,,,,,,,,,,,,,,,,,,,,,,,,,,,,,,,,,,,,,,,,,,
1544689901000,,,,,,,,,,,,,,,,,,,,,,,,,,,,,,,,,,,,,,,,,,,,,,,,,,0.25,,,,,,,,,,,,,,,,,,,,,,,,,,,,,,,,,,,,,,,,,,,,,,,
1544761330000,,,,,,,,,,,,,,,,,,,,,,,,,,,,,,,,,,,,,,,,,,,,,,,,,,1.00,,,,,,,,,,,,,,,,,,,,,,,,,,,,,,,,,,,,,,,,,,,,,,,1.00
1544832405000,,,,,,,,,,,,,,,,,,,,,,,,,,,,,,,,,,,,,,,,,,,,,,,,,,,,,,,,,,,,,,,,,,,,,,,,,,,,,,,,,,,,,,,,,,,,,,,,,
1544903281000,,,,,,,,,,,,,,,,,,,,,,,,,,,,,,,,,,,,,,,,,,,,,,,,,,,,,,,,,,,,,,,,,,,,,,,,,,,,,,,,,,,,,,,,,,,,,,,,,
1544974705000,,,,,,,,,,,,,,,,,,,,,,,,,,,,,,,,,,,,,,,,,,,,,,,,,,,,,,,,,,,,,,,,,,,,,,,,,,,,,,,,,,,,,,,,,,,,,,,,,
1545047794000,,,,,,,,,,,,,,,,,,,,,,,,,,,,,,,,,,,,,,,,,,,,,,,,,,,,,,,,,,,,,,,,,,,,,,,,,,,,,,,,,,,,,,,,,,,,,,,,,
1545121062000,,,,,,,,,,,,,,,,,,,,,,,,,,,,,,,,,,,,,,,,,,,,,,,,,,,,,,,,,,,,,,,,,,,,,,,,,,,,,,,,,,,,,,,,,,,,,,,,,
1545194042000,,,,,,,,,,,,,,,,,,,,,,,,,,,,,,,,,,,,,,,,,,,,,0.08,,,,,0.75,,,,,,,,,,,,,,,,,,,,,,,,,,,,,,,,,,,,,,,,,,,,,,,
1545268401000,,,,,,,,,,,,,,,,,,,,,,,,,,,,,,,,,,,,,,,,,,,,,,,,,,0.25,,,,,,,,,,,,,,,,,,,,,,,,,,,,,,,,,,,,,,,,,,,,,,,
1545342023000,,,,,,,,,,,,,,,,,,,,,,,,,,,,,,,,,,,,,,,,,,,,,,,,,,0.75,,,,,,,,,,,,,,,,,,,,,,,,,,,,,,,,,,,,,,,,,,,,,,,0.29
1545415730000,,,,,,,,,,,,,,,,,,,,,,,,,,,,,,,,,,,,,,,,,,,,,,,,,,,,,,,,,,,,,,,,,,,,,,,,,,,,,,,,,,,,,,,,,,,,,,,,,0.00
1545489450000,,,,,,,,,,,,,,,,,,,,,,,,,,,,,,,,,,,,,,,,,,,,,,,,,,0.25,,,,,,,,,,,,,,,,,,,,,,,,,,,,,,,,,,,,,,,,,,,,,,,
1545562634000,,,,,,,,,,,,,,,,,,,,,,,,,,,,,,,,,,,,,,,,,,,,,,,,,,,,,,,,,,,,,,,,,,,,,,,,,,,,,,,,,,,,,,,,,,,,,,,,,0.39
1545636119000,,,,,,,,,,,,,,,,,,,,,,,,,,,,,,,,,,,,,,,,,,,,,,,,,,0.25,,,,,,,,,,,,,,,,,,,,,,,,,,,,,,,,,,,,,,,,,,,,,,,0.19
1545708423000,,,,,,,,,,,,,,,,,,,,,,,,,,,,,,,,,,,,,,,,,,,,,,,,,,0.50,,,,,,,,,,,,,,,,,,,,,,,,,,,,,,,,,,,,,,,,,,,,,,,0.20
1545781311000,,,,,,,,,,,,,,,,,,,,,,,,,,,,,,,,,,,,,,,,,,,,,,,,,,,,,,,,,,,,,,,,,,,,,,,,,,,,,,,,,,,,,,,,,,,,,,,,,0.22
1545853370000,,,,,,,,,,,,,,,,,,,,,,,,,,,,,,,,,,,,,,,,,,,,,,,,,,,,,,,,,,,,,,,,,,,,,,,,,,,,,,,,,,,,,,,,,,,,,,,,,0.27
1545927395000,,,,,,,,,,,,,,,,,,,,,,,,,,,,,,,,,,,,,,,,,,,,,,,,,,,,,,,,,,,,,,,,,,,,,,,,,,,,,,,,,,,,,,,,,,,,,,,,,
1546000562000,,,,,,,,,,,,,,,,,,,,,,,,,,,,,,,,,,,,,,,,,,,,,,,,,,,,,,,,,,,,,,,,,,,,,,,,,,,,,,,,,,,,,,,,,,,,,,,,,
1546073485000,,,,,,,,,,,,,,,,,,,,,,,,,,,,,,,,,,,,,,,,,,,,,,,,,,0.25,,,,,,,,,,,,,,,,,,,,,,,,,,,,,,,,,,,,,,,,,,,,,,,
1546145827000,,,,,,,,,,,,,,,,,,,,,,,,,,,,,,,,,,,,,,,,,,,,,,,,,,,,,,,,,,,,,,,,,,,,,,,,,,,,,,,,,,,,,,,,,,,,,,,,,
1546218595000,,,,,,,,,,,,,,,,,,,,,,,,,,,,,,,,,,,,,,,,,,,,,,,,,,,,,,,,,,,,,,,,,,,,,,,,,,,,,,,,,,,,,,,,,,,,,,,,,
1546292150000,,,,,,,,,,,,,,,,,,,,,,,,,,,,,,,,,,,,,,,,,,,,,,,,,,,,,,,,,,,,,,,,,,,,,,,,,,,,,,,,,,,,,,,,,,,,,,,,,
1546365675000,,,,,,,,,,,,,,,,,,,,,,,,,,,,,,,,,,,,,,,,,,,,,,,,,,,,,,,,,,,,,,,,,,,,,,,,,,,,,,,,,,,,,,,,,,,,,,,,,
1546438572000,,,,,,,,,,,,,,,,,,,,,,,,,,,,,,,,,,,,,,,,,,,,,,,,,,,,,,,,,,,,,,,,,,,,,,,,,,,,,,,,,,,,,,,,,,,,,,,,,
1546513937000,,,,,,,,,,,,,,,,,,,,,,,,,,,,,,,,,,,,,,,,,,,,,,,,,,,,,,,,,,,,,,,,,,,,,,,,,,,,,,,,,,,,,,,,,,,,,,,,,0.30
1546591053000,,,,,,,,,,,,,,,,,,,,,,,,,,,,,,,,,,,,,,,,,,,,,,,,,,0.25,,,,,,,,,,,,,,,,,,,,,,,,,,,,,,,,,,,,,,,,,,,,,,,0.27
1546669576000,,,,,,,,,,,,,,,,,,,,,,,,,,,,,,,,,,,,,,,,,,,,,,,,,,,,,,,,,,,,,,,,,,,,,,,,,,,,,,,,,,,,,,,,,,,,,,,,,0.20
1546745738000,,,,,,,,,,,,,,,,,,,,,,,,,,,,,,,,,,,,,,,,,,,,,,,,,,,,,,,,,,,,,,,,,,,,,,,,,,,,,,,,,,,,,,,,,,,,,,,,,
1546823093000,,,,,,,,,,,,,,,,,,,,,,,,,,,,,,,,,,,,,,,,,,,,,,,,,,,,,,,,,,,,,,,,,,,,,,,,,,,,,,,,,,,,,,,,,,,,,,,,,0.11
1546899613000,,,,,,,,,,,,,,,,,,,,,,,,,,,,,,,,,,,,,,,,,,,,,,,,,,,,,,,,,,,,,,,,,,,,,,,,,,,,,,,,,,,,,,,,,,,,,,,,,0.15
1546978150000,,,,,,,,,,,,,,,,,,,,,,,,,,,,,,,,,,,,,,,,,,,,,0.06,,,,,,,,,,,,,,,,,,,,,,,,,,,,,,,,,,,,,,,,,,,,,,,,,,,,
1547055036000,,,,,,,,,,,,,,,,,,,,,,,,,,,,,,,,,,,,,,,,,,,,,0.07,,,,,,,,,,,,,,,,,,,,,,,,,,,,,,,,,,,,,,,,,,,,,,,,,,,,
1547132534000,,,,,,,,,,,,,,,,,,,,,,,,,,,,,,,,,,,,,,,,,,,,,,,,,,,,,,,,,,,,,,,,,,,,,,,,,,,,,,,,,,,,,,,,,,,,,,,,,
1547210059000,,,,,,,,,,,,,,,,,,,,,,,,,,,,,,,,,,,,,,,,,,,,,,,,,,,,,,,,,,,,,,,,,,,,,,,,,,,,,,,,,,,,,,,,,,,,,,,,,0.10
1547287230000,,,,,,,,,,,,,,,,,,,,,,,,,,,,,,,,,,,,,,,,,,,,,,,,,,,,,,,,,,,,,,,,,,,,,,,,,,,,,,,,,,,,,,,,,,,,,,,,,0.59
1547364620000,,,,,,,,,,,,,,,,,,,,,,,,,,,,,,,,,,,,,,,,,,,,,,,,,,,,,,,,,,,,,,,,,,,,,,,,,,,,,,,,,,,,,,,,,,,,,,,,,
1547441816000,,,,,,,,,,,,,,,,,,,,,,,,,,,,,,,,,,,,,,,,,,,,,,,,,,,,,,,,,,,,,,,,,,,,,,,,,,,,,,,,,,,,,,,,,,,,,,,,,0.10
1547518339000,,,,,,,,,,,,,,,,,,,,,,,,,,,,,,,,,,,,,,,,,,,,,,,,,,1.00,,,,,,,,,,,,,,,,,,,,,,,,,,,,,,,,,,,,,,,,,,,,,,,1.08
1547595530000,,,,,,,,,,,,,,,,,,,,,,,,,,,,,,,,,,,,,,,,,,,,,0.41,,,,,2.50,,,,,,,,,,,,,,,,,,,,,,,,,,,,,,,,,,,,,,,,,,,,,,,5.50
1547673644000,,,,,,,,,,,,,,,,,,,,,,,,,,,,,,,,,,,,,,,,,,,,,0.20,,,,,0.25,,,,,,,,,,,,,,,,,,,,,,,,,,,,,,,,,,,,,,,,,,,,,,,1.59
1547751054000,,,,,,,,,,,,,,,,,,,,,,,,,,,,,,,,,,,,,,,,,,,,,,,,,,0.75,,,,,,,,,,,,,,,,,,,,,,,,,,,,,,,,,,,,,,,,,,,,,,,0.49
1547828619000,,,,,,,,,,,,,,,,,,,,,,,,,,,,,,,,,,,,,,,,,,,,,,,,,,,,,,,,,,,,,,,,,,,,,,,,,,,,,,,,,,,,,,,,,,,,,,,,,
1547904215000,,,,,,,,,,,,,,,,,,,,,,,,,,,,,,,,,,,,,,,,,,,,,0.10,,,,,,,,,,,,,,,,,,,,,,,,,,,,,,,,,,,,,,,,,,,,,,,,,,,,1.29
1547981162000,,,,,,,,,,,,,,,,,,,,,,,,,,,,,,,,,,,,,,,,,,,,,,,,,,,,,,,,,,,,,,,,,,,,,,,,,,,,,,,,,,,,,,,,,,,,,,,,,
1548061637000,,,,,,,,,,,,,,,,,,,,,,,,,,,,,,,,,,,,,,,,,,,,,,,,,,,,,,,,,,,,,,,,,,,,,,,,,,,,,,,,,,,,,,,,,,,,,,,,,0.44
1548146240000,,,,,,,,,,,,,,,,,,,,,,,,,,,,,,,,,,,,,,,,,,,,,,,,,,,,,,,,,,,,,,,,,,,,,,,,,,,,,,,,,,,,,,,,,,,,,,,,,0.14
1548232784000,,,,,,,,,,,,,,,,,,,,,,,,,,,,,,,,,,,,,,,,,,,,,,,,,,1.00,,,,,,,,,,,,,,,,,,,,,,,,,,,,,,,,,,,,,,,,,,,,,,,0.47
1548317720000,,,,,,,,,,,,,,,,,,,,,,,,,,,,,,,,,,,,,,,,,,,,,,,,,,0.60,,,,,,,,,,,,,,,,,,,,,,,,,,,,,,,,,,,,,,,,,,,,,,,0.71
1548402864000,,,,,,,,,,,,,,,,,,,,,,,,,,,,,,,,,,,,,,,,,,,,,,,,,,0.30,,,,,,,,,,,,,,,,,,,,,,,,,,,,,,,,,,,,,,,,,,,,,,,0.00
1548487485000,,,,,,,,,,,,,,,,,,,,,,,,,,,,,,,,,,,,,,,,,,,,,,,,,,0.15,,,,,,,,,,,,,,,,,,,,,,,,,,,,,,,,,,,,,,,,,,,,,,,
1548573526000,,,,,,,,,,,,,,,,,,,,,,,,,,,,,,,,,,,,,,,,,,,,,,,,,,0.15,,,,,,,,,,,,,,,,,,,,,,,,,,,,,,,,,,,,,,,,,,,,,,,0.22
1548660153000,,,,,,,,,,,,,,,,,,,,,,,,,,,,,,,,,,,,,,,,,,,,,,,,,,0.15,,,,,,,,,,,,,,,,,,,,,,,,,,,,,,,,,,,,,,,,,,,,,,,0.27
1548748418000,,,,,,,,,,,,,,,,,,,,,,,,,,,,,,,,,,,,,,,,,,,,,,,,,,0.65,,,,,,,,,,,,,,,,,,,,,,,,,,,,,,,,,,,,,,,,,,,,,,,0.34
1548837025000,,,,,,,,,,,,,,,,,,,,,,,,,,,,,,,,,,,,,,,,,,,,,0.11,,,,,0.15,,,,,,,,,,,,,,,,,,,,,,,,,,,,,,,,,,,,,,,,,,,,,,,0.31
1548924193000,,,,,,,,,,,,,,,,,,,,,,,,,,,,,,,,,,,,,,,,,,,,,,,,,,0.10,,,,,,,,,,,,,,,,,,,,,,,,,,,,,,,,,,,,,,,,,,,,,,,
1549012454000,,,,,,,,,,,,,,,,,,,,,,,,,,,,,,,,,,,,,,,,,,,,,,,,,,,,,,,,,,,,,,,,,,,,,,,,,,,,,,,,,,,,,,,,,,,,,,,,,0.10
1549101725000,,,,,,,,,,,,,,,,,,,,,,,,,,,,,,,,,,,,,,,,,,,,,,,,,,0.10,,,,,,,,,,,,,,,,,,,,,,,,,,,,,,,,,,,,,,,,,,,,,,,
1549189411000,,,,,,,,,,,,,,,,,,,,,,,,,,,,,,,,,,,,,,,,,,,,,,,,,,,,,,,,,,,,,,,,,,,,,,,,,,,,,,,,,,,,,,,,,,,,,,,,,
1549277128000,,,,,,,,,,,,,,,,,,,,,,,,,,,,,,,,,,,,,,,,,,,,,,,,,,0.10,,,,,,,,,,,,,,,,,,,,,,,,,,,,,,,,,,,,,,,,,,,,,,,
1549364548000,,,,,,,,,,,,,,,,,,,,,,,,,,,,,,,,,,,,,,,,,,,,,,,,,,0.10,,,,,,,,,,,,,,,,,,,,,,,,,,,,,,,,,,,,,,,,,,,,,,,0.10
1549452970000,,,,,,,,,,,,,,,,,,,,,,,,,,,,,,,,,,,,,,,,,,,,,,,,,,0.10,,,,,,,,,,,,,,,,,,,,,,,,,,,,,,,,,,,,,,,,,,,,,,,
1549541642000,,,,,,,,,,,,,,,,,,,,,,,,,,,,,,,,,,,,,,,,,,,,,,,,,,,,,,,,,,,,,,,,,,,,,,,,,,,,,,,,,,,,,,,,,,,,,,,,,
1549628950000,,,,,,,,,,,,,,,,,,,,,,,,,,,,,,,,,,,,,,,,,,,,,,,,,,0.10,,,,,,,,,,,,,,,,,,,,,,,,,,,,,,,,,,,,,,,,,,,,,,,0.04
1549717506000,,,,,,,,,,,,,,,,,,,,,,,,,,,,,,,,,,,,,,,,,,,,,,,,,,0.10,,,,,,,,,,,,,,,,,,,,,,,,,,,,,,,,,,,,,,,,,,,,,,,
1549810793000,,,,,,,,,,,,,,,,,,,,,,,,,,,,,,,,,,,,,,,,,,,,,,,,,,0.60,,,,,,,,,,,,,,,,,,,,,,,,,,,,,,,,,,,,,,,,,,,,,,,5.25
1549913781000,,,,,,,,,,,,,,,,,,,,,,,,,,,,,,,,,,,,,,,,,,,,,,,,,,0.65,,,,,,,,,,,,,,,,,,,,,,,,,,,,,,,,,,,,,,,,,,,,,,,1.74
1550015706000,,,,,,,,,,,,,,,,,,,,,11.71,,,,,,,,,,,,,,,,,,,,,,,,,,,,,,,,,,11.71,,,,,,,,,,,,,,,,,,,,,,,,,,,,,,,,,,,,,,,,,,
1550119035000,,,,,,,,,,,,,,,,,,,,,,,,,,,,,,,,,,,,,,,,,,,,,,,,,,,,,,,,,,,,,,,,,,,,,,,,,,,,,,,,,,,,,,,,,,,,,,,,,
1550223641000,,,,,,,,,,,,,,,,,,,,,,,,,,,,,,,,,,,,,,,,,,,,,,,,,,,,,,,,,,,,,,,,,,,,,,,,,,,,,,,,,,,,,,,,,,,,,,,,,
1550326685000,,,,,,,,,,,,,,,,,,,,,,,,,,,,,,,,,,,,,,,,,,,,,,,,,,,,,,,,,,,,,,,,,,,,,,,,,,,,,,,,,,,,,,,,,,,,,,,,,
1550429585000,,,,,,,,,,,,,,,,,,,,,,,,,,,,,,,,,,,,,,,,,,,,,,,,,,3.31,,,,,,,,,,,,,,,,,,,,,,,,,,,,,,,,,,,,,,,,,,,,,,,0.72
1550532875000,,,,,,,,,,,,,,,,,,,,,,,,,,,,,,,,,,,,,,,,,,,,,,,,,,16.93,,,,,1.73,,,,,,,,,,,,,,,,,,,,,,,,,,,,,,,,,,,,,,,,,,
1550633598000,,,,,,,,,,,,,,,,,,,,,,,,,,,,,,,,,,,,,,,,,,,,,,,,,,5.56,,,,4.30,,,,,,,,,,,,,,,,,,,,,,,,,,,,,,,,,,,,,,,,,,,5.57
1550735511000,,,,,,,,,,,,,,,,,,,,,,,,,,,,,,,,,,,,,,,,,,,,,,,,,,4.50,,,,3.02,0.74,,,,,,,,,,,,,,,,,,,,,,,,,,,,,,,,,,,,,,,,,,
1550837309000,,,,,,,,,,,,,,,,,,,,,,,,,,,,,,,,,,,,,,,,,,,,,,,,,,1.95,,,,4.05,,,,,,,,,,,,,,,,,,,,,,,,,,,,,,,,,,,,,,,,,,,0.50
1550937834000,,,,,,,,,,,,,,,,,,,,,,,,,,,,,,,,,,,,,,,,,,,,,0.77,,,,,1.80,,,,,0.78,,,,,,,,,,,,,,,,,,,,,,,,,,,,,,,,,,,,,,,,,,
1551038450000,,,,,,,,,,,,,,,,,,,,,,,,,,,,,,,,,,,,,,,,,,,,,,,,,,5.57,,,,3.32,2.73,,,,,,,,,,,,,,,,,,,,,,,,,,,,,,,0.00,,,,,,,,,,,4.04
1551140412000,,4.62,,,,,,,,,,,,,,,,,,,,,,,,,,,,,,,,,,,,,,,,,,,,,,,,11.02,,,,9.65,5.07,,,,,,,,,,,,,,,,,,,,,,,,,,,,,,,,,,,,,,,,,,3.12
1551242071000,,,,,,,,,,,,,,,,,,,,,,,,,,,,,,,,,,,,,,,,,,,,,0.57,,,,,4.82,,,,2.03,,,,,,,,,,,,,,,,,,,,,,,,,,,,,,,,,,,,,,,,,,,0.10
1551342768000,,,,,,,,,,,,,,,,,,,,,,,,,,,,,,,,,,,,,,,,,,,,,3.77,,,,,7.67,,,,4.03,,,,,,,,,,,,,,,,,,,,,,,,,,,,,,,,2.11,,,,,,,,,,,
1551431102000,,,,,,,,,,,,,,,,,,,,,,,,,,,,,,,,,,,,,,,,,,,,,,,,,,3.54,,,,1.00,1.62,,,,,,,,,,,,,,,,,,,,,,,,,,,,,,,,,,,,,,,,,,
1551500225000,,,,,,,,,,,,,,,,,,,,,,,,,,,,,,,,,,,,,,,,,,,,,0.16,,,,,0.60,,,,,,,,,,,,,,,,,,,,,,,,,,,,,,,,,,,,,,,,,,,,,,,
1551568203000,,,,,,,,,,,,,,,,,,,,,,,,,,,,,,,,,,,,,,,,,,,,,,,,,,,,,,1.00,,,,,,,,,,,,,,,,,,,,,,,,,,,,,,,,,,,,,,,,,,,
1551635562000,,,,,,,,,,,,,,,,,,,,,,,,,,,,,,,,,,,,,,,,,,,,,,,,,,0.55,,,,,0.62,,,,,,,,,,,,,,,,,,,,,,,,,,,,,,,,,,,,,,,,,,0.95
1551703372000,,,,,,,,,,,,,,,,,,,,,,,,,,,,,,,,,,,,,,,,,,,,,,,,,,,,,,,,,,,,,,,,,,,,,,,,,,,,,,,,,,,,,,,,,,,,,,,,,0.31
1551770679000,,,,,,,,,,,,,,,,,,,,,14.47,,,,,,,,,,,,,,,,,,,,,,,,,,,,,2.35,,,,2.01,2.78,,,,,,,,,,,,,,,,,,,,,,,,,,,,,,,,,,,,,,,,,,13.54
1551838168000,,,,,,,0.75,,,,,,,,,,,,,,,,,,,,,,,,,,,,,,,,,,,,,,2.85,,,,,2.26,,,,2.97,,,,,,,,,,,,,,,,,,,,,,,,,,,,,,,,,,,,,,,,,,,2.89
1551905102000,,,,,,,,,,,,,,,,,,,,,,,,,,,,,,,,,,,,,,,,,,,,,,,,,,1.20,,,,1.00,,,,,,,,,,,,,,,,,,,,,,,,,,,,,,,,,,,,,,,,,,,
1551973041000,,,,,,,,,,,,,,,,,,,,,,,,,,,,,,,,,,,,,,,,,,,,,,,,,,1.75,,,,,1.09,,,,,,,,,,,,,,,,,,,,,,,,,,,,,,,,,,,,,,,,,,0.24
1552039745000,,,,,,,0.75,,,,,,,,,,,,,,,,,,,,,,,,,,,,,,,,1.50,,,,,,0.88,,,,,16.21,,,,5.02,5.41,,,,,,,,,,,,,,,,,,,,,,,,,,,,,,,,,,,,,,,,,,3.03
1552108151000,,,,,,,2.27,,,,,,,,,,,,,,,,,,,,,,,,,,,,,,,,,,,,,,,,,,,3.80,,,,1.01,2.95,,,,,,,,,,,,,,,,,,,,,,,,,,,,,,,,,,,,,,,,,,0.02
1552175208000,,3.90,,,,,0.76,,,,,,,,,,,,,,,,,,,,,,,,,,,,,,,,2.03,,,,,,,,,,,2.65,,,,3.01,,,,,,,,,,,,,,,,,,,,,,,,,,,,,,,,,,,,,,,,,,,2.00
1552241652000,,,,,,,2.75,,,,,,,,,,,,,,,,,,,,,,,,,,,,,,,,,,,,,,,,,,,15.96,,,,5.04,,,,,,,,,,,,,,,,,,,,,,,,,,,,,,,,2.51,,,,,,,,,,,1.49
1552309136000,,,,,,,0.76,,,,,,,,,,,,,,,,,,,,,,,,,,,,,,,,,,,,,,,,,,,9.02,,,,6.45,,,,,,,,,,,,,,,,,,,,,,,,,,,,,,,,,,,,,,,,,,,
1552376359000,,3.21,,,,,3.01,,,,,,,,,,,,,,,,,,,,,,,,,,,,,,,,1.01,,,,,,0.18,,,,,5.96,,,,25.02,2.71,,,,,,,,,,,,,,,,,,,,,,,,,,,,,,,,,,,,,,,,,,7.33
1552443118000,,,,,,,,,,,,,,,,,,,,,,,,,,,,,,,,,,,,,,,,,,,,,,,,,,4.00,,,,8.73,0.45,,,,,,,,,,,,,,,,,,,,,,,,,,,,,,,,,,,,,,,,,,7.26
1552510965000,,,,,,,,,,,,,,,,,,,,,2.61,,,,,,,,,,,,,,,,,,6.96,,,,,,,,,,,2.66,,,,3.93,2.21,,,,,,,,,,,,,,,,,,,,,,,,,,,,,,,,,,,,,,,,,,10.11
1552578457000,,4.03,,,,,,,,,,,,,,,,,,,,,,,,,,,,,,,,,,,,,,,,,,,,,,,,3.96,,,,6.03,,,,,,,,,,,,,,,,,,,,,,,,,,,,,,,,,,,,,,,,,,,2.34
1552645085000,,,,,,,,,,,,,,,,,,,,,,,,,,,,,,,,,,,,,,,,,,,,,1.50,,,,,1.35,,,,2.03,,,,,,,,,,,,,,,,,,,,,,,,,,,,,,,,,,,,,,,,,,,
1552712032000,0.42,,,,,,5.29,,,,,,,,,,,,,,,,,,,,,,,,,,,,,,,,4.75,,,,,,,,,,,,,,,5.86,,,,,,,,,,,,,,,,,,,,,,,,,,,,,,,,,,,,,,,,,,,6.91
1552778665000,,,,,,,,,,,,,,,,,,,,,,,,,,,,,,,,,,,,,,,,,,,,,0.34,,,,,,,,,1.00,,,,,,,0.99,,,,,,,,,,,,,,,,,,,,,,,,,,,,,,,,,,,,
1552845464000,,,,,,,,,,,,,,,,,,,,,,,,,,,,,,,,,,,,,,,,,,,,,,,,,,,,,,1.00,,,,,,,2.13,,,,,,,,,,,,,,,,,,,,,,,,,,,,,,,,,,,,0.84
1552913957000,,,,,,,,,,,,,,,,,,,,,,,,,,,,,,,,,,,,,,,,,,,,,,,,,,,,,,,,,,,,,,,,,,,,,,,,,,,,,,,,,,,,,,,,,,,,,,,,,
1552981368000,,,,,,,,,,,,,,,,,,,,,,,,,,,,,,,,,,,,,,,,,,,,,,,,,,,,,,,,,,,,,0.44,,,,,,,,,,,,,,,,,,,,,,,,,,,,,,,,,,,,
1553048481000,,,,,,,,,,,,,,,,,,,,,,,,,,,,,,,,,,,,,,,,,,,,,,,,,,,,,,,,,,,,,1.55,,,,,,,,,,,,,,,,,,,,,,,,,,,,,,,,,,,,
1553115278000,2.50,8.03,,,,,1.51,,,,,,,,,,,,,,,,,,,,,,,,,,,,,,,,,,,,,,,,,,,,,,,,,,,,,,1.84,,,,,,,,,,,,,,,,,,,,,,,,,,,,,,,,,,,,5.35
1553183074000,,,,,,,,,,,,,,,,,,,,,,,,,,,,,,,,,,,,,,,,,,,,,,,,,,,,,,1.01,,,,,,,1.31,,,,,,,,,,,,,,,,,,,,,,,,,1.96,,,,,,,,,,,
1553250112000,,,,,,,,,,,,,,,,,,,,,,,,,,,,,,,,,,,,,,,3.00,,,,,,,,,,,,,,,3.11,,,,,,,2.01,,,,,,,,,,,,,,,,,,,,,,,,,,,,,,,,,,,,3.61
1553317511000,,,,,,,,,,,,,,,,,,,,,,,,,,,,,,,,,,,,,,,,,,,,,,,,,,,,,,,,,,,,,0.94,,,,,,,,,,,,,,,,,,,,,,,,,,,,,,,,,,,,
1553384962000,,,,,,,,,,,,,,,,,,,,,,,,,,,,,,,,,,,,,,,,,,,,,,,,,,,,,,,,,,,,,,,,,,,,,,,,,,,,,,,,,,,,,,,,,,,,,,,,,
1553452320000,,,,,,,,,,,,,,,,,,,,,,,,,,,,,,,,,,,,,,,,,,,,,,,,,,,,,,,,,,,,,1.06,,,,,,,,,,,,,,,,,,,,,,,,,,,,,,,,,,,,1.37
1553519035000,,,,,,,,,,,,,,,,,,,,,,,,,,,,,,,,,,,,,,,,,,,,,,,,,,,,,,,,,,,,,1.02,,,,,,,,,,,,,,,,,,,,,,,,,,,,,,,,,,,,
1553586275000,,,,,,,0.75,,,,,,,,,,,,,,,,,,,,,,,,,,,,,,,,,,,,,,,,,,,9.95,,,,2.22,,,,,,,4.33,,,,,,,,,,,,,,,,,,,,,,,,,,,,,,,,,,,,
1553654855000,,,,,,,,,,,,,,,,,,,,,,,,,,,,,,,,,,,,,,,,,,,,,0.04,,,,,3.66,,,,1.00,,,,,,,2.61,,,,,,,,,,,,,,,,,,,,,,,,,,,,,,,,,,,,
1553721327000,,4.35,,,,,0.75,,,,,,,,,,,,,,,,,,,,,,,,,,,,,,,,,,,,,,,,,,,1.40,,,,,,,,,,,1.04,,,,,,,,,,,,,,,,,,,,,,,,,,,,,,,,,,,,1.94
1553789263000,,8.77,,,,,1.75,,,,,,,,,,,,,,,,,,,,,,,,,,,,,,,,,,,,,,,,,,,4.81,,,,,,,,,,,3.84,,,,,,,,,,,,,,,,,,,,,,,,,,,,,,,,,,,,1.80
1553856960000,6.02,,,,,,24.39,,,,,,,,,,,,,,29.60,,,,,,,,,,,,,,,,,,2.25,,,,,,,,,,,16.68,,,,1.01,,,,,,,1.10,,,,,,,,,,,,,,,,,,,,,,,,,,,,,,,,,,,,0.96
1553924945000,,,,,,,,,,,,,,,,,,,,,,,,,,,,,,,,,,,,,,,,,,,,,,,,,,0.60,,,,,,,,,,,2.16,,,,,,,,,,,,,,,,,,,,,,,,,,,,,,,,,,,,0.05
1553992486000,3.22,,,,,,1.02,,,,,,,,,,,,,,,,,,,,,,,,,,,,,,,,1.03,,,,,,,,,,,1.45,,,,2.32,,,,,,,,,,,,,,,,,,,,,,,,,,,,,,,,,,,,,,,,,,,16.16
1554060309000,,,,,,,,,,,,,,,,,,,,,,,,,,,,,,,,,,,,,,,,,,,,,,,,,,7.09,,,,2.01,,,,,,,2.72,,,,,,,,,,,,,,,,,,,,,,,,,,,,,,,,,,,,
1554127394000,,,,,,,,,,,,,,,,,,,,,,,,,,,,,,,,,,,,,,,,,,,,,,,,,,1.30,,,,,,,,,,,0.51,,,,,,,,,,,,,,,,,,,,,,,,,,,,,,,,,,,,
1554195576000,,,,,,,1.76,,,,,,,,,,,,,,,,,,,,,,,,,,,,,,,,,,,,,,,,,,,11.20,,,,11.08,,,,,,,4.98,,,,,,,,,,,,,,,,,,,,,,,,,10.42,,,,,,,,,,,4.30
1554262735000,1.03,,,,,,,,,,,,,,,,,,,,,,,,,,,,,,,,,,,,,,,,,,,,0.69,,,,,7.32,,,,9.07,,,,,,,1.62,,,,,,,,,,,,,,,,,,,,,,,,,2.07,,,,,,,,,,,
1554331280000,4.17,,,,,,,,,,,,,,,,,,,,,,,,,,,,,,,,,,,,,,,,,,,,,,,,,6.21,,,,2.03,,,,,,,1.81,,,,,,,,,,,,,,,,,,,,,,,,,,,,,,,,,,,,4.77
1554398543000,,,,,,,,,,,,,,,,,,,,,,,,,,,,,,,,,,,,,,,,,,,,,,,,,,3.00,,,,3.00,,,,,,,,,,,,,,,,,,,,,,,,,,,,,,,,,,,,,,,,,,,
1554466199000,,,,,,,0.76,,,,,,,,,,,,,,,,,,,,,,,,,,,,,,,,,,,,,,,,,,,5.11,,,,1.01,,,,,,,1.91,,,,,,,,,,,,,,,,,,,,,,,,,,,,,,,,,,,,
1554532618000,,,,,,,,,,,,,,,,,,,,,,,,,,,,,,,,,,,,,,,,,,,,,0.70,,,,,2.10,,,,,,,,,,,1.59,,,,,,,,,,,,,,,,,,,,,,,,,,,,,,,,,,,,0.29
1554599495000,,2.95,,,,,,,,,,,,,,,,,,,,,,,,,,,,,,,,,,,,,,,,,,,,,,,,5.84,,,,2.01,,,,,,,3.66,,,,,,,,,,,,,,,,,,,,,,,,,,,,,,,,,,,,3.00
1554666574000,,,,,,,,,,,,,,,,,,,,,,,,,,,,,,,,,,,,,,,,,,,,,,,,,,,,,,,,,,,,,,,,,,,,,,,,,,,,,,,,,,,,,,,,,,,,,,,,,0.36
1554733845000,0.48,,,,,,0.76,,,,,,,,,,,,,,,,,,,,,,,,2.41,,,,,,,,,,,,,,,,,,,7.07,,,,5.68,,,,,,,2.29,,,,,,,,,,,,,,,,,,,,,,,,,,,,,,,,,,,,0.89
1554800647000,,,,,,,0.76,,,,,,,,,,,,,,,,,,,,,,,,3.43,,,,,,,,,,,,,,,,,,,2.75,,,,1.00,,,,,,,,,,,,,,,,,,,,,,,,,,,,,,,,,,,,,,,,,,,
1554867921000,,,,,,,,,,,,,,,,,,,,,,,,,,,,,,,1.68,,,,,0.10,,,,,,,,,,,,,,1.45,,,,,,,,,,,,,,,,,,,,,,,,,,,,,,,,,,,,,,,,,,,,,,,
1554934968000,0.85,2.20,,,,,0.75,,2.68,,,,,,,,,,,,,,,,,,,,,,3.23,,,,,1.20,,,,,,,,,,,,,,1.40,,,,1.00,,,,,,,,,,,,,,,,,,,,,,,,,,,,,,,,,,,,,,,,,,,2.20
1555002718000,,2.17,,,,,1.55,,8.39,,,,,,,,,,,,,,,,,,,,,,1.62,,,,,,,,6.02,,,,,,,,,,,6.70,,,,3.03,,,,,,,,,,,,,,,,,,,,,,,,,,,,,,,,,,,,,,,,,,,2.19
1555070200000,,,,,,,,,,,,,,,,,,,,,,,,,,,,,,,,,,,,,,,,,,,,,,,,,,7.43,,,,3.84,,,,,,,,,,,,,,,,,,,,,,,,,,,,,,,,,,,,,,,,,,,
1555136518000,,,,,,,3.02,,6.34,,,,,,,,,,,,,,,,,,,,,,1.09,,,,,,,,5.26,,,,,,,,,,,6.26,,,,2.01,,,,,,,,,,,,,,,,,,,,,,,,,,,,,,,,,,,,,,,,,,,3.02
1555203091000,,,,,,,,,,,,,,,,,,,,,,,,,,,,,,,1.92,,,,,,,,,,,,,,,,,,,7.40,,,,,,,,,,,,,,,,,,,,,,,,,,,,,,,,,,,,2.10,,,,,,,,,,,
1555270669000,,,,,,,,,,,,,,,,,,,,,,,,,,,,,,,3.09,,,,,,,,,,,,,,,,,,,2.05,,,,3.03,,,,,,,,,,,,,,,,,,,,,,,,,,,,,,,,,,,,,,,,,,,
1555337473000,,,,,,,,,,,,,,,,,,,,,,,,,,,,,,,1.78,,,,,,,,,,,,,,,,,,,1.45,,,,1.01,,,,,,,,,,,,,,,,,,,,,,,,,,,,,,,,,,,,,,,,,,,
1555405471000,,,,,,,,,,,,,,,,,,,,,,,,,,,,,,,,,,,,,,,,,,,,,,,,,,2.86,,,,1.00,,,,,,,,,,,,,,,,,,,,,,,,,,,,,,,,,,,,,,,,,,,
1555472795000,,,,,,,,,,,,,,,,,,,,,,,,,,,,,,,2.45,,,,,,,,,,,,,,,,,,,0.75,,,,1.00,,,,,,,,,,,,,,,,,,,,,,,,,,,,,,,,,,,,,,,,,,,
1555539993000,,,,,,,,,,,,,,,,,,,,,,,,,,,,,,,1.59,,,,,,,,,,,,,,,,,,,0.18,,,,,,,,,,,,,,,,,,,,,,,,,,,,,,,,,,,,,,,,,,,,,,,
1555608237000,,,,,,,,,,,,,,,,,,,,,,,,,,,,,,,1.90,,,,,,,,4.00,,,,,,,,,,,2.55,,,,,,,,,,,,,,,,,,,,,,,,,,,,,,,,,,,,,,,,,,,,,,,5.72
1555674728000,,,,,,,,,,,,,,,,,,,,,,,,,,,,,,,0.90,,,,,,,,,,,,,,,,,,,2.70,,,,,,,,,,,,,,,,,,,,,,,,,,,,,,,,,,,,,,,,,,,,,,,0.15
1555741612000,,,,,,,3.04,,,,,,,,1.70,,,,,,,,,,,,,,,,0.52,,,,,,,,,,,,,,,,,,,2.80,,,,,,,,,,,,,,,,,,,,,,,,,,,,,,,,,,,,,3.95,,,,,,,,,,1.06
1555809867000,,,,,,,,,3.81,,,,,,,,,,,,,,,2.25,,,,,,,,,,,,,,,,,,,,,,,,,,1.30,,,,,,,,,,,,,,,,,,,,,,,,,,,,,,,,,,,,,,,,,,,,,,,0.31
1555876621000,,,,,,,,,,,,,,,,2.26,,,,,,,,,,,,,,,0.51,,,,,1.14,,,,,,,,,,,,,,1.96,,,,2.99,,,,,,,,,,,,,,,,,,,,,,,,,,,,,,,,,,,,,,,,,,,
1555943613000,,,,,,,,,,,,,,,,,,,,,,,,,,,,,,,0.52,,,,,,,,,,,,,,,,,,,1.95,,,,1.00,,,,,,,,,,,,,,,,,,,,,,,,,,,,,,,,,,,,,,,,,,,
1556011928000,,,,,,,,,,,,,,,,,,,,,,,,,,,,,,,,,,,,,,,,,,,,,,,,,,2.81,,,,1.01,,,,,,,,,,,,,,,,,,,,,,,,,,,,,,,,,,,,,,,,,,,0.15
1556079702000,,,,,,,,,4.83,,,0.38,,,,,,,,,,,,3.50,,,,,,,,,,,,,,,,,,,,,,,,,,3.26,,,,3.01,,,,,,,,,,,,,,,,,,,0.37,,,,,,,,,,,,,,,,,,,,,,,,0.01
1556147660000,,,,,,,0.75,,,,,,,,,,,,,,,,,,,,,,,,4.48,,,,,,,,,,,,,,,,,,,6.80,,,,2.01,,,,,,,,,,,,,,,,,,,,,,,,,,,,,,,,,,,,,,,,,,,
1556214175000,,,,,,,0.75,,,,,,,,,,,,,,,,,5.17,,,,,,,1.05,,,,,2.94,,,,,,,,,5.04,,,,,10.41,,,,2.01,,,,,,,,,,,,,,,,,,,,,,,,,,,,,,,,,8.05,,,,,,,,,,1.04
1556281668000,,,,,,,0.76,,,,,,,,,,,,,,,,,,,,,,,,1.00,,,,,,,,,,,,,,,,,,,0.65,,,,1.00,,,,,,,,,,,,,,,,,,,,,,,,,,,,,,,,2.88,,,,,,,,,,,0.93
1556348416000,,,,,,,,,,,,,,,,,,,,,,,,,,,,,,,,,,,,,,,,,,,,,,,,,,0.40,,,,,,,,,,,,,,,,,,,,,,,,,,,,,,,,,,,,,,,,,,,,,,,0.25
1556415030000,,,,,,,,,,,,0.09,,,,,,,,,,,,,,,,,,,0.25,,,,,,,,,,,,,,,,,,,0.60,,,,,,,,,,,,,,,,,,,,,,,,,,,,,,,,,,,,,,,,,,,,,,,0.56
1556482542000,,,,,,,,,,,,,,,,,,,,,,,,,,,,,,,0.26,,,,,,,,,,,,,,,,,,,0.35,,,,,,,,,,,,,,,,,,,,,,,,,,,,,,,,,,,,,,,,,,,,,,,
1556549842000,,,,,,,0.50,,,,,,,,,,,,,,,,,,,,,,,,,,,,,,,,,,,,,,,,,,,0.35,,,,,,,,,,,,,,,,,,,,,,,,,,,,,,,,,,,,,,,,,,,,,,,
1556616633000,,,,,,,,,4.42,,0.50,0.47,,,,,,,,,,,,4.00,,,,,,,0.28,,,,,,,,,,,,,,,,,,,0.85,,,,,,,,,,,,,,,,,,,,,,,,,,,,,,,,,,,,,,,,,,,,,,,
1556684172000,9.26,,,,,,12.80,,2.00,,29.54,50.69,,,,2.95,,,,,,,,16.43,,,,,,,1.86,,,,,0.96,,,,,,,,,3.16,,,,,0.75,,,,3.15,,,,,,,,,,,,,1.48,,,,,,17.48,,,,,,,,,,,,,,3.56,,,,,,,,,,
1556750704000,,,,,,,,,,,,0.68,,,,,,,,,,,,,,,,,,,0.30,,,,,,,,,,,,,,,,,,,0.70,,,,1.00,,,,,,,,,,,,,,,,,,,0.29,,,,,,,,,,,,,,,,,,,,,,,,0.14
1556818035000,,,,,,,,,,,,,,,,,,,,,,,,,,,,,,,,,,,,,,,,,,,,,,,,,,,,,,,,,,,,,,,,,,,,,,,,,,,,,,,,,,,,,,,,,,,,,,,,,0.74
1556885912000,,,,,,,,,,,,,,,,,,,,,,,,,,,,,,,0.92,,,,,,,,,,,,,,,,,,,0.35,,,,,,,,,,,,,,,,,,,,,,,,,,,,,,,,,,,,,,,,,,,,,,,0.88
1556953014000,,,,,,,,,,,,,,,,,,,,,,,,,,,,,,,,,,,,,,,,,,,,,,,,,,0.45,,,,,,,,,,,,,,,,,,,,,,,,,,,,,,,,,,,,,,,,,,,,,,,2.22
1557019302000,,,,,,,,,,,,,,,,,,,,,,,,,,,,,,,0.44,,,,,,,,,,,,,,,,,,,,,,,,,,,,,,,,,,,,,,,,,,,,,,,,,,,,,,,,,,,,,,,,,,0.58
1557087154000,,,,,,,,,,,,0.03,,,,,,,,,,,,,,,,,,,0.27,,,,,,,,,,,,,,,,,,,0.40,,,,1.00,,,,,,,,,,,,,,,,,,,,,,,,,,,,,,,,,0.20,,,,,,,,,,1.26
1557155617000,,,,,,,,,,,,,,,,,,,,,,,,,,,,,,,0.55,,,,,,,,,,,,,,,,,,,1.15,,,,,,,,,,,,,,,,,,,,,,,,,,,,,,,,,,,,,,,,,,,,,,,2.01
1557223295000,,,,,,,1.01,,4.42,,,0.14,,,,2.19,,,,,,,,4.00,,,,,,,1.48,,,,,,,,,,,,,,1.60,,,,,1.60,,,,4.30,,,,,,,,,,,,,,0.64,,,,,,,,,,,,,,,,,,,1.22,,,,,,,,,,18.23
1557291012000,,,,,,,,,,,,8.06,,,,1.22,,,,,,,,,,,,,,,5.25,,,,,,,,,,,,,,,,,,,0.90,,,,3.00,,,,,,,,,,,,,,,,,,,0.52,,,,,,,,,,,,,0.96,2.67,,,,,,,,,,4.00
1557358549000,,,,,,,4.02,,,,,0.55,,,,,,,,,,,,,,,,,,,,,,,,,,,,,,,,,5.12,,,,,0.40,,,,4.38,,,,,,,,,,,,,,,,,,,,,,,,,,,,,,,,,1.38,,,,,,,,,,3.61
1557426851000,0.87,,,,,,3.04,,2.26,,,0.61,,,,,,,,,,,,2.63,,,,,,,,,,,,,,,,,,,,,0.52,,,,,1.75,,,,3.00,,,,,,,,,,,,,,1.21,,,,,,,,,,,,,,,,,,,0.51,,,,,,,,,,7.05
1557494292000,4.30,,,,,,0.50,,,,,18.88,,,,1.88,,,,,,,,2.84,,,,,,,1.41,,,,,,,,,,,,,,2.78,,,,,,,,,19.59,,,,,,,,,,,,,,,,,,,5.96,,,,,,,,,,,,,,3.19,,,,,,,0.10,,,16.87
1557561044000,3.20,,,,,,,,,,,2.03,,,,,,,,,,,,,,,,,,,0.01,,,,,,,,,,,,,,2.23,,,,,1.30,,,,5.04,,,,,,,,,,,,,,0.98,,,,,2.20,,,,,,,,,,,,,,,,,,,,,,,,1.60
1557628854000,5.12,,,,,,4.86,,1.03,,,18.60,,,,,,,,,,,,,,,,,,,2.54,,,,,,,,,,,,,,2.53,,,,,5.30,,,,9.33,,,,,,,,,,,,,,,,,,,14.48,,,,,,,,,,,,,,2.52,,,,,,,,,,17.36
1557695794000,1.46,,,,,,,,,,,5.94,,,,0.59,,,,,,,,,,,,,,,,,,,,,,,,,,,,,,,,,,0.90,,,,2.16,,,,,,,,,,,,,,0.30,,,,,,,,,,,,,,,,,,,,,,,,,,,,,3.88
1557763956000,0.84,,,,,,8.50,,,,,0.04,,,,,,,,,,,,4.50,,1.40,,,,,0.78,,,,,,,,,,,,,,,,,,,0.30,,,,3.01,,,,,,,,,,,,,,0.30,,,,,,,,,,,,,,,,,,,1.58,,,,,,,,,,15.02
1557830231000,,,,,,,0.51,,,,,,,,,1.11,,,,,,,,2.12,,,,,,,,,,,,2.70,,,,,,,,,,,,,,0.95,,,,7.88,,,,,,,,,,,,,,0.61,,,,,,,,,,,,,,,,,,,10.60,,,,,,,,,,6.81
1557897304000,5.14,,,,,,9.11,,,3.20,,9.79,,,,6.02,,,,,,,,5.56,,5.86,,,,,2.85,,,,,,,,,,,,,,,,,,,4.30,,,,16.97,,,,,,,,,,,,,,0.58,,,,,,,,,,,,,,,,,,,9.62,,,,,,,,,,26.70
1557964138000,1.03,,,,,,18.74,,,4.84,,1.34,,,,1.62,,,,,,,,,,20.00,,,,,,,,,,,,,,,,,,,0.78,,,,,,,,,12.74,,,,,,,,,,,,,,0.32,,,,,,,,,,,,,,,,,,,9.82,,,,,,,,,,7.89
1558032652000,2.94,,,,,,2.53,,,2.03,,2.26,,,,1.88,,,,,,,,3.30,,3.00,,,,,,,,,,,,,,,,,,,5.37,,,,,1.30,,,,1.00,,,,,,,,,,,,,,,,,,,2.32,,,,,,,,,,,,,1.89,4.53,,,,,,,,,,2.89
1558099488000,4.70,,,,,,0.76,,,1.61,,9.23,,,,1.19,,,,,,,,,,,,,,,,,,,,,,,,,,,,,1.96,,,,,2.10,,,,19.00,,,,,,,,,,,,,,,,,,,,,,,,,,,,,,,,3.37,0.58,,,,,,,,,,4.54
1558166754000,,,,,,,,,,,,0.20,,,,,,,,,,,,,,,,,,,,,,,,,,,,,,,,,,,,,,1.75,,,,4.03,,,,,,,,,,,,,,2.47,,,,,,,,,,,,,,,,,,,,,,,,,,,,,2.56
1558234852000,,,,,,,,,,2.33,,0.85,,,,,,,,,,,,,,3.77,,,,,,,,,,,,,,,,,,,,,,,,3.15,,,,5.23,,,,,,,,,,,,,,1.04,,,,,,,,,,,,,,,,,,,,,,,,,,,,,0.51
1558301987000,1.68,,,,,,1.51,,,7.01,,1.63,,,,4.69,,,,,,,,1.51,,,,,,,,,,,,,,,,,,,,,3.95,,,,,1.60,,,,9.36,,,,,,,,,,,,,,,,,1.00,,,,,,,,,,,,,,,,6.37,,,,,,,,,,5.56
1558370897000,7.51,,,,,,,,,2.36,,0.77,,,,,,,,,,,,,,,,,,,,,,,,,,,,,,,,,,,,,,0.95,,,,1.00,,,,,,,,,,,,,,1.30,,,,,9.87,,,,,,,,,,,,,,,,,,,,,,,,1.32
1558438516000,1.02,,,,,,2.03,,,4.64,,0.37,,,,2.77,,,,,,,,1.04,,,,,,,,,,,,,,,,,3.27,,,,,,,,,5.65,,,,9.14,,,,,,,,,,,,,,1.30,,,,,,,,,,,,,,,,,,,,,,,,,,,,,9.14
1558506088000,6.27,,,,,,1.53,,0.13,14.31,,0.09,,,,,,,,,,,,1.52,,,,,,,,,,,,,,,,,2.07,,,,18.52,,,,,4.50,,,,16.96,,,,,,,,,,,,,,,,,,,,,,,,,,,,,,,,5.76,,,,,,,,,,,8.67
1558573856000,2.34,,,,,,10.09,,,18.34,,9.17,,,,2.40,,,,,,,,4.09,,,,,,,,,,,,,,,,,28.96,,,,19.79,,,,,14.37,,,,41.62,,,,,,,,,,,,,,5.33,,3.04,0.17,,9.30,,,,,,,,,,,,,10.45,,,,,,,,,,,6.12
1558641898000,,,,,,,,,1.10,5.12,,2.70,,,,4.54,,,,,,,,2.00,,,,,,,,,,,,,,,,,5.56,,,,,,,,,8.46,,,,20.97,,,,,,,,,,,,,,1.12,,,,,,,,,,,,,,,,,,1.26,,,,,,,,,,,6.51
1558709678000,,,,,,,1.00,,,11.21,,,,,,1.87,,,,,,,,1.01,,,,,,,,,,,,,,,,,1.08,,,,1.19,,,,,2.60,,,,10.49,,,,,,,,,,,,,,0.58,,1.51,,,,,,,,,,,,,,,,,,,,,1.34,,,,,,4.46
1558776750000,,,,,,,3.00,,,5.48,,,,,,2.41,,,,,,,,,,,,,,,,,,,,,,,,,4.85,,,,,,,,,3.16,,,,18.26,,,,,,,,,,,,,,,,,,,,,,,,,,,,,,,,,,,,,,,,,,,5.48
1558842948000,,,,,,,,,,7.49,,0.79,,,,4.84,,,,,,,,,,,,,,,,,,,,,,,,,,,,,0.17,,,,,0.95,,,,6.09,,,,,,,,,,,,,,,,0.60,,,,,,,,,0.67,,,,,,,,,,,,,,,,,,2.72
1558910067000,,,,,,,,,,10.27,,0.22,,,,5.17,,,,,,,,4.60,,,,,,,,,,,,,,,,6.48,2.21,,,,1.52,,,,,1.20,,,,4.03,,,,,,,,,,,,,,0.77,,,,,,,,,,,,,,,,,,,,,,,,,,,,,10.10
1558977860000,,,,,,,1.00,,1.20,10.18,,14.35,,,,1.18,,,,,,,,2.00,,,,,,,,,,,,,,,,21.41,3.05,,,,,,,,,2.95,,,,7.84,,,,,,,,,,,,,,0.71,,,,,,,,,,,,,,,,,,3.64,,,,,2.21,,,,,,3.10
1559045953000,,,,,,,,,,0.50,,,,,,0.58,,,,,,,,3.70,,,,,,,,,,,,4.00,,,,23.31,1.18,,,,0.33,,,,,,,,,2.11,,,,,,,,,,,,,,0.50,,,,,,,,,,,,,,,,,,,,,,,,,,,,,2.33
1559112912000,,,,,,,,,,2.46,,,,,,2.38,,,,,,,,1.76,,,,,,,,,,,,,,,,23.97,,,,,0.71,,,,,1.45,,,,2.01,,,,,,,,,,,,,,,,0.65,,,,,,,,,,,,,,,,,,,,,1.86,,,,,,3.45
1559179166000,,,,,,,,,,0.42,,,,,,,,,,,,,,,,,,,,,,,,,,,,,,10.68,,,,,,,,,,,,,,1.01,,,,,,,,,,,,,,0.40,,,,,0.76,,,,,,,,,,,,,,,,,,,,,,,,0.12
1559247339000,,,,,,,6.01,,,5.45,,3.87,,,,9.29,,,,,1.36,,,4.08,,,,,,,,,,,,3.00,,,,19.16,0.58,,,,1.86,,,,,0.55,,,,11.95,,,,,,,,,,,,,,0.50,,1.99,,,1.20,,,,,,,,,,,,,2.62,,,,,1.93,,,,,,3.36
1559315112000,,,,,,,2.57,,1.00,1.70,,,,,,3.89,,,,,,,,3.06,,,,,,,,,,,,,,,,20.56,2.79,,,,1.96,,,,,,,,,3.22,,,,,,,,,,,,,,,,0.95,,,,,,,,,,,,,,,,,,,,,,,,,,,7.86
1559382148000,,,,,,,4.33,,,10.25,,,,,,,,,,,1.99,,,,,,,,,,,,,,,,,,,2.98,1.12,,,,0.30,,,,,1.00,,,,2.13,,,,,,,,,,,,,,,,1.66,,,,,,,,,,,,,,,,,,,,,,,,,,,17.85
1559449529000,,,,,,,,,,2.40,,,,,,4.09,,,,,,,,1.76,,,,,,,,,,,,,,,,2.19,,,,,0.75,,,,,2.46,,,,,,,,,,,,,,,,,,,,0.75,,,,,,,,,,,,,,,,,,,,,1.03,,,,,,2.69
1559517685000,,,,,,,,,,0.29,,,,,,,,,,,,,,,,,,,,,,,,,,,,,,9.64,,,,,,,,,,1.55,,,,1.00,,,,,,,,,,,,,,,,,,,,,,,,,,,,,,,,,,,,,,,,,,,
1559586560000,,,,,,,,,,0.06,,,,,,2.26,,,,,,,,,,,,,,,,,,,,,,,,4.15,,,,,,,,,,,,,,,,,,,,,,,,,,,,,,,,,,,,,,,,,,,,,,,,,,,,,,,,,0.73
1559653274000,,,,,,,,,,3.14,,11.92,,,,,,,,,,,,1.00,,,,,,,,,,,,,,,,3.60,,,,,,,,,,,,,,1.01,,,,,,,,,,,,,,,0.22,2.36,,,,,,,,,,,,,,,,,,,,,6.53,,,,,,0.43
1559721446000,,,,,,,,,,1.48,,0.29,,,,1.10,,,,,,,,0.76,,,,,,,,,,,,,,,,16.62,,,,,,,,,,1.00,,,,2.40,,,,,,,,,,,,,,0.36,2.01,,,,,,,,,,,,,,,,,,,,,,,,,,,,0.04
1559788436000,,,,,,,,,,0.99,,0.88,,,,2.40,,,,,,,,,,,,,,,,,,,,,,,,26.30,,,,,,,,,,2.65,,,,1.00,,,,,,,,,,,,,,,2.35,,,,,,,,,,,,,,,,,1.21,,,,,,,,,,,0.34
1559855826000,,,,,,,,,,5.60,,2.89,,,,4.28,,,,,,,,,,,,,,,,,,,,,,,,4.65,,,,,0.69,,,,,5.95,,,,7.57,,,,,,,,,,,,,,1.40,3.87,0.68,,,,,,,,,,,,,,,,,,,,,1.06,,,,,,0.72
1559923832000,,,,,,,3.03,,,5.09,,0.16,,,,4.06,,,,,,,,2.03,,,,,,,,,,,,,,,,,,,,,18.25,,,,,1.80,,,,7.77,,,,,,,,,,,,,,2.28,2.98,2.11,,,,,,,,,,,,,,,,2.85,,,,,13.81,,,,,,2.58
1559991921000,,,,,,,2.56,,,3.31,,1.33,,,,9.85,,,,,,,,6.87,,,,,,,,,,,,,,,,2.92,,,,,0.48,,,,,,,,,3.33,,,,,,,,,,,,,,,0.56,,,,,,,,,,,,,,,,,,,,,,,,,,,,9.03
1560059515000,,,,,,,,,,,,,,,,,,,,,,,,,,,,,,,,,,,,,,,,3.89,,,,,,,,,,,,,,,,,,,,,,,,,,,,,0.30,,,,,,,,,,,,,,,,,,,,,,,,,,,,0.23
1560127542000,,,,,,,,,,0.48,,0.65,,,,,,,,,,,,,,,,,,,,,,,,,,,,7.78,,,,,,,,,,,,,,,,,,,,,,,,,,,,,0.39,,,,,,,,,,,,,,,,,,,,,,,,,,,,0.06
1560194172000,,,,,,,,,,,,,,,,2.51,,,,,,,,,,,,,,,,,,,,1.00,,,,8.58,,,,,,,,,,,,,,,,,,,,,,,,,,,,,,,0.45,,,,,,,,,,,,,,,,,,,,,,,,,,
1560262359000,,,,,,,,,,0.45,,0.39,,,,,,,,,,,,,,,,,,,,,,,,,,,,13.99,,,,,,,,,,,,,,1.00,,,,,,,,,,,,,,,,,,,,,,,,,,,,,,,,,,,,,,,,,,,1.34
1560329676000,,,,,,,3.08,,1.21,,,0.76,,,,,,,,,,,,,,,,,,,,,,,,,,,,4.05,,,,,,,,,,0.55,,,,,,,,,,,,,,,,,,,,0.59,,,,,,,,,,,,,,,,,,,,,,,,,,,3.02
1560397568000,,,,,,,4.17,,,0.65,,0.41,,,,,,,,,,,,,,,,,,,,,,,,,,,,7.52,,,,,,,,,,,,,,,,,,,,,,,,,,,,0.39,,,,,,,,,,,,,,,,,,,,,,,,,,,,,5.00
1560464402000,,,,,,,9.31,,,15.89,,8.95,,,,,,,,,1.63,,,8.30,,,,,,,,,,,,,,,,63.27,,,,,6.45,,,,,6.76,,,,42.73,,,,,,,,,,,,,0.35,0.55,0.29,9.38,1.52,,0.38,,,,,,,,,,,,,33.40,,,,,,,,2.00,,,28.44
1560531936000,,,,,,,2.77,,,14.67,,0.24,,,2.00,,,,,,,,,7.62,,,,,,,,,,,,,,,,74.34,,,,,3.10,,,,,0.80,,,,26.47,,,,,,,,,,,,,,0.98,0.33,3.75,,,,,,,,,,,,,8.00,,,7.17,,,,,,,,,,,20.20
1560599838000,,,,,,,,,1.12,5.84,,3.87,,,,,,,,,,,,1.52,,,,,,,,,,,,,,,,48.09,,,,,,,,,,2.76,,,,5.03,,,,,,,,,,,,,,0.89,0.38,1.51,,,,,,,,,,,,,,,,,,,,,2.49,,,,,,10.46
1560668105000,,,,,,,,,,3.51,,,,,,,,,,,,,,6.50,,,,,,,,,,,,,,,,27.35,,,,,2.05,,,,,,0.64,,,4.04,,,,5.89,,,,,,,,,,0.51,,0.77,,,0.55,,,,,,,,,,,,,,,,,,1.17,,,,,,7.29
1560734814000,,,,,,,0.50,,,3.56,,,,,,,,,,,,,,3.29,,,,,,,,,,,,,,,,14.29,,,,,,,,,,,0.63,,,4.53,,,,,,,,,,,,,,0.29,,,1.51,,,,,,,,,,,,,,,,,,,,,,,,,,3.26
1560802452000,,,,,,,,,,5.38,,,,,,,,,,,,,,,,,,,,,,,,,,,,,,32.13,,,,,0.27,,,,,2.93,0.35,,,1.01,,,,0.26,,,,,,,,,,,1.19,1.04,1.73,,,,,,,,,,,,,,,,,,,,,,,,,,3.77
1560870679000,,,,,,,8.94,,0.10,9.45,,3.36,,,,,,,,,,,,16.38,,,,,,,,,,,,,,,,23.97,,,,,,,,,,6.57,4.02,,,3.33,,,,,,,,,,,,,2.03,3.29,1.27,6.52,,,,,,,,,,,,,,,,3.48,,,,,0.94,,,,,,52.29
1560937524000,,,,,,,6.28,,,0.46,,0.10,,,,,,,,,,,,,,,,,,,,,,,,7.50,,,,10.96,,,,,,,,,,0.65,,,,,,,,,,,,,,,,,,,1.14,,1.72,,,,,,,,,,,,,,,,,,,,,,,,,,0.22
1561005597000,,,,,,,,,,,,,,,,,,,,,,,,,,,,,,,,,,,,,,,,4.90,,,,,0.00,,,,,,0.44,,,,,,,,,,,,,,,,,,,1.00,1.70,,,,,,,,,,,,,,,,,,,,,,,,,,0.10
1561073016000,,,,,,,0.75,,,5.96,,,,,,,,,,,,,,,,,,,,,,,,,,,,,,9.50,,,,,3.66,,,,,,0.55,,,2.02,,,,3.17,,,,,,,,,,,0.35,2.85,1.70,,,,,,,,,,,,,,,,,,,,,,,,,,0.25
1561140851000,,,,,,,0.76,,,12.17,,15.19,,,,,,,,,,,,2.53,,,,,,,,,,,,,,,,16.21,,,,,6.09,,,,,3.21,0.62,,,6.84,,,,0.65,,,,,,,,,,0.77,4.06,,1.63,,2.29,,,,,,,,,,,,,,,,,,7.64,,,,,,6.09
1561208281000,,,,,,,,,,1.90,,0.03,,,,,,,,,,,,,,,,,,,,,,,,,,,,28.11,,,,,0.05,,,,,1.25,0.58,,,5.04,,,,0.85,,,,,,,,,,1.14,1.72,,,,,,,,,,,,,,,,,,,,,,1.78,,,,,,2.97
1561275287000,,,,,,,,,,2.49,,,,,,,,,,,,,,,,,,,,,,,,,,,,,,27.51,,,,,0.19,,,,,,,,,8.87,,,,0.57,,,,,,,,,,0.43,1.85,,1.72,,,,,,1.98,,,,,,,,,2.50,,,,,,,0.25,,,,3.52
1561342449000,,,,,,,,,1.30,15.97,,0.36,,,,,,,,,,,,1.25,,,,13.39,,,,,,,,,,,,18.42,,,,,,,,,,,0.47,,,6.48,,,,,,,,,,,,,,1.73,0.32,,1.76,,,,,,,,,,,,,,,,,,,,,,,,,,0.18
1561409629000,,,,,,,,,,1.83,,,,,,,,,,,,,,2.25,,,,,,,,,,,,,,,,11.44,,,,,0.24,,,,,0.65,,,,,,,,,,,,,,,,,,,,,,,,,,,,,,,,,,,,,,,,,2.50,,,,,,8.24
1561476955000,,,,,,,4.92,,1.32,5.24,,2.45,,,,,,,,,2.41,,,,,,,,,,,,,,,,,,,34.60,,,,,8.64,,,,,6.98,2.04,,,8.17,,,,,,,,,,,,,,,,3.05,3.49,,2.98,,,,,,,,,,,,,,,,,,5.08,,,,,,2.88
1561543836000,,,,,,,8.80,,,10.96,,,,,1.00,,,,,,,,,0.75,,,,,,,,,,,,,,,,67.74,,,,,1.87,,,,,3.84,3.02,,,34.28,,,,,,,,,,,,,,3.35,,1.00,,,,,,,,,,,,,2.00,,,12.56,,,,,,,,,,,21.11
1561611356000,,,,,,,,,,16.10,,0.01,,,15.00,,,,,,1.07,,,15.00,,,,,,,,,,,,,,,,82.35,,,,,23.31,,,,,7.73,1.45,,,36.85,,,,,,,,,,,,,,0.69,,10.02,3.62,,,,,,,,,,,,,,,14.12,,,,,29.20,,,31.00,,,13.51
1561679479000,,,,,,,5.69,,,,,1.33,,,,,,,,,,,,,,,,2.69,,,,,,0.36,,,,,,22.00,,,,,15.82,,,,,2.35,1.12,,,11.08,,,,,,,,,,,,,,1.32,,6.18,,,0.74,,,,,,,,,,,,,,,,,,10.54,,,,,,5.18
1561747149000,,,,,,,2.00,,,,,1.15,,,,,,,,,,,,,,,,,,,,,,3.64,,,,,,49.62,,,,,0.10,,,,,0.65,2.59,,,4.03,,,,,,,,,,,,,,1.27,,6.07,,,,,,,,,,,,,,,,15.48,,,,,,,,,,,11.80
1561814305000,,,,,,,9.02,,,,,42.66,,,,,,,,,1.74,,,16.57,,,,8.81,,,,,,31.57,,,,,,16.11,,,,,21.50,,,,,23.91,1.11,,,81.35,,,,,,,,,,,,,,2.00,,23.05,1.86,,3.42,,,,,,,,,,,,,84.41,,,,,9.19,,,,,,52.23
1561881035000,,,,,,,39.50,,,,,74.24,,,,,,,,,1.19,,,39.79,2.85,,,0.81,,,,,,30.98,,,,,,30.36,,,,,16.60,,,,,18.62,9.34,,,96.76,,,,,,,,,,,,,,1.86,,22.74,17.27,,10.72,,,,17.61,,,,,,,,,72.75,,,,,22.53,,16.99,34.82,,,44.33
1561948615000,,,,,,,5.15,,1.84,,,7.41,,,,,,,,,,,,,1.83,,,3.66,,,,,,28.94,,,,,,69.49,,,,,14.80,,,,,1.55,3.09,,,17.48,,,,,,,,,,,,,,,,4.91,2.45,,6.53,,,,16.87,,,,,,,,,7.42,,,,,37.18,,,24.47,,,7.13
1562015969000,,,,,,,20.21,,,,,27.79,,,,,,,,,,,,7.89,,,,,,,,,,7.99,,,,,,46.46,,,,,10.33,,,,,5.91,6.84,,,28.40,,,,,,,,,,,,,,2.37,,8.19,6.50,,,,,,0.93,,,,,,,,,29.91,,,,,14.83,,7.65,,,,10.72
1562082973000,,,,,,,1.00,,1.90,,,7.17,,,,,,,,,,,,4.80,,,,0.67,,,,,,13.91,,,,,,36.43,,,,,7.28,,,,,18.71,11.93,,,16.87,,,,,,,,,,,,,,1.74,2.44,,8.24,,,,,,4.07,,,,,,,,,9.28,,,,,0.58,,,,,,1.87
1562150796000,,,,,,,,,4.12,,,3.92,,,,,,,,,,,,,,,,,,,,,,0.08,,,,,,62.59,,,,,1.92,,,,,2.45,0.94,,,18.00,,,,,,,,,,,,,,1.02,1.81,,,,,,,,,,,,,,,,,,,,,,,,,,,,3.27
1562218341000,,,,,,,5.06,,1.69,,,0.21,,,,,,,,,,,,,,,,,,,,,,5.02,,3.30,13.16,,,28.82,,,,,22.06,,,,,5.06,1.76,,,12.96,,,,,,,,,,,,,,0.83,,2.53,,,,,,,,,,,,,,,,,,,,,,,,,,,9.55
1562285611000,,,,,,,,,,,,0.42,,,,,,,,,,,,,,,,,,,,,,4.87,,,,,,24.83,,,,,,,,,,7.30,4.39,,,19.20,,,,,,,,,,,,,,4.49,1.47,,,,,,,,,,,,,,,,,,,,,,,,,,,,3.03
1562352854000,,,,,,,,,,,,,,,,,,,,,,,,,,,,4.09,,,,,,1.49,,,,,,15.50,,,,,0.34,,,,,8.67,,,,20.20,,,,1.45,,,,,,,,,,3.78,1.71,,,,,,,,2.01,,,,,,,,,,,,,,,,,,,,0.00
1562419899000,,,,,,,,,2.33,,,,,,,,,,,,,,,,,,,,,,,,,7.14,,,0.75,,,,,,,,,,,,,0.85,2.24,,,11.15,,,,0.40,,,,,,,,,2.08,0.58,,,,,,,,,,,,,,,,,,,,,,,,,,,,,3.69
1562486913000,,,,,,,1.00,,,,,0.01,,,,,,,,,,,,,,,,2.06,,,,,,10.44,,,,,,3.25,,,,,,,,,,3.86,,,,6.12,,,,4.27,,,,,,,,,,0.60,,,,,,,,,,,,,,,,,,,,,,,2.78,,,,,,6.46
1562553800000,,,,,,,,,,,,1.81,,,,,,,,,,,,,,,,,,,,,,1.72,,,,,,32.15,,,,,,,,,,0.70,2.95,,,3.52,,,,1.15,,,,,,,,,,,,,0.65,,,,,,,,,,,,,,,,,,,,,,,,,,2.91
1562620679000,,,,,,,,,,,,0.07,,,,,,,,,,,,,,,,,,,,,,1.38,,,,,,26.36,,,,,0.54,,,,,,0.18,,,2.31,,,,1.11,,,,,,,,,,,,,,,,,,,,,,,,,,,,,,,,,,,,,,,1.32
1562687655000,,,,,,,,,3.63,,,94.82,,,,,,,,,,,,,,,,,,,,,,1.74,,,5.00,,,34.01,,,,,0.16,,,,,,4.67,,,22.78,,,,,,,,,,,,,,0.86,,13.91,,,,,,,,,,,,,,,,,,,,,68.70,,,,,,9.60
1562755228000,,,,,,,1.50,,,,,29.99,,,,,,,,,,,,,,,,,,,,,,19.33,,,,,,9.79,,,,,4.43,,,,,4.25,2.40,,,40.07,,,,,,,,,,,,,,,1.74,2.07,,,1.79,,,,,,,,,,,,,8.63,,,,,9.28,,,,,,9.63
1562821814000,,,,,,,3.00,,,,,1.09,,,,,,,,,,,,,,,,0.77,,,,,,3.63,,,1.75,,,36.57,,,,,0.91,,,,,,3.73,,,29.03,,,,,,,,,,,,,,0.84,,2.00,,,1.44,,,,,,,,,,,,,,,,,,10.16,,,,,,17.26
1562889775000,,,,,,,,,,,,,,,,,,,,,,,,,,,,,,,,,,0.84,,,,,,26.68,,,,,,,,,,3.90,2.06,,,2.62,,,,0.45,,,,,,,,,,0.63,,,,,,,,,,,,,,,,,,,,,,,,,,,,,2.54
1562957966000,,,,,,,0.75,,,,,0.25,,,,,,,,,,,,,,,,,,,,,,7.91,,,,,,14.45,,,,,0.29,,,,,5.50,9.95,,,20.03,,,,0.54,,,,,,,,,,,1.37,,1.01,,0.23,,,,,,0.16,,,,,,,,,,,,,,,,,,10.26
1563025451000,,,,,,,0.75,,,,,,,,,,,,,,,,,,,,,,,,,,,9.98,,,,,,32.04,,,,,,,,,,4.70,4.13,,,12.69,,,,,,,,,,,,,,,0.77,,,,,,,,,,,,,,,,,,,,,,,,,,,,4.76
1563091362000,,,,,,,,,,,,,,,,,,,,,,,,,,,,0.25,,,,,,1.36,,,,,,24.05,,,,,0.20,,,,,,0.86,,,3.22,,,,1.21,,,,,,,,,,,,,,,,,,,,,,,,,,,,,,,,,,,,,,,
1563158482000,,,,,,,14.00,,,,,20.56,19.37,,,,,,,,,,,,,,,4.27,,,,,,5.69,,,2.25,,,47.56,,,,,3.77,,,,,0.75,3.25,,,20.90,,,,,,,,,,,,,,,,2.00,,,,,,,,,,,,,,,,1.77,,,,,16.32,,,,,,5.12
1563226501000,,,,,,,,,,,,1.66,,,,,,,,,,,,,,,,0.42,,,,,,,,,,,,22.12,,,,,1.43,,,,,,0.64,,,2.82,,,,,,,,,,,,,,,,,,,0.33,,,,,,,,,,,,,,,,,,,,,,,,1.11
1563295219000,,,,,,,,,,,,,,,,,,,,,,,,,0.30,,,,,,,,,0.48,,,,,,23.64,,,,,,,,,,,,,,,,,,,,,,,,,,,,,,,,,,,,,,,,,,,,,,,,,,,,,,,,,3.95
1563362708000,,,,,,,24.00,,,,,68.31,,,,,,,,,,,,,,,,,,,,,,27.02,,,,,,45.41,,,,,11.66,,,,,4.50,,,,26.15,,,,,,,,,,,,,,,,2.50,,,2.05,,,,,,,,,,,,,,,,,,5.86,,,,,,7.65
1563430869000,,,,,,,,,,,,1.94,,,,,,,,,,,,,1.13,,,1.14,,,,,,1.27,,,2.28,,,51.31,,,,,2.06,,,,,,,,,15.60,,,,,,,,,,,,,,,1.57,,,,,,,,,,,,,,,,,,,,,,,,,,,,10.26
1563496525000,,,,,,,0.25,,,,,0.46,,,,,,,,,,,,,1.82,,,0.55,,,,,,5.39,,3.68,,,,61.29,,,,,2.03,,,,,5.02,,,,20.51,,,,0.48,,,,,,,,,,0.65,,,,,,,,,,,,,,,,,,,,,,,,,,,,,1.34
1563564858000,,,,,,,,,,,,,,,,,,,,,,,,,,,,,,,,,,0.90,,,,,,9.52,,,,,0.45,,,,,0.75,,,,7.13,,,,,,,,,,,,,,,0.55,,,,,,,,,,,,,,,,,,,,,,,,,,,,0.40
1563631313000,,,,,,,4.15,,,,,,,,,,,,,,,,,,,,,,,,,,,,,,7.53,,,13.07,,,,,0.41,,,,,,,,,3.11,,,,0.47,,,,,,,,,,,,,,,,,,,,,,,,,,,,,,,,,,,,,,,8.68
1563698150000,,,,,,,,,,,,0.27,,,,,,,,,,,,,2.87,,,,,,,,,0.56,,,,,,9.18,,,,,,,,,,,,,,3.22,,,,,,,,,,,,,,,,,,,,,,,,,,,,,,,,,,,,,,,,,,,0.89
1563765551000,,,,,,,,,,,,,,,,,,,,,,,,,0.40,,,,,,,,,1.58,,,,,,6.41,,,,,0.03,,,,,,,,,0.70,,,,0.16,,,,,,,,,,,0.37,,,,,,,,,,,,,,,,,,,,,,,,,,,,2.11
1563832155000,,,,,,,,,,,,0.84,,,,,,,,,,,,,,,,,,,,,,2.06,,,,,,5.43,,,,,,,,,,,,,,2.21,,,,,,,,,,,,,,,1.14,,,,,,,,,,,,,,,,,,,,,,,,,,,,1.26
1563899459000,,,,,,,,,,,,,,,,,,,,,,,,,,,,,,,,,,2.73,,,,,,0.26,,,,,,,,,,3.00,,,,4.05,,,,,,,,,,,,,,,1.67,,,,,,,,,,,,,,,,,,,,,,,,,,,,0.21
1563966329000,,,,,,,,,,,,,,,,,,,,,,,,,0.56,,,,,,,,,,,,,,,18.75,,,,,,,,,,,,,,4.63,,,,,,,,,,,,,,1.51,1.36,,,,,,,,,,,,,,,,,,,,,,,,,,,,1.47
1564033316000,,,,,,,4.08,,,,,,,,,,,,,,,,,,1.20,,,,,,,,,4.37,,,,,,,,,,,,,,,,1.35,,,,9.82,,,,,,,,,,,,,,0.56,1.60,,,,,,,,,,,,,,,,,8.89,,,,,,,,,,,
1564101403000,,,,,,,,,,,,0.31,,,,,,,,,,,,,,,,0.56,,,,,,2.24,,,,,,,,,,,2.26,,,,,1.50,,,,8.25,,,,,,,,,,,,,,,1.73,,,,,,,,,,,,,,,,,,,,,,,,,,,,6.65
1564168317000,,,,,,,,,,,,,,,1.20,,,,,,,,,,1.00,,,0.07,,,,,,2.26,,,,,,,,,,,,,,,,,,,,4.82,,,,3.28,,,,,,,,,,,1.97,,,,,,,,,,,,,,,,,,,,,,,,,,,,1.62
1564235604000,,,,,,,2.03,,,,,,,,,,,,,,,,,,,,,0.02,,,,,,2.29,,,2.55,,,,,,,,3.67,,,,,0.65,,,,6.89,,,,,,,,,,,,,,,0.42,,,,,,,,,,,,,,,,,,,,,,,,,,,,5.32
1564302116000,,,,,,,,,,,,,,,,,,,,,,,,,0.23,,,,,,,,,3.38,,,,,,1.39,,,,,0.48,,,,,,,,,,,,,,,,,,,,,,,,,,,,,,,,,,,,,,,,,,,,,,,,,,,,0.01
1564369151000,,,,,,,,,,,,,,,,,,,,,,,,,,0.57,,,,,,,,1.10,,,,,,4.84,,,,,,,,,,,,,,0.40,,,,,,,,,,,,,,,0.84,,,,,,,,,,,,,,,,,,,,,,,,,,,,0.61
1564436686000,,,,,,,,,,,,,,,,,,,,,,,,,0.10,,,,,,,,,0.62,,,,,,5.74,,,,,,,,,,,,,,1.78,,,,,,,,,,,,,,,0.36,,,,,,,,,,,,,,,,,,,,,,,,,,,,2.84
1564503925000,,,,,,,5.25,,,,,60.73,,,,,,,,,,,,,,,,1.10,,,,,,5.73,,,,,,12.39,,,,,2.40,,,,,,,,,22.27,,,,,,,,,,,,,,1.38,0.99,2.00,,,,,,,,,,,,,,,,7.07,,,,,36.76,,,,,,18.05
1564570789000,,,,,,,,,,,,,,,,,,,,,,,,,0.57,,,0.44,,,,,,0.78,,1.95,,,,14.90,,,,,,,,,,1.40,,,,1.91,,,,,,,,,,,,,,,0.41,,,,,,,,,,,,,,,,,,,,,,,,,,,,1.69
1564637313000,,,,,,,3.00,,,,,,,,,,,,,,,,,,0.85,,,0.09,,,,,,10.80,,,,,,9.01,,,,,,,,,,1.30,,,,3.03,,,,0.04,,,,,,,,,,,1.08,,,,,,,,,,,,,,,,,,,,,,7.42,,,,,,1.05
1564705696000,,,,,,,33.43,,,,,,,,,,,,,,,,,,5.82,,,136.47,,32.94,,,,45.97,,,7.79,,,,,,,,,,,,,3.11,,,,2.03,,,,,,,,,,,,,,,0.38,2.62,,,,,,,,,,,,,,,,4.02,,,,,4.03,,,,,,
1564772699000,,,,,,,,,,,,,,,,,,,,,,,,,1.03,,,0.56,,,,,,11.76,,,2.28,,,2.68,,,,,3.84,,,,,3.31,,,,2.30,,,,,,,,,,,,,,1.44,1.89,,,,,,,,,,,,,,,,,,,,,,3.01,,,,,,3.09
1564839134000,,,,,,,197.61,,,,,1.34,,,,,,,,,,,,,53.33,,,607.07,,,,,,162.29,,,19.08,,,77.07,,,,,1.66,,,,,7.20,,,,67.90,,,,,,,,,,,0.95,,,2.71,0.01,26.87,,,0.22,,,,,,,,,,,,,42.46,,,,,116.99,,,,,,13.37
1564905518000,,,,,,,,,,,,4.06,,,,,,,,,3.97,,,,1.63,,,1.45,,,,,,,,,2.01,,,34.25,,,,,2.48,,,,,4.56,,,,12.38,,,,,,,,,,,,,,,,0.53,,,1.09,,,,,,,,,,,,,,,,,,,,,,,,6.59
1564972688000,,,,,,,,,,,,0.41,,,1.03,,,,,,,,,,2.24,,,0.32,,,,,,1.02,,,,,,25.82,,,,,,,,,,,,,,8.94,,,,,,,,,,,,,,,,,,,0.42,,,,,,,,,,,,,,,,,,,,,,,,7.42
1565039690000,,,,,,,,,,,,0.00,,,,,,,,,,,,,2.38,,,,,,,,,4.44,,,,,,13.10,,,,,0.16,,,,,4.01,,,,9.33,,,,,,,,,,,0.77,,,0.61,,,,,,,,,,,,,,,,,,,,,,,,,,,,,10.15
1565106699000,,,,,,,,,,,,0.21,,,,,,,,,,,,,1.26,,,,,,,,,4.90,,,7.22,,,13.07,,,,,8.75,,,,,4.61,,,,4.83,,,,,,,,,,,,,,,,,,,,,,,,,,,,,,,,,,,,,,,,,,,2.32
1565173880000,,,,,,,0.75,,,,,,,,,,,,,,,,,,,,,2.40,,,,,,0.49,,,4.75,,,2.94,,,,,,,,,,6.84,,,,17.69,,,,,,,,,,,,,,,0.42,,,,,,,,,,,,,,,,,,,,,,,,,,,,12.32
1565241308000,,,,,,,,,,,,0.01,,,,,,,,,,,,,1.52,,,,,,,,,4.08,,,,,,,,,,,0.81,,,,,3.36,,,,6.86,,,,,,,,,,,,,,,0.41,,,,,,,,,,,,,,,,,,,,,,,,,,,,3.92
1565308246000,,,,,,,,,,,,0.22,,,,,,,,,,,,,1.49,,,,,,,,,1.34,,,,,,,,,,,,,,,,7.36,,,,7.54,,,,,,,,,,,,,,,1.99,,,,0.52,,,,,,,,,,,,,,,,,,,,,,,,1.08
1565375748000,,,,,,,6.50,,,,,,,,,,,,,,,,,,1.50,,,,,,,,,1.44,,,,,,,,,,,0.00,,,,,3.81,,,,5.53,,,,,,,,,,,1.50,,,,0.91,,,,2.62,,,,,,,,,,,,,,,,,,,,,,,,10.21
1565441736000,,,,,,,,,,,,,,,,,,,,,0.05,,,,5.11,,,,,,,,,9.80,,,,,,,,,,,0.52,,,,,10.72,,,,19.55,,,,,,,,,,,4.54,,,0.55,3.28,,,,,,,,,,,,,,,,,,,,,,1.21,,,,,,5.53
1565509207000,,,,,,,,,,,,0.01,,,,,,,,,,,,,1.00,,,,,,,,,6.58,,,3.55,,,2.33,,,,,9.46,,,,,8.21,,,,28.70,,,,,,,,,,,,,,2.98,2.09,,,,,,,,,,,,,,,,,,,,,,,,,,,,30.22
1565576260000,,,,,,,,,,,,,,,,,,,,,,,,,1.00,,,,,,,,,4.90,,,,,,20.01,,,,,0.05,,,,,0.75,,,,16.92,,,,,,,,,,,,,2.19,,0.43,,,,0.07,,,,,,,,,,,,,,,,,,,,,,,,21.44
1565643196000,,,,,,,,,,,,,,,,,,,,,,,,,6.48,,,0.38,,,,,,0.46,,,,,,8.94,,,,,0.25,,,,,0.75,,,,4.94,,,,,,,,,,,3.00,,,,,,,,,,,,,,,,,,,,,,,,,,,,,,,,1.26
1565710691000,,,,,,,,,,,,3.48,,,0.28,,,,,,,,,,1.61,,,,,,,,,,,,,,,5.60,,,,,,,,,,0.55,,,,2.31,,,,,,,,,,,2.06,,,,,,,,,,,,,,,,,,,,,,,,,,1.35,,,,,,1.22
1565776959000,,,,,,,,,,,,,,,,,,,,,,,,,0.54,,,,,,,,,1.36,,,3.25,,,35.26,,,,,2.75,,,,,2.00,,,,11.85,,,,,,,,,,,2.20,,,,0.39,,,,1.77,,,,,,,,,,,,,,,,,4.57,,,,,,,7.28
1565843533000,,,,,,,,,,,,,,,,,,,,,,,,,0.65,,,,,,,,,3.35,,,,,,33.23,,,,,0.63,,,,,,,,,13.96,,,,,,,,,,,2.11,,,1.31,0.45,,,,,,,,,,,,,,,,,3.00,,,,,,,,,,,4.57
1565911450000,,,,,,,8.02,,,,,105.46,,,6.28,,,,,,,,,,1.84,,,,,,,,,14.43,,,,,,,,,,,54.49,,,,,14.77,,,,58.48,,,,,,,,,,,6.16,,,4.39,,8.74,,,,,,,,,,,,,,,,76.00,,,,,,,,,,,4.86
1565978340000,,,,,,,,,,,,,,,,,,,0.77,,,,,,,,,,,,,,,1.48,,,,,,,,,,,2.56,,,,,2.51,,,,8.96,,,,,,,,,,,1.60,,,1.76,,,,,,,,,,,,,,,,,,,,,,,,,,,,,3.98
1566044959000,,,,,,,2.26,,,,,,,,,,,,,,,,,,,,,,,,,,,1.07,,,,,,9.93,,,,,,,,,,2.21,,,,1.01,,,,,,,,,,,3.88,,,,,,,,,,,,,,,,,,,,,,,,,,,,,,,,4.93
1566113085000,,,,,,,,,,,,,,,,,,,2.26,,,,,,,,,0.14,0.14,,,,,,,,,,,7.68,,,,,1.43,,,,,0.65,,,,3.00,,,,,,,,,,,3.37,,,0.43,0.40,,,,,,,,,,,,,,,,,,,,,,,,,,,,1.50
1566179461000,,,,,,,21.66,,,,,,,,,,,,0.08,,,,,,,,,108.88,,,,,,34.07,,,27.42,,,11.20,,,,,0.66,,,,,4.51,,,,10.42,,,,,,,,,,,1.46,,,0.51,,2.77,,,,,,,,,,,,,,,,16.63,,,,,13.18,,,,,,4.50
1566246801000,,,,,,,0.50,,,,,1.52,,,,,,,,,,,,,4.50,,,,,,,,,,,,,,,15.61,,,,,0.32,,,,,2.74,,,,0.70,,,,,,,,,,,1.11,,,,,,,,,,,,,,,,,,,,,,,,,,,,,,,,3.46
1566314677000,,,,,,,2.52,,,,,0.43,,,,,,,,,,,,,,,,0.50,,,,,,1.38,,,,,,10.95,,,,,3.59,,,,,,,,,5.35,,,,,,,,,,,2.21,,,,,,,,,,,,,,,,,,,,,,,,,,,,,,,,3.60
1566381517000,,,,,,,,,,,,,,,,,,,,,25.65,,,,,,,0.49,,,,,,2.52,,,22.62,,,7.80,,,,,,,,,,3.41,,,,5.03,,,,,,,,,,,,,,1.19,,,,,,,,,,,,,,,,,,,,,,,,,,,,,1.21
1566448943000,,,,,,,,,,,,,,,,,,,,,,,,,,,,,,,,,,0.65,,,,,,12.73,,,,,0.68,,,,,1.71,,,,5.90,,,,,,,,,,,2.59,,,,0.98,,,,,,,,,,,,,,,,,3.51,,,,,,,,,,,0.17
1566516026000,,,,,,,,,,,,,,,,,,,,,,,,,,,,,,,,,,1.52,,,,,,7.11,,,,,,,,,,,,,,4.75,,,,,,,,,,,1.00,,,,,,,,,,,,,,,,,,,,,,,,,,,,,,,,3.71
1566583035000,,,,,,,,,,,,,,,,,,,,,,,,,,,,,,,,,,8.14,,,,,,1.31,,,,,,,,,,0.75,,,,1.01,,,,,,,,,,,3.76,,,,1.92,,,,6.31,,,,,,,,,,,,,3.93,,,,,,,,,,,1.18
1566649948000,,,,,,,2.00,,,,,,,,,,,,,,,,,,,,,,,,,,,,,,,,,3.91,,,,,0.38,,,,,,,,,,,,,,,,,,,,1.60,,,,0.49,,,,,,,,,,,,,,,,,,,,,,3.03,,,,,,2.88
1566717936000,,,,,,,,,,,,,,,,,,,,,,,,,,,,,,,,,,,,,2.75,,,1.86,,,,,,,,,,,,,,0.60,,,,,,,,,,,,,,,,,,,0.83,,,,,,,,,,,,,,,,,5.72,,,,,,,0.50
1566784085000,,,,,,,34.00,,,,,271.58,,,,,,,,,,,,,,,,8.01,,49.64,,,,60.26,,,22.75,,,12.34,,,,,,,,,,6.33,,,,22.57,,,,,,,,,,,,,,3.03,,23.59,,,,,,,,,,,,,,,,37.48,,,,,1.99,,,,,,13.00
1566851133000,,,,,,,,,,,,,,,,,,,,,,,,,,,,,,,,,,,,,,,,6.44,,,,,,,,,,,,,,,,,,,,,,,,,,,,,,,,,,,,,,,,,,,,,,,,,,,,,,,,,1.63
1566920101000,,,,,,,,,,,,,,,,,,,,,,,,,,,,,,,,,,1.66,,,2.54,,,14.62,,,,1.00,5.99,,,,,0.70,,,,0.70,,,,,,,,,,,1.31,,,,,,,,,,,,,,,,,,,,,,,,,,,,,,,,1.48
1566986635000,,,,,,,,,,,,0.04,,,,,,,,,,,,,,,,,,,,,,0.00,,,11.00,,,10.88,,,,1.00,,,,,,0.70,,,,,,,,,,,,,,,,,,,,,,,0.00,,,,,,,,,,,,,,,,,,,,,,,,14.69
1567054177000,,,,,,,,,,,,36.63,,,,,,,,,,,,,,,,,,,,,,24.62,,,,,,15.59,,,,1.26,6.01,,,,,2.00,,,,4.45,,,,,,,,,,,,,,0.57,,,,,,,,,,,,,,,,,,23.79,,,,,,,,,,,2.52
1567120257000,,,,,,,,,,,,1.68,,,,,,,,,,,,,,,,1.65,,,,,,2.77,,,3.58,,,13.38,,,,1.81,7.83,,,,,0.60,,,,4.39,,,,,,,,,,,,,,0.44,,,,,,,,,,,,,,,,,,,,,,,,,,,,,1.68
1567187642000,,,,,,,,,,,,0.79,,,,,,,,,,,,,,,,,,,,,,1.74,,,,,,,,,,0.22,,,,,,1.25,,,,0.91,,,,,,,,,,,,,,3.01,,,,,1.56,,,,,,,,,,,,,,,,,,,,,,,,0.89
1567255013000,,,,,,,,,,,,,,,,,,,,,,,,,,,,,,,,,,,,,,,,5.95,,,,0.88,1.67,,,,,2.01,,,,1.00,,,,,,,,,,,,,,1.17,,,,,,,,,,,,,,,,,,,,,,,,,,,,,1.95
1567321929000,,,,,,1.94,,,,,,,,,,,,,,,,,,,,,,,,,,,,0.59,,,,,,0.48,,,,1.99,,,,,,0.75,,,,2.63,,,,,,,,,,,,,,,,,,,,,,,,,,,,,,,,1.71,,,,,,,,,,,0.82
1567389294000,,,,,,,,,,,,,,,,,,,,,,,,,,,,,,,,,,,,,,,,5.84,,,,,,,,,,,,,,0.40,,,,,,,,,,,,,,,,,,,,,,,,,,,,,,,,,,,,,,,,,,,1.00
1567457291000,,,,,,,,,,,,,,,,,,,,,,,,,,,,,,,,,,,,,9.50,,,14.58,,,,,,,,,,,,,,2.30,,,,,,,,,,,,,,,,,,,,,,,,,,,,,,,,,,,,,,,,,,,11.14
1567524520000,,,,,,7.41,,,,,,,,,,,,,,,,,,,,,,,,,,,,6.79,,,3.25,,,17.54,,,,0.12,2.25,,,,,,,,,1.72,,,,,,,,,,,,,,0.76,,0.11,,,,,,,,,,,,,,,,,,,,,,,,,,,4.64
1567591445000,,,,,,,,,,,,,,,,,,,,,,,,,,,,,,,,,,0.68,,,,,,6.18,,,,,,,,,,,,,,0.71,,,,,,,,,,,,,,0.67,,,,,,,,,,,,,,,,,,,,,,,,,,,,,0.80
1567658685000,,,,,,,,,,,,,,,,,,,,,0.04,,,,,,,,,,,,,,,,,,,12.61,,,,0.49,,,,,,,,,,0.50,,,,,,,,,,,,,,,,,,,,,,,,,,,,,,,,,,,,,,,,,,,2.72
1567726271000,,,,,,,,,,,,,,,,,,,,,,,,,,,,,,,,,,,,,,,,6.88,,,,,,,,,,,,,,2.31,,,,,,,,,,,,,,,,,,,,,,,,,,,,,,,,,,,,,,,,,,,
1567794373000,,,,,,,,,,,,,,,,,,,,,,,,,,,,,,,,,,,,,,,,4.42,,,,,2.04,,,,,,,,,,,,,,,,,,,,,,,,,,,,,,,,,,,,,,,,,,,,,,,,,,,,1.44
1567860872000,,,,,,,,,,,,,,,,,,,,,,,,,,,,,,,,,,0.94,,,,,,3.54,,,,,0.88,,,,,,,,,,,,,,,,,,,,,,,0.61,,,,,,,,,,,,,,,,,,,,,,,,,,,,,0.85
1567928417000,,,,,,,2.50,,,,,1.71,,,,,,,,,,,,,,,,,,,,,,,,,,,,,,,,,,,,,,0.75,,,,1.91,,,,,,,,,,,,,,,,,,,,,,,,,,,,,,,,1.73,,,,,,,,,,,2.12
1567996252000,,,,,,3.31,,,,,,,,,,,,,,,0.58,,,,,,,,,,,,,,,,,,,3.32,,,,,,,,,,0.95,,,,2.41,,,,,,,,,,,,,,1.73,0.47,,,,,,,,,,,,,,,,,,,,,,,,,,,,2.08
1568063465000,,,,,,0.03,2.02,,,,,,,,,,,,,,,,,,,,,2.27,,,,,,,,,,,,6.42,,,,,,,,,,1.86,,,,1.32,,,,,,,,,,,,,,,,0.11,,,,,,,,,,,,,,,,,,,,,,,,,,,1.88
1568130759000,,,,,,,,,,,,,,,,,,,,,,,,,,,,0.11,,,,,,,,,,,,,,,,0.06,,,,,,,,,,,,,,,,,,,,,,,,,,,,,,,,,,,,,,,,,,,,,,,,,,,,,1.28
1568198340000,,,,,,1.15,,,,,,,,,,,,,,,,,,,,,,,,,,,,,,,,,,4.23,,,,,,,,,,,,,,,,,,,,,,,,,,,,,,,,,,,,,,,,,,,,,,,,,,,,,,,,,3.90
1568266003000,,,,,,,,,,,,,,,,,,,,,,,,,,,,,,,,,,,,,10.75,,,2.05,,,,,,,,,,1.76,,,,,,,,,,,,,,,,,,,,,,,,,,,,,,,,,,,,,,,,,,,,,,,12.70
1568332434000,,,,,,,,,,,,0.40,,,,,,,,,,,,,,,,0.01,,,,,,1.59,,,,,,2.94,,,,,0.11,,,,,0.85,,,,,,,,,,,,,,,,,,,,,,,,,,,,,,,,,,,,,,,,,,,,,,,0.06
1568400865000,,,,,,1.39,12.00,,,,,30.55,,,,,,,,,,,,,,,,,,,,,,3.83,,,,,,5.03,,,,,0.69,,,,,4.71,,,,11.91,,,,,,,,,,,,,,,0.47,,,,,,,,,,,,,,,,,,,,,,,,,,,,5.79
1568467502000,,,,,,1.36,4.08,,,,,,,,,,,,,,7.83,,,,,,,9.85,,,,,,4.86,,8.40,11.79,,,13.10,,,,,0.52,,,,,1.50,,,,5.27,,,,,,,,,,,,,,,,,,,0.90,,,,,,,,,,,,,2.45,,,,,,,,,,,1.10
1568535532000,,,,,,,1.51,,,,,,,,,,,,,,,,,,,,,,,,,,,1.51,,,,,,5.78,,,,,,,,,,1.15,,,,,,,,,,,,,,,,,,0.83,,,,,,,,,,,,,,,,,,,,,,,,,,,,,2.82
1568603177000,,,,,,,1.01,,,,,,,,,,,,,,,,,,,,,0.09,,,,,,,,,,,,5.20,,,,,1.49,,,,,0.70,,,,0.50,,,,,,,,,,,,,,,,,,,,,,,,,,,,,,,,,,,,,,,,,,,
1568669970000,,,,,,,,,,,,,,,,,,,,,,,,,,,,,,,,,,1.49,,,,,,0.95,,,,1.00,0.26,,,,,3.76,,,,0.47,,,,,,,,,,,,,,,0.47,,,,,,,,,,,,,,,,,,,,,,,,,,,,0.56
1568737700000,,,,,,,,,,,,,,,,,,,,,,,,,,,,,,,,,,,,,,,,3.44,,,,,,,,,,,,,,7.53,,,,,,,,,,,,,,,,,,,,,,,,,,,,,,,,,,,4.72,,,,,,,,1.17
1568803850000,,,,,,3.20,,,,,,,,,,,,,,,,,,,,,,0.75,,,,,,,,8.30,9.56,,,12.01,,,,,18.17,,,,,,,,,5.68,,,,,,,,,,,,,,15.52,,,,,,,,,,,,,,,,,,,,,,,,,,,,,8.02
1568871705000,,,,,,,13.80,,,,,1.90,,,,,,,,,5.15,,,,,,,10.23,0.10,,,,,6.41,,,2.54,,,33.23,,,,,1.24,,,,,4.11,,,,9.38,,,,,,,,,,,,,,1.94,,,,,,,,,,,,,,,,,,23.46,,,,,,,,,,,20.35
1568939678000,,,,,,,,,,,,,,,,,,,,,,,,,,,,0.86,,,,,,2.63,,,,,,18.93,,,,,1.04,,,,,,,,,0.91,,,,,,,,,,,,,,,,,,,,,,,,,,,,,,,,,,,,,,,,,,,6.07
1569006694000,,,,,,,,,,,,1.83,,,,,,,,,,,,,,,,0.79,,,,,,3.18,,,,,,0.27,,,,,0.09,,,,,3.91,,,,,,,,,,,,,,,,,,,,,,,,,,,,,,,,,,,,,,,,,,,,,,,5.99
1569074199000,,,,,,,,,,,,,,,,,,,,,,,,,,,,0.51,,,,,,,,,,,,9.12,,,,,,,,,,,,,,0.26,,,,,,,,,,,,,,,,,,,,,,,,,,,,,,,,,,,,,,,,,3.94,,6.41
1569142150000,,,,,,,,,,,,,,,,,,,,,,,,,,,,,,,,,,,,,,,,3.85,,,,,1.35,,,,,,,,,0.60,,,,,,,,,,,,,,,,,,,,,,,,,,,,,,,,,,,,,,,,,,,0.08
1569209597000,,,,,,,,0.29,,,,,,,,,,,,,,,,,,,,,,,,,,,,,,,,1.50,,,,,,,,,,,,,,,,,,,,,,,,,,,,,,,,,,,,,,,,,,,,,,,,,,,,,,,,,1.42
1569276280000,,,,,,,,,,,,,,,,,,,,,,,,,,,,,,,,,,,,,,,,8.67,,,,,0.07,,,,,,,,,,,,,,,,,,,,,,,,,,,,,,,,,,,,,,,,,,,,,,,,,,,,0.61
1569344903000,,,,,,,,,,,,,,,,,,,,,,,,,,,,,,,,,,,,,,,,34.68,,,,2.00,0.77,,,,,1.98,,,,4.48,,,,,,,,,,,,,,,,,,,,,,,,,,,,,,,,2.73,,,,,,,,,2.63,,10.74
1569412741000,,,,,,33.17,22.50,,,,,0.67,18.19,,,7.26,,,1.02,,,,0.50,,,,,0.03,,,,,,12.03,,,29.96,,,57.40,,,,,6.46,,,,,4.14,,,,21.82,,,,,,,,,,,,,,,,,,,,,,,,,,,,,,,,,,,,,,,,,,,32.24
1569480328000,,,,,,,,,,,,0.59,,,,,,,,,,,1.40,,,0.12,,,0.02,,,,,,,,,,,12.03,,,,0.53,0.51,,,,,0.51,,,,,,,,,,,,,,,,,,,,,,,0.39,,,,,,,,,,,,,,,,,,,,,,,,0.10
1569548219000,,,,,,,9.42,,,,,,,,,,,,,,,,,,,,,11.22,,,,,,,,,8.50,,,13.16,,,,,0.67,,,,,,,10.40,,2.32,,,,,,,,,,,,,,,,,,,,,,,,,,,,,,,,,,,,,,,,,,,1.26
1569615424000,,,,,,,,0.60,,,,,,,,,,,,,,,,,,,,,,,,,,,,,,,,2.40,,,,0.75,0.39,,,,,,,,,,,,,,,,,,,,,,,,,,,,,,,,,,,,,,,,,,,,,,,,,,,,0.62
1569683184000,,,,,,,,,,,,0.63,,,,,,,,,,,,,,,,,,,,,,,,,,,,5.44,,,,1.00,,,,,,,,,,0.61,,,,,,,,,,,,,,,,,,,,,,,,,,,,,,,,,,,,,,,,,,,
1569751196000,,,,,,,,,,,,,,,,,,,,,,,,,,,,,,,,,,0.09,,,,,,6.53,,,,2.00,1.67,,,,,,,,,,,,,,,,,,,,,,,,,,,,,,,,,,,,,,,,,,,,,,,,,,,,1.37
1569817983000,,,,,,,1.01,,,,,,,,,3.75,,,,,,,,,,,,,,,,,,,,,,,,6.14,,,,,,,,,,,,2.38,,,,,,,,,,,,,,,,,,,,,,,,,,,,,,,,,,,,,,,,,,,,,8.63
1569885879000,,,,,,,,,,,,,,,,,,,1.19,,,,,,,,,,0.93,,,,,,,,,,,4.86,,,,0.27,0.03,,,,,,,,,,,,,,,,,,,,,,,0.99,,,,,,,,,,,,,,,,,,,,,,,,,,,1.63,,0.78
1569953471000,,,,,,,,,,,,0.51,,,,,,,,,,,,,,,,,,,,,,,,,,,,11.62,,,,,,,,,,0.50,,,,,,,,0.78,,,,,,,,,,,,,,,,,,,,0.50,,,,,,,,,,,,,,,,,0.44,,0.32
1570021093000,,,,,,,,,,,,,,,,,,,,,,,,,,,,,,,,,,,,,,,,11.56,,,,1.99,1.71,,,,,0.60,,,,0.40,,,,,,,,,,,,,,0.70,,,,,,,,,,,,,,,,,,,,,,,,,,,,,5.73
1570088581000,,,,,,,,,,,,,,,,,,,,,,,,,,,,0.61,,,,,,0.82,,,1.01,,,11.39,,,,1.66,1.29,,,,,0.55,,,,2.10,,,,,0.69,,,,,,,,,0.71,,0.19,,,,,,,,,,,,,,,,,,,,,,,,,0.65,,5.53
1570156245000,,,,,,,9.50,,,,,110.54,,,,,,,0.45,,,,1.50,,,,,,2.55,,,,,18.68,,,57.50,,,9.80,,,,0.50,0.46,,,,,,,,,23.51,,,,,0.08,,,,,,,,,4.85,,,,,,,,,,0.57,,,,,,,,,,,,,,,,,13.51,,5.47
1570223512000,,,,,,,,,,,,,,,,,,,,,,,,,,,,,,,,,,2.58,,,,,,,,,,,,,,,,2.56,,,,2.41,,,,,0.69,,,,,,,,,1.03,,,,,,,,,,2.24,,,,,,,,,,,,,,,,,2.09,,5.36
1570290984000,,,,,,,,,,,,,,,,,,,,,,,2.50,,,,,,,,,,,0.66,,,1.01,,,,,,,1.00,,,,,,0.60,,,,4.63,,,,,,,,,,,,,,,,,,,,,,,,,,,,,,,,,,,,,,,,,,,2.50
1570358020000,,,,,,,1.51,,,,,,,,,,4.63,,,,,,,,,,,,,,,,,1.03,,,,,,,,,,,,,,,,1.25,,,,2.91,,,,,,,,,,,,,,,,,,,,,,,,,,,,,,,,,,,,,,,,,1.65,,1.92
1570424401000,,,,,,,,,,,,,,,,,,,,,,,,,,,,,0.29,,,,,9.09,,,1.25,,,,,,,1.00,,,,,,8.50,,,,10.15,,,,,1.59,,,,,,,,,1.20,,,,,,,,,,,,,,,,,,,,,,,,,,,10.25,,4.19
1570492273000,,,,,,,,,,,,,,,,,,,0.28,,,,,,,,,,0.03,,,,,1.37,,,4.75,,,16.45,,,,1.75,0.58,,,,,0.60,,,,4.23,,,,,,,,,,,,,,,,,,,,,,,,,,,,,,,,,,,,,,,,,7.75,,9.79
1570560314000,,,,,,,4.06,,,,,0.71,,,,,,,,,,,,,,,,5.72,0.23,,,,,2.66,,,5.50,,,53.17,,,,6.34,1.33,,,,,1.20,,9.64,,17.17,,,,,,,,,,,,,,0.72,,,,,2.84,,,,,,,,,,,,,9.99,,,,,,,,,1.53,,10.14
1570628456000,,,,,,,,,,,,0.78,,,,,,,,,,,1.00,,,,,2.59,,,,,,2.39,,,4.04,,,46.18,,,,10.50,12.62,,,,,,,,,10.26,,,,,1.77,,,,,,,,,0.38,,,,,0.47,,,,,,,,,,,,,3.31,,,,,,,,,7.72,,15.91
1570696365000,,,,,,,1.51,,,,,2.03,,,,,,,0.48,,,,7.87,,,,,5.76,,,,,,2.47,,,,,,41.16,,,,,1.07,,,,,3.06,,0.08,,18.50,,,,,1.66,,,,,,,,,4.71,,,,,,,,,,,,,,,,,,14.47,,,,,,,,,4.11,,4.25
1570764407000,,,,,,,,,,,,0.51,,,,,,,3.01,,,,12.58,,,,,,,,,,,2.09,,,6.25,,,33.38,,,,,0.14,,,,,0.60,,,,20.15,,,,,,,,,,,,,,1.01,,,,,,,,,,3.55,,,,,,,,2.33,,,,,,,,,0.48,,18.03
1570832121000,,,,,,,2.02,,,,,0.97,,,,,,,0.09,,,,6.49,,,,,3.62,,,,,,0.71,,,,,,38.97,,,,,1.28,,,,,2.70,,,,1.52,,,,,,,,,,,,,,1.12,,,,,,,0.28,,,,,,,,,,,,,,,,,,,,,,5.99
1570900657000,,,,,,,,,,,,,,,,,,,,,,,2.56,,,,,1.94,,,,,,1.60,,,,,,3.92,,,,,0.41,,,,,1.50,,,,5.94,,,,,,,,,,,,,,0.99,,,,,,,,,,0.89,,,,,,,,,,,,,,,,,1.21,,
1570967603000,,,,,,,5.51,,,,,,,,,,17.15,,1.45,,,,,,,,,2.96,,,,,,,,,7.06,,,11.45,,,,,,,,,,,,,,15.19,,,,,0.16,,,,,,,,,0.81,,,,,1.45,,,,,,,0.03,,,,,,,,,,4.26,,,,,,,0.71
1571036079000,,,,,,,,,,,,0.06,,,,,,,,,,,1.00,,,,,,,,,,,1.16,,,,,,18.26,,,,,0.63,,,,,0.65,,,,6.74,,,,,0.00,,,,,,,,,1.43,,,,,0.54,,,,,0.56,,,,,,,,,,,,,,,,,0.49,,4.20
1571103316000,,,,,,,,,,,,0.00,,,,,,,,,,,,,,,,1.02,,,,,,1.09,,,4.00,,,10.80,,,,,1.58,,,,,0.60,,,,5.32,,,,,,,,,,,,,,,,,,,0.01,,,,,,,,,,,,,,,,,,,,,,,,10.22
1571171084000,,,,,,,,,,,,0.22,,,,,,,,,,,,,,,,0.22,,,,,,1.36,,,,,,7.48,,,,,,,,,,1.35,,,,5.05,,,,,,,,,,,,,,,,,,,0.20,,0.66,,,,1.66,,,,,,,,,,,,,,,,,,2.18
1571239896000,,,,,,,95.42,,,,,293.11,,,,,,2.10,1.34,,,,1.76,,,,,0.35,,,,,,21.87,,,111.76,,,27.39,,,,,4.93,,,,3.46,3.15,,,,13.03,,,,,,,,,,,,,,1.97,,,,,,,3.68,,,,,,,,,,,43.56,,,,,,,,,,,19.38
1571307873000,,,,,,,,,,,,0.70,,,,,,0.70,0.65,,,,2.25,,,,,,,,,,,,,,,,,17.38,,,,,1.32,,,,,3.45,,,,9.54,,,,,,,,,,,,,,,,,,,,,0.40,,,,,,,,,,,,,,,,,,,,,,3.08
1571376291000,,,,,,,,,,,,3.37,,,,,,,,,,,1.25,,,,,3.32,,,,,,2.03,,,1.01,,,16.21,,,,,0.28,,,,,,,,,10.05,,,,,0.74,,,,,,,,,,,,,,,,,,,,,,,,,,,,,,,,,,,,,,10.97
1571444011000,,,,,,,,,,,,0.55,,,,,,0.60,,,,,,,,,,,,,,,,2.64,,,9.53,,,14.20,,,,,1.81,,,,2.94,,,6.55,,4.94,,,,,,,,,,,,,,,,,,,,,1.39,,,0.10,,,,,,,,,,,,,,,,,,,19.09
1571512073000,,,,,,,4.00,,,,,,,,,,,,,,,,1.25,,,,,0.27,,,,,,0.66,,,,,,11.70,,,,,0.03,,,,,,,8.86,,12.45,,,,,,,,,,,,,,,,,,,,,,,,,,,,,6.59,,,,,,,,,,,,,,1.37
1571579975000,,,,,,,,,,,,,,,,,,,,,,,,,,,,0.01,,,,,,0.66,,,,,,3.41,,,,,0.13,,,,,,,0.00,,2.20,,,,,,,,,,,,,,,,,,,,,1.78,,,,,,,,,,,,,,,,,,,,,,0.01
1571648150000,,,,,,,,,,,,0.30,,,,,,,,,,,3.00,,,,,1.55,,,,,,7.00,,,,,,8.49,,,,,0.71,,,,,1.25,,,,6.81,,,,,,,,,,,,,,2.84,,,,,0.04,,,,,,,,,,,,,,,,,,,,,,,,4.57
1571716619000,,,,,,,,,,,,0.40,,,,,,,,,,,3.75,,,,,2.76,,,,,,2.90,,,,,,23.74,,,,,1.73,,,,,,,,,1.32,,,,,,,,,,,,,,0.36,,,,,,,1.50,,,,,,,,,,,,,,,,,,,,,,5.94
1571783991000,,,,,,,0.51,,,,,2.74,,,,,,,0.97,,,,,,,,,1.60,,,,,,3.71,,,,,,14.99,,,,,2.34,,,,8.48,4.59,,,,8.31,,,,,,,,,,,,,,0.80,,,,,,,2.42,,,,,,,,,,,,,,,,,,,,,,17.28
1571851268000,,,,,,,,,,,,1.04,,,,,6.00,1.40,1.50,,,,,,,,,0.38,,,,,,1.05,,,,,,32.60,,,,,5.28,,,,,,,,,8.37,,,,,,,,,,,,,,0.66,,0.25,,,,,,,,0.10,,,,,,,,,,,,,,,,,,,5.19
1571920923000,,,,,,,,,,,,0.20,,,,,,0.36,,,,,0.42,,,,,0.23,,,,,,18.20,,,,,,18.93,,,,,2.85,,,,0.92,0.80,,,,36.80,,,,,,,,,,,,,,,,,,,,,2.69,,,,,,,,,,,,,,,,,,,,,,37.40
1571990353000,,,,,,,,,,,,1.09,,,,,,0.20,,,,,1.50,,,,,0.43,1.22,,,,,1.28,,,1.76,,,18.14,,,,,1.31,,,,,0.65,,,,6.91,,,,,,,,,,,,,,,,,,,2.18,,,,,,,0.08,,,,,,,,,,,,,,,,,12.17
1572060724000,,,,,,,38.47,,,,,6.35,,,,,,,2.60,,,,1.57,,,,,130.27,27.60,,,,,41.38,,,34.32,,,46.60,,,,,7.86,,,,,,,,,45.96,,,,,,,,,,,,,,3.13,,4.06,,,0.04,,,,,,,,,,,,,39.85,,,,,,,,,,,3.93
1572129485000,,,,,,,,,,,,,,,,,,0.23,2.59,,,,,,,,,1.87,,,,,,4.33,,,9.01,,,35.93,,,,,3.79,,,,2.65,0.65,,,,19.70,,,,,7.07,,,,,,,,,1.86,,,,,,,,,,,,0.32,,,,,,2.63,,,,,,,,,,,14.87
1572198558000,,,,,,,,,,,,,,,,,,0.15,,,,,,,,,,1.56,,,,,,0.73,,,8.61,,,11.30,,,,,1.68,,,,,,,,,8.23,,,,,,,,,,,,,,2.30,,,,,,,,,,,,,,,,,,,,,,,,,,,,,13.10
1572267917000,,,,,,,,,,,,,,,,11.55,,13.32,,,0.06,,1.25,,,,,1.33,1.09,,,,,2.38,,,,,,25.03,,,,,1.28,,,,,1.45,,,,20.25,,,,,,,,,,,,,,,,,,,,,,,,,,,,,,,,,,,,,,,,,,,10.74
1572337649000,,,,,,,,,,,,0.86,,,,,0.91,,1.52,,,,,,,,,0.40,,,,,,0.63,,,,,,6.54,,,,,1.08,,,,,1.55,,,,3.39,,,,,,,,,,,,,,0.83,,,,,,,,,,,,0.06,,,,,,,,,,,,,,,,,4.06
1572406531000,,,,,,,,,,,,0.88,,,,,,0.06,0.58,,,,1.00,,,,,0.10,,,,,,3.39,,,,,,,,,,,0.10,,,,,4.36,,,,8.94,,,,,2.68,,,,,,,,,1.50,,,,,,,,,,,,,,,,,,,,,,,,,,,,,4.59
1572476793000,,,,,,,,,,,,,,,,,,0.64,,,,,1.90,,,,,,,,,,,0.86,,,,,,,,,,,0.55,,,,,4.90,,,,4.54,,,,,,,,,,,,,,0.95,,,,,,,,,,0.02,,0.32,,,,,,,,,,,,,,,,,4.56
1572546064000,,,,,,,6.20,,,,,,,,,,,1.39,,,,,1.00,,,,,,,,,,,1.42,,,,,,5.19,,,,,1.43,,,,,0.65,,,,8.90,,,,,,,,,,,,,,1.24,,,,,,,,,,,,,,,,,,,,,,,,,,,,,19.39
1572615810000,,,,,,,,,,,,1.15,,,,,,0.19,,,,,1.00,,,,,6.97,,,,,,,,1.40,6.64,,,25.95,,,,,0.08,,,,,,,,,4.24,,,,,0.05,,,,,,,,,,,,,,,,,,,,,,,,,,,,,,,,,,,,,,3.52
1572684939000,,,,,,,,,,,,,,,,,,0.09,,,0.23,,,,,,,0.54,,,,,,2.14,,,12.17,,,1.26,,,,,5.17,,,,,0.65,,17.40,,7.98,,,,,,,,,,,,,,,,,,,,,,,,,,0.04,,,,,,,,,,,,,,,,,3.74
1572754262000,,,,,,,7.00,,,,,,,,,1.07,,,,,,,,,,,,,,,,,,2.81,,,1.50,,,3.16,,,,,,,,,1.07,0.65,,0.30,,5.45,,,,,,,,,,,,,,0.91,,,,,,,,,,,,,,,10.14,,,,,,,,,,,,,,12.18
1572822749000,,,,,,,7.04,,,,,,,,,3.07,,,,,,,,,,,,5.53,,,,,,4.74,,,,,,4.91,,,,,,,,,17.53,,,38.66,,23.15,,,,,,,,,,,,,,,,,,,,,,,,,18.86,,,,,,,,,,,,,,,,,,7.62
1572893104000,,,,,,,,,,,,,,,,,,,,,,,,,,,,5.32,,,,,,2.58,,,3.79,,,5.06,,,,,2.61,,,,,,,,,,,,,,,,,,,,,,,,,,,,,,,,,,,,,,,,,,,,,,,,,,,,3.14
1572962724000,,,,,,,3.50,,,,,,,,,,,0.06,,,,,2.99,,,,,2.14,,,,,,,,,12.50,,,4.90,,,,,0.39,,,,,,,16.64,,3.87,,,,,0.22,,,,,,,,,,,,,,,,,,,,,,,,,,,,,,,,,,,,,,2.59
1573031855000,,,,,,,2.52,,,,,2.21,,,,,,,,,,,2.50,,,,,,,,,,,0.98,,,,,,4.41,,,,,0.95,,,,,0.70,,,,5.04,,,,0.76,1.78,,,,,,,,,,,,,,,,,,,,3.99,,,,,,,,,,,,,,,,,,4.69
1573101222000,,,,,12.12,,,,,,,2.39,,,,,,,,,,,1.50,,,,,0.39,,,,,,0.80,,,,,,15.30,,,,,,,,,,,,,,5.56,,,,,,,,,,,,,,,,,,,,,,,,,,0.03,,,,,,,,,,,,,,,,,17.26
1573171451000,,,,,,,3.50,,,,,0.47,,,,,,0.30,,,,,1.75,,,,,4.92,,,,,,,,,3.50,,,6.06,,,,,0.03,,,,,,,,,12.52,,,,,4.67,,,,,,,,,,,,,,,,,,,,,0.09,,,,,,,,,,,,,,,,,18.59
1573240765000,,,,,,,,,,,,,,,,,,0.03,,,0.12,,,,,,,5.31,,,,,,,,,16.75,,,10.51,,,,,0.96,,,,4.20,0.95,,,,6.69,,,,,,,,,,,,,,,,,,,,,,,,,1.30,0.43,,,,,,,,,,17.97,,,,,,,3.24
1573311556000,,,,,,,,,,,,1.68,,,,,,,,,,,1.25,,,,,,,,,,,3.75,,,10.00,,,9.96,,,,,1.30,,,,,7.05,,,,6.31,,,21.66,,0.01,,,,,,,,7.22,,,,,,,,,,,,4.53,,,,,,,7.91,,,,,,,,,,,9.33
1573382543000,,,,,,,,,,,,,,,,,,0.04,,,,,,,,,,,,,,,,1.12,,,,,,13.95,,,,,0.05,,,,,,,,,13.57,,,,,3.03,,,,,,,,,,,,,,,,,,,,,,,,,,,8.68,,,,,,,10.06,,,,16.47
1573455245000,,,,,,,,,,,,,,,,,,,0.76,,,,,,,12.43,,0.00,0.37,,,,,2.87,,,2.00,,,10.07,,,,,3.16,,,,,0.95,,,,10.87,,,,,,,,,,,,,,,,,,,0.40,,,,,,,,,,,,,2.91,,,,,,,,,,,10.58
1573527153000,,,,,,,,,,,,1.23,,,,,,0.75,,,,,2.75,,,2.16,,0.54,0.97,,,,,,,,,,,13.26,,,,,,,,,6.08,,,,,12.79,,,,,0.35,,,,,,,,,,,,,,,,,,,,,,,,,,,,,,,,,,,,,,17.77
1573598526000,,,,,,,,,,,,0.61,,,,,,,,,,,2.50,,,,,0.01,0.60,,,,,,,,,,,12.89,,,,,0.04,,,,,,,,3.00,6.30,,,,,,,,,,,,,,,,,,,,,,,,,,,,,,,,,,,,,,,,,,,6.68
1573670409000,,,,,,,,,,,,11.38,,,,,1.63,3.18,,,,,2.50,,,,,1.12,,,,,,3.24,,14.10,4.55,,,35.93,,,,,11.41,,,,2.44,,,,,29.88,,,,6.93,,,,,,,,,,,,,,,,,,,,,,0.19,,,,,,4.14,,,,,,,,,,,17.58
1573742983000,,,,,,,,,,,,,,,,2.52,,,,,,,6.56,,,,,5.32,,,,,,4.95,,,,,,25.56,,,,,0.16,,,,,,,,,14.05,,,,,,,,,,,,,,,,,,,,,0.62,,,,,0.08,,,,,,,,,,,,,,,,,20.37
1573814675000,,,,,,,15.00,,,,,,,,,,1.68,,1.15,16.36,17.46,,2.98,,,,,5.40,,,,,,4.44,,,,,,19.39,,,,,0.41,,,,,1.75,,,,14.16,,,,,,,,,,,,,,,,3.23,,,,,,,,,,1.90,,24.27,,,,,,,,,,,,,,,22.25
1573886613000,,,2.48,,,,1.50,,,,,0.13,10.99,,,,,,1.28,15.73,,,1.50,,,,,1.82,,,,,,2.65,,,,,,29.42,,,,,3.47,,,,4.27,,,,,9.37,,,,,0.11,,,4.91,,,,,,,,,,,,,,,,,,,,15.50,,,,,,,,,,,,,,,19.54
1573958177000,,,,,,,,,,,,,,,,,,,,,,,1.50,,,,,,,,,,,4.44,,,,,,12.16,,,,,,,,,,,,,,1.23,,,,,,,,,,,,,,,,,,,,,,,,,,0.08,,,,,,,,,,,,,,,,,3.83
1574030120000,,,0.67,,,,,,,,,,,,,,,,1.22,,,,,,,,,,,,,,,2.94,,,,,,3.80,,,,,,,,,,,,,,3.03,,,,,0.09,,,,,,,,,,,,,,,,,,,,,1.58,,,,,,,,,,,,,,,,,4.46
1574102523000,,,,,,,,,,,,,,,,,,,,,,,,,,,,,,,,,,3.07,,,,,,11.23,,,,,,,,,,,,,,22.80,,,,,0.05,,,,,,,,,,,,,,,,,,,0.10,,5.34,,12.50,,,,,,,,,,30.27,,,,,4.79
1574175364000,,,1.44,,,,5.54,,,,,,,,,0.97,,,,,1.63,,,,,,,8.88,,,,,,6.38,,,,,,26.41,,,,,5.24,1.00,,,,,,,,21.77,,,,,1.65,,,,,,,,,,,,,,,,2.04,,,,,5.46,,,,1.75,,,,,,,,,,,,,8.82
1574248216000,,,,,,,,,,,,20.73,,,,,,,3.28,,,,,,,,,1.93,0.40,,,,,2.54,,,,,,18.93,,,,,5.93,0.38,,,18.61,1.75,,,,31.19,,,,,,,,,,,,,,,,,,,,,,,9.23,,,,,16.26,,1.71,,,,,,,,10.33,,,,,15.26
1574319702000,,,1.31,,,,2.00,,,,,,5.01,,,,,,,,,,,,,,,0.20,,,,,,3.25,,,,,,8.63,,,,,,3.50,,,,1.90,,,,7.18,,,,,,,,4.94,,,,,4.99,,,,,,,,,15.15,,,,,,9.50,,0.03,,3.37,,,,,,,,,,,6.98
1574390894000,,,3.83,,,,,,,,,6.29,,,,,1.50,0.64,,,3.34,,,,,,72.11,0.72,,,,,,18.28,,,,,,7.95,,,,,,0.98,,,0.86,0.99,,,,44.49,,,,,,,,,,,,,,,,,,,0.67,,4.83,,,,,1.81,,,,4.39,,34.03,,,,,,,,,,,26.05
1574463158000,,,,,,,58.71,,,,,351.06,,,,87.69,,,,,,,,,,,,51.91,,,,73.51,,68.51,,,,18.00,,81.56,,,,,15.36,,,,27.34,17.69,,,10.00,141.50,,37.42,,,,,,14.79,,50.00,,,,,,3.87,,,0.20,,4.42,45.07,,,,,,16.00,,5.25,,68.36,,,,,,,,,,,78.61
1574534614000,,,2.09,,,,,,,,,18.30,,,2.50,,,,,,,,,,,,,9.25,,,,,,3.91,,,,,,36.56,,,,,0.40,6.25,,,4.27,2.55,,,,18.07,,,,,,,,,,,,,,,,,,,4.94,,,,,,,0.32,,10.25,,,,21.36,,,,,,,,,,,33.56
1574606767000,,,7.78,,,,,,,,,8.50,,,,15.50,,,,,3.36,77.08,,,,,,6.87,,,,,,24.15,42.28,,,9.00,,14.83,,,30.32,,0.16,,,,31.39,7.59,,,9.00,48.78,,,,,9.47,21.58,,,,,,15.47,8.51,,,,,,,,,,,5.49,,0.00,,121.00,23.55,,65.02,57.55,,,,,,,,,,,33.94
1574677937000,,,2.97,,,,,,,,,119.33,,,,,,5.42,,,,,,,,,,22.71,,,,,44.65,11.08,,,,3.00,,47.94,,,,,,,,,,10.02,,,3.00,72.21,,,,,3.66,,,9.67,,,,40.09,8.68,,,8.14,,,9.72,,3.32,,,69.61,,0.79,,79.93,,2.50,12.24,111.74,,,,,,,,,,,37.73
1574753753000,,,,,,,3.02,,,,,2.55,,,,43.77,,0.16,,,,,,,,,,53.85,,,,,,15.48,,,,3.00,,55.42,,,,,,1.50,,,,,,,3.00,50.52,,,,,28.16,50.26,,,,,,,,,,,,59.72,0.01,,0.80,,,,,,,69.25,,,,34.64,,,,,,,,,,,17.14
1574829912000,,,2.16,,,,62.14,,,,,,,41.00,,,,,,,,,,,,,,6.00,,,,,,51.89,14.58,,,,,46.81,,,,,,1.50,,,,3.01,,,,21.65,,,,,,,,,130.88,,,,,,,6.20,,29.12,,,,,,15.56,4.62,,,208.45,,0.45,,,,47.58,,,,,,,,,4.68
1574906610000,,,,,17.25,,,,,,,6.59,,,,3.84,,,,,,,,,,,,1.49,,,,,,1.73,,,,,,53.27,,,,,1.33,,,,14.77,,,,,12.77,,,,,0.50,,,,,,,,,,,,,,0.01,,,,,,,0.44,,,,,,,,44.44,,,,,,,,,9.90
1574982967000,,,1.51,,,,,,,,,1.45,,,,,,,,,,,,,,,,0.84,,,,,,2.16,,,,,,41.66,,,,,3.09,2.00,,,,3.76,,,,16.59,,,,,8.00,,,,,,,,,,,,,,,,,,,1.91,,,,2.25,,1.03,,,,,,,,,,,,,26.38
1575059347000,,,3.17,,,,,,,,,42.29,,,,,,,,,,,,,,,,9.72,,,,,,3.26,,,,,,15.29,,,,,,,,,1.36,,,,,36.98,,,,,0.01,,,,,,,,,,,,,,,,,,,3.16,,,,9.50,,16.21,,4.54,,,,,,,,,,,4.32
1575136068000,,,,,,,,,,,,1.03,,,,,,,,,,,,,,,,,,,,,,3.09,,,,,,8.12,,,,,,6.50,,,,,,,,4.13,,,,,,,,,,,,,,,,,,,,,,,,0.40,0.01,,,,,,,4.01,,,,,,,,,,,12.41
1575212493000,,,1.63,,,,,,,,,0.41,,,,3.28,,,,,,,,,,,,8.97,0.50,,,,,4.39,,,,,,22.99,,,,,2.27,,,,5.73,2.01,,,,11.10,,,,,,,,,,,,,,,,,,,,,,,,34.77,1.30,,,23.38,,0.63,,,,,,,,,,,,,12.43
1575288653000,,,1.55,,,,,,,,,10.34,,,,75.16,,,,,,,,,,,,1.27,,,,,,5.75,,,,,,12.93,,4.45,,,,0.45,,,,27.63,,,,20.83,,,,,,,,,,,,38.67,,,,,,,,,0.57,,,91.13,,2.58,,15.32,,16.81,,0.00,,,,,,,,,,,16.87
1575366165000,,,,9.13,,,7.50,0.30,,,,,,,2.00,,,0.33,,,,,,,,,,10.81,,,,,,18.07,,,,,,7.76,,10.68,,,,,,,4.03,3.75,,,,26.43,,,,,,,,,,,,21.15,,,,,,36.96,0.03,,,,,102.72,,0.26,,95.30,,0.01,,,,,,,,,,,,7.96,7.76
1575442393000,,,,,,,,1.42,,,,,,,,,,6.77,,,,,,,,,,0.91,,,,,,9.55,,,,,,44.87,,1.39,,,,,,,7.75,,,,,24.23,,,,,,,,,,,,,,,,,,,1.44,,1.43,,,16.37,,2.75,,24.75,,,,0.41,,,30.71,,,,,,,,44.35
1575519604000,,,,6.90,,,5.55,,,,,,,,,,,,,,,,,,,,,2.72,,,,,,1.73,,,,,,35.12,,25.59,,,,,,,11.61,,,,,20.83,,,,,,,,,,,,,,,,,,,0.04,,,,,,,,,,,28.13,,4.48,,,,,,,,,,6.92,19.78
1575596839000,,,9.61,,,,,,,,,0.25,,,,,,,,,,,,,,,,3.38,,,,,,1.88,,,,,,16.53,,0.09,,,,1.51,,,,3.46,,,,13.62,,,,,,,,,,,,,,,,,,,,,,,,27.05,,5.81,,19.39,,0.07,,3.92,,,,,,,,,,,5.59
1575673602000,,,,,,,5.55,24.21,,,,0.12,,,,,,0.14,,,,,,,,,,3.87,,,,,,7.55,,,,,,35.52,,9.01,,,16.33,,,,,,,,3.00,9.07,,,,,,,,,,,,,,,,,,,,,,,,,,,,20.60,,0.49,,,,,,,,,,,,,11.84
1575749392000,,,1.50,,,,,,,,,,,,,,,,,,,,,,,,,4.54,,,,,,1.69,,,,,,16.06,,,,,0.00,0.42,,,,,,,,4.85,,,,,,,,,,,,,,,,,,,,,,,,,,7.87,,,,,,,,,,,,,,,,,10.69
1575826602000,,,0.95,,,,,,,,,,,,,,,,,,,,,,,,,,,,,,,,,,,,,25.08,,3.57,,,,0.69,,,,,,,,,,,,,,,,,,,,,,,,,,,,,,,,,,,,,,,,,,,,,,,,,,,6.36
1575903384000,,,1.32,,,,,,,,,4.03,,,,15.90,,,,,,,,,,,,2.29,,,,,,7.31,,,,,,2.36,,10.52,,,,,,,14.35,0.75,,,,3.72,,,,,,,,,,,,,,,,,,,,,,,,2.29,,,,9.62,,46.40,,3.47,,,,,,,,,,,1.37
1575979374000,,,1.19,,,,7.50,8.30,,,,,,,,,,0.03,,,,,,,,,,8.75,,,,,,5.99,,,,,,80.52,,25.40,,,,0.62,,,1.22,2.01,,,,37.23,,,,,,,,,,,,,,,,,,,,,,,,,1.47,3.69,,,,0.01,,13.07,,,,,,,,,,,19.60
1576056123000,,,,,,,,,,,,13.87,,,,,,,0.00,,,,,,,,,10.62,,,,,,5.67,,,,,,75.81,,,,,3.07,2.40,,,,,,,,34.25,,,,,10.12,,,,,,,,,,,,,,,42.42,,,,,,,,,,,,14.49,,,28.23,,,,,,,,19.47
1576132843000,,,,,,,9.15,,,,,3.75,,,,,,1.63,,,17.34,,,,,,,0.11,,,,,,3.54,,,,,,23.67,,,,,,0.22,,,,,,,,39.14,,,,,,,,,,,,,,,,,,,0.41,,,,,13.44,4.59,0.82,,10.64,,,,14.53,,,,,,,,,,,26.10
1576208669000,,,1.78,,,,3.02,,,,,6.41,,,,,,13.65,,,,,,,,,,,,,,,,4.90,,,,,,2.95,,,,,,,,,,,,,,29.00,,,,,1.62,,,,,,,,,,,,,,4.40,17.96,,,,,0.29,,,,,2.14,,,,,,,,,,,,,21.96
1576288118000,,,1.00,,,,6.00,,,,,0.02,,,,9.27,,0.03,,,,,,,,,,,,,,,,3.05,,,,,,13.42,,,,,1.69,,,,,,,,,23.42,,,,,0.50,,,,,,,,,,,,,,,3.66,,,,9.41,,,,5.05,,,,,,,,,,,,,,,34.86
1576372313000,,,1.69,,,,8.66,,,,,,,,,,,,0.00,,0.90,,,,,,,,,,,,,4.37,,,,,,7.58,,,,,0.53,,,,,1.51,,,,12.01,,,,,1.65,,,,,,,,,,,,,,,3.42,0.65,,,,,,,4.50,,18.41,,,,,,,,,,,,,15.17
1576456679000,,,,,,,,0.77,,,,,,,,3.80,,,,,,,,,,,,1.70,,,,,,,,,,,,32.20,,,,,,1.25,,,19.69,,,,,19.75,,,,,,,,,71.75,,,,,,,,,,,19.80,1.00,,,,,,,17.50,,8.42,,,,,,,,,,,,,5.41
1576541361000,,,2.84,,,,49.59,,,,,4.50,,,,85.32,,0.58,,,,,,,,,,0.52,0.41,,,,,13.51,,,,,,22.69,,,,,,,96.02,35.85,13.03,,,,3.00,19.39,,,74.44,,,,,,,,,,,,,,,,0.05,56.41,,,,,,,,25.00,,16.35,,,,,,,,,,,,,15.92
1576627001000,,,,66.97,,,39.00,,,,,151.22,,,,22.71,,10.62,,,0.26,,,,,,,1.84,,,,,,15.87,,,,,,59.91,,,,,7.49,2.36,,,,7.53,,,,48.27,,,,,,3.28,,,69.17,10.00,,,,,,,,,,29.12,1.02,14.13,,,,,,137.50,,8.23,,72.09,,,,,,,,,,68.91,67.41
1576713534000,,,1.52,,,,15.00,,,,,,,,,,0.30,0.08,,,,,,,,,,4.58,,,,,,7.14,,,,,,68.77,,,,,4.09,,,,3.41,0.76,,16.87,,29.75,,,,,,,,,,10.00,,,,,,,,,,64.20,1.79,,,,,0.98,74.70,,,2.23,,7.45,,,,,,,,,,,24.74
1576799699000,,,5.58,,,,9.00,,,,,,,,,,,,,,,,,,,,,0.78,,,,,,12.17,,,,,,36.18,,,,,,,,,,0.76,,,,15.16,,,,,1.09,,,,,,,,,,,,,,,22.71,,,,,,,,,,2.38,,3.76,,35.10,,,,,,,,,6.57
1576886273000,,,4.13,,,,,,,,,,,,,,,0.86,,,,,,,,,,,,,,,,,,,,,,11.25,,,,,,,,,,1.35,,,,3.77,,,,,,,,,,,,,,,,,,,,37.76,,,,,,0.23,,,,0.05,,4.77,,,,,,,,,,,4.57
