timestamp,​0x2C4Bd064b998838076fa341A83d007FC2FA50957,​0xa57Bd00134B2850B2a1c55860c9e9ea100fDd6CF,​0x8c2fD1F3Ae6162FD3CB3157222DC3979B42E699e,​0x57Ef012861c4937A76B5D6061bE800199A2b9100,​0xD8595ac2836B7a8040f046E751B42088436B6365,​0x2608E261b8df00025a6f69e13B1a4165Adf294c1,​0x05BB2C35cB56E149c310c5c1447d382eEda3A80d,​0x9BA6c9D09dB964771cB4D526188F6AF81e9bCF9e,​0x2AF14b279C08d3627D34A5d8734c2eD771F3eF41,​0xdA56a88175D4c8707C51DF845f838cF3fE070870,​0x09cabEC1eAd1c0Ba254B09efb3EE13841712bE14,​0x54bc3fE4E8C377246aCd5b4c25705c1b4324e859,​0x074976a8D5F07dA5DADa1Eb248AD369a764bB373,​0x82da82DBe384736e4Dd95615D8036Cc472773F5A,​0x0bc7355686A264DEDDc239dD30D4D201612aEB8B,​0x0087366b4a4e44FCB96b7D0897d68C3dAf45780a,​0x747797665F5016895682EF40513A5EDD51261B89,​0xF79Af034a5E41d70C90Bf5fFa1A79B3AC65Da72F,​0xb146907392eD12031F7715B0376833E3f7C5b98c,​0x96FE94c07Ee88fC2A4B3E978D875202fD113e654,​0x0000000000C90bc353314b6911180ED7E06019A9,​0x31fA3643F5CEF78C1790d494d7E3F2a59E2ad0c4,​0x00B8FE7C85998bbAB5e71D2378e927B554b6d78f,​0x040F0c01b45Dfed88A397f9C3f00E48953d61490,​0xB958a8f59AC6145851729F73c7A6968311d8B633,​0xe1723E41058cb01859E9826022a390DC68a9AB71,​0xA2345C7DB212Ab9c478B1C206fB9b14C0E7c11C7,​0x0EeE7bcE7D0A676794fb8186AF5DBe7b6713806a,​0x74740c72e7b667344084772D2fdBB4646099c705,​0xef764BAC8a438E7E498c2E5fcCf0f174c3E3F8dB,​0x8018280076d7fA2cAa1147e441352E8a89e1DDbe,​0x618b00849b3B0D42F05f7B4A64ae373B93e3d98F,​0x006004fFA18E3cf78fA3b50393ec44C1ab89cF6c,​0x85C5c26DC2aF5546341Fc1988B9d178148b4838B,​0x13032DeB2d37556cf49301f713E9d7e1d1A8b169,​0x90079aABC47b5BeA2dFC358d7114Ade57Ee39209,​0x5D154c145Db2ca90B8aB5e8Fe3E716AfA4AB7Ff0,Other
1551431102000,,,,,,,,,,,,,,,,,,,,,,,,,,,,,,,,,,2.98,,,,
1551500225000,,,,,,,,,,,,,,,,,,,,,,,,,,,,,,,,,,2.40,,,,
1551568203000,,,,,,,,,,,,,,13.02,,,,,,,,,,,,,,,,,,,,11.26,,,,0.01
1551635562000,,,,,,,,,,,,,,1.01,,,,,,,,,,,,,,,,,,,,7.56,0.03,,,0.01
1551703372000,,,,,,,,,,,,,,33.08,,,,,,,,,,,,,,,,,,,,27.88,0.24,,,0.00
1551770679000,,,,,,,,,,,0.98,,,10.64,,,,,,,,,,,,,,,,,,,,,2.96,,,0.02
1551838168000,,,0.08,,,,,,,,,,,99.92,,,,,,,,,,,,,,,,,,,,,2.13,,,0.12
1551905102000,,,0.04,,,,,,,,2.82,,,22.36,,,,,,,11.56,,,,,,,,,,,,,,4.84,,,2.88
1551973041000,,,0.30,,,,,,,,2.09,,,4.89,,,,,,,20.54,,,,,,,,,,,,,,10.59,,,
1552039745000,,,1.65,,,,,,,,,,,12.30,,,,,,,,,,,,,,,,,,,,,1.05,,,
1552108151000,,,2.21,,,,,,,,,,,32.91,,,,,,,9.53,,,,,,,,,,,,,,5.50,,,
1552175208000,,,0.04,,,,,,,,,,,11.24,,,,,,,6.03,,,,,,,,,,,,,,3.17,,,
1552241652000,,,,,,,,,,,,,,,,,,,,,7.00,,,,,,,,,,,,,,9.53,,,0.00
1552309136000,,,0.78,,,,,,,,,,,,,,,,,,16.00,,,,,,,,,,,,,,3.34,,,
1552376359000,,,0.37,,,,,,,,,,,,,2.00,,,,,5.50,,,,,,,,,,,,,,10.53,,,0.01
1552443118000,,,1.29,,,,,,,,,,,,,1.99,,,,,5.51,,,,,,,,,,,,,,2.04,,,0.21
1552510965000,,,,,,,,,,,,,,,,,,,,,3.00,,,,,,,,,,,,,,1.67,,,0.01
1552578457000,,,,,,,,,,,,,,,,2.00,,,,,,,,,,,,,,,,,,,9.20,,,
1552645085000,,,4.59,,,,,,,,,,,,,2.01,,,,,,,,,,,,,,,,,,,60.66,50.31,,
1552712032000,,,10.87,,,,,,,,,,,,,4.02,,,,,,,,,,,,,,,,,,,40.74,20.11,,
1552778665000,,,4.06,,,,,,,,,,,,,,,,,,,,,,,,,,,,,,,,43.04,35.40,,0.01
1552845464000,,,10.50,,,,,,,,,,,,,2.02,,,,,,,,,,,,,,,,,,,29.40,,,
1552913957000,,,41.39,,,,,,,,,,,,,2.22,,,,,,,,,,,,,,,,,,,175.98,13.05,,
1552981368000,,,0.16,,,,,,,,,,,,,,,,,,,,,,,,,,,,,,,,9.04,,,1.25
1553048481000,,,19.87,,,,,,,,,10.03,7.52,,,,,,,,,,,,,,,,,,,,,,11.19,10.04,42.20,
1553115278000,,,32.12,,,,,,,,,,,,,,,,,,,,,,,,,,,,,,,,,,80.82,5.32
1553183074000,,,27.31,,,,,,,,,,,,,1.00,,,,,,,,,,,,,,,,,,,,,59.65,0.07
1553250112000,,,58.00,,,,,,,,,10.05,320.24,,,7.13,,,,,,,,,,,,,,,,,,,,303.49,1075.95,25.72
1553317511000,,,44.58,,,,,,,,,,,,,,,,,,,,,,,,,,,,,,,,,32.27,87.59,
1553384962000,,,31.74,,,,,,,,0.04,,,,,2.00,,,,,,,,,,,,,,,,,,,,,58.99,
1553452320000,,,14.23,,,,,,,,,,,,,2.08,,,,,,,,,,,,,,,,,,,,,38.24,
1553519035000,,,64.45,,,,1.00,,,,,,,,,3.17,,,,,,,,,,,,,,,,,,,,14.37,243.05,
1553586275000,,,37.81,,,,,,,,,12.05,,,,1.27,,,,,,,,,,,,,,,,,,,,14.06,43.48,0.80
1553654855000,,,45.94,,,,,,0.06,,,,,,,4.02,,,,,,,,,,,,,,,,,,,,,77.10,1.02
1553721327000,5.03,,111.07,,,,,,,,,10.23,40.32,,,4.86,,,,,,,,,,,,,,,,,3.99,,,76.98,375.12,
1553789263000,9.32,,77.42,,,,,,,,65.23,9.98,,,7.64,2.02,,,,,,,,,,,,,,,,,7.61,,,31.92,179.25,29.58
1553856960000,,,26.52,,,,,,,,,,,,10.00,2.03,,,,,,,,,,,,,,,,,7.25,,,57.20,97.29,
1553924945000,,,35.78,,,,,,,,,,,,5.02,1.00,,,,,,,,,,,,,,,,,,,,30.31,58.26,
1553992486000,,,38.58,,,,,,,,,,,,,1.02,,,,,,,,,,,,,,,,,,,,4.03,75.26,
1554060309000,,,10.63,,,,,,,,,,,,,1.20,,,,,,,,,,,,,,,,,,,,,50.43,23.47
1554127394000,,,37.72,,,,,,,,,,,,32.80,1.23,,,,,,,,,,,,,,,,,,,,62.35,166.22,
1554195576000,,,69.15,,,,,,0.02,,,,,,,1.99,,,,,,,,,,,,,,,,,,,,29.24,139.87,
1554262735000,,,136.30,,,,,,,,,,,,43.61,8.27,,,,,,,,,,,,,,,,,,,,107.50,244.19,26.65
1554331280000,,,142.87,,,,,,,,,20.20,,,35.97,21.97,,,,,,,,,,,,,,,,,,,,60.63,518.39,30.19
1554398543000,,,150.06,,,,,,,,,5.09,,,10.03,17.53,,,,,,,,,,,,,,22.60,,,,,,,214.47,5.36
1554466199000,,,69.04,,,,,,,,,,,,35.46,4.64,,,,,,,,,,,,,,,,,,,,15.01,121.63,
1554532618000,,,37.73,,,,,,0.07,,,,,,20.00,4.77,,,,,,,,,,,,,,,,,,,,,51.45,
1554599495000,,,85.51,,,,,,,,,,,,,8.92,,,,,,,,,,,,,,,,,,,,,53.16,1.11
1554666574000,,,55.52,,,,,,,,,,,,20.06,4.01,4.01,,,,,,,,,,,,,,,,,,,,90.44,
1554733845000,,,131.29,,,,24.06,,,,,3.03,,,30.03,20.61,14.98,,,,,,,,,,,,,5.04,,,,,,16.68,235.65,3.34
1554800647000,,,68.83,,,,11.09,,1.94,,18.65,3.07,,,,2.01,,,,,,,,,,,,,,,,,,,,,17.26,3.01
1554867921000,,,37.59,,,,9.03,,,,,,,,,3.20,,,,,,,,,,,,,,,,,5.00,,,16.38,137.88,
1554934968000,,,45.84,,,,40.04,,0.02,,,,,,,6.72,,,,,,,,,10.03,,,,,,,,3.00,,,27.40,158.61,
1555002718000,,,75.70,,,,49.72,,,,,,,,15.00,10.71,,,,,,,,,10.05,,,,,,,,,,,10.14,294.47,
1555070200000,,,126.45,,,,,,,,0.83,,,,,4.79,13.20,,,,,,12.24,,,163.34,,,,,,,,,,,1036.21,
1555136518000,,,25.09,,,,,,,,,0.01,,,,3.61,12.00,,,,,,,,,,,,,,,,,,,,23.09,
1555203091000,,,12.98,,,,,,,,,,,,,1.67,,,,,,,,,,,,,,,,,,,,,23.70,
1555270669000,,,7.84,,,,,,,,,,,,,2.01,,,,,,,,,,,,,,,,,,,,,9.16,9.79
1555337473000,,,32.68,,,,,,,,,,,,,,,,,,,,,,,,,,,,,,,,,,31.72,1.48
1555405471000,,,40.32,,,,,,,,,,,,38.94,4.09,21.61,,,,,,,,10.05,,,,,,,,,,,,192.80,0.97
1555472795000,,,58.55,,,,,,,,2.99,,,,10.03,,8.86,,,,,,,,,,,,,,,,1.39,,,13.46,80.54,0.28
1555539993000,,,17.27,,,,,,,,1.17,,,,,,,,,,,,,,,,,,,,,,,,,,29.02,
1555608237000,,,57.50,,,,,,,,,,,,23.04,4.52,13.72,,,,,,10.03,,10.05,,,,,,,,6.98,,,,110.96,0.03
1555674728000,,,26.14,,,,,,0.02,,,,,,2.01,4.02,,,,,,,,,,,,,,,,,,,,,13.79,0.57
1555741612000,,,6.80,,,,,,,,0.06,,,,,2.00,4.00,,,,,,,,,,,,,,,,,,,,23.22,
1555809867000,,,13.38,,,,,,,,,,,,5.02,,5.02,,,,,,,,,,,,,,,,,,,,32.66,0.58
1555876621000,,,25.32,,,,,,,,,,,,30.05,3.75,16.02,,,,,,,,,,,,,,,,,,,,63.45,2.88
1555943613000,,,6.21,,,,,,,,,,,,7.00,14.18,5.00,,,,,,,,20.06,,,,,,,,,,,20.03,74.22,0.78
1556011928000,,,8.35,,,,,,,,,,,,5.60,1.69,4.01,,,,,,,,,,,,,,,,,,,,21.21,4.70
1556079702000,,,60.54,30.01,,,,,,,,,,,15.24,7.20,24.70,,,,,,0.77,,10.04,,,,,0.61,,,,,,,183.13,0.01
1556147660000,,,42.54,,,,,,,,,,,,,5.51,0.25,,,,,,,,4.80,,,,,,,,,,,,60.21,5.35
1556214175000,5.03,,40.54,,,,,,,,,,,,,3.01,17.40,,,,,,,,,,,,,,,,,,,,73.12,0.03
1556281668000,,,84.37,,,,,,,,,,,,3.60,15.55,26.00,,,,,,,,10.07,,10.06,,,62.82,,,,,,,63.54,10.75
1556348416000,,,39.50,,,,,,,,,,,,27.82,8.67,13.00,,,,,,,,20.09,,,,,,,,,,,,113.01,4.34
1556415030000,,,41.77,,,,,,,,,,,,,0.69,10.11,,,,,,,,,,,,,,,,,,,,40.10,10.10
1556482542000,,,7.58,,,,,,,,,,,,4.58,,,,,,,,,,,,,,,,,,,,,,60.52,
1556549842000,,,23.97,,,,,,,,,,,,,,6.00,,,,,,,,,,,,,,,,,,,,48.67,2.59
1556616633000,,,27.14,29.26,,,,,,,,,,,,,4.00,,,,,,133.95,,,,,,,,,,8.78,,,,182.53,
1556684172000,,,33.98,10.00,,,,,,,1.87,,,,9.55,,13.90,,,,,,,,10.04,,8.04,,,10.05,,,,,,,97.37,0.00
1556750704000,,,13.82,,,,,,,,,,,,11.00,,3.90,,,,,,,,10.05,,,,,,,,,,,,30.30,5.32
1556818035000,,,13.66,,,,,,,,,,,,,,,,,,,,,,,,,,,,,,,,,,11.71,7.54
1556885912000,,,57.79,,,,,,,,,,,,30.68,12.18,22.77,,,,,,174.89,,30.15,,,,,,,,,,,,302.88,3.29
1556953014000,,,15.68,,,,,,,,29.12,,,,36.79,,10.48,,,,,,42.44,,50.25,,4.07,,,6.50,,,,,,,47.49,10.00
1557019302000,,,3.08,,,,,,,,0.06,,,,10.73,,5.02,,,,,,28.74,,20.10,,,,,0.05,,,,,,,22.60,10.00
1557087154000,,15.00,13.16,,,,,,,,,,,,,,15.02,,,,,,0.01,,,,4.01,,,,,,,,,,15.13,
1557155617000,,14.56,26.01,30.64,,,,,,,,,,,3.00,,5.02,,,,,,143.47,,,,,,,,,,1.64,,,,223.14,0.07
1557223295000,,,85.95,,,,,,,,,,,,,,18.81,,,,,,255.71,,,,,,,,,,,,,,299.51,
1557291012000,,77.00,40.93,,,,,,,,,,,,37.26,,16.02,,,,,,90.70,,20.13,,3.99,,,,,,,,,,92.11,
1557358549000,,52.75,7.52,,,,,,,,,,,,,2.00,,,,,,,,,,,,,,,,,,,,,82.19,0.01
1557426851000,,65.35,12.03,,,,,,,,,,,,,4.04,37.11,,,,,,,,,,,,,,,,6.03,,,,104.37,2.32
1557494292000,,81.28,23.54,,,,,,,,,,,,,2.81,10.26,,,,,,,,,,,,,,,,4.02,,,,115.75,1.71
1557561044000,,50.87,1.45,,,,,,,,,,,,,,,,,,,,,,,,,,,,,,,,,,9.43,
1557628854000,,108.34,102.07,230.03,,,,,,,,,,,,19.68,32.17,,,,1.00,,33.81,,57.18,,34.27,,,10.04,,,,0.09,,,373.90,13.95
1557695794000,,150.39,31.56,,,,,,0.05,,5.18,,,,10.00,18.04,7.98,,,,,,,,,1.33,4.02,,,,,,,,,,71.61,0.10
1557763956000,,97.35,39.70,25.13,,,,,0.05,,,,,,,10.06,11.03,,,,,,10.03,,,,,,,,,,4.08,,,,117.74,0.02
1557830231000,,66.06,53.34,,,,,,0.03,,9.77,,,,,19.98,3.01,,,,,,24.32,,,,4.01,,,,,,14.30,,,,24.33,0.69
1557897304000,,29.36,9.07,15.04,,,,,0.02,,,,,,,22.39,13.85,,,,,,10.00,,16.08,,,8.03,,,,,0.77,,,,78.94,0.05
1557964138000,,24.81,12.37,60.09,,,,,0.02,,12.10,,,,7.82,4.47,,,,,,,5.00,,,,,34.25,,,,,4.34,,,,176.80,
1558032652000,,188.44,87.46,19.98,,,,,,,,,,,7.00,38.88,,,,,,,148.27,,15.98,,2.50,35.20,10.00,,,,,,,,194.59,2.70
1558099488000,,262.71,98.38,,,,,,0.03,,,,,,,34.66,,,,,,,47.70,,,,,11.84,,,,,,,,,171.84,
1558166754000,,75.47,91.41,,,,,,,,4.34,,,,,9.51,,,,,,,31.80,,,,,5.23,,,,,,,,,6.00,5.30
1558234852000,,23.06,46.88,,,,,,,,,,,,,9.08,,,,,,,26.69,,9.97,,,7.01,,,,,,,,,21.90,
1558301987000,,21.93,32.21,,,,,,,,,,,,,,,,,,,,14.82,,,,,,,,,,,,,,11.35,4.42
1558370897000,,74.09,44.84,,,,,,,,,,,,,14.14,,,,,,,15.97,,,,,7.06,,,,,,,,,50.69,
1558438516000,,33.94,45.73,,,,,,8.76,,,,,,,7.84,,,,,,,13.74,,,,,7.11,,,,,,,,,32.47,
1558506088000,,85.66,24.73,,,,,,,,7.09,,,,,7.92,,,20.02,,,,6.87,,10.73,,,7.00,,,,,,,,,143.88,0.46
1558573856000,,18.58,26.48,,,,,,,,,,,,3.31,3.00,,,,,,,,,,,,1.10,,,,,,,,,16.77,0.82
1558641898000,,27.53,36.76,,,,,,,,,,,,7.34,5.48,,,,,,,,,,,,,,,,,,,,,33.45,7.28
1558709678000,,,56.63,21.03,,,,,,,,,,,4.27,6.14,,,,,,,90.18,152.36,,,,1.24,,,,,,,,,28.56,7.79
1558776750000,,,39.93,,,,,,,,,,,,,1.01,,,,,,,,11.81,,,,0.79,,,,,,,,,7.07,11.10
1558842948000,,2.43,26.34,,,,,,,,,,,,,1.00,,,,,,,7.18,4.32,,,,,,,,,,,,,10.20,3.01
1558910067000,,11.63,29.24,,,,,,,,,,,,3.58,7.36,,,,,,,22.64,23.81,,,,1.52,,,,,,,,,21.21,16.48
1558977860000,,9.32,38.03,,,,,,,,,,,,12.97,3.64,,,,,,,34.18,54.48,8.03,,,4.86,,,,,,,,,18.51,0.03
1559045953000,,20.00,11.80,,,,,,,,,,,,,,,,,,,,8.18,1.80,7.99,,,,,,,,,,,,25.23,
1559112912000,,19.94,11.80,,,,,,,,,,,,12.91,7.33,,,2.53,,,2.50,24.25,,20.07,,,,26.00,,,,,,,,30.50,1.15
1559179166000,,,23.22,,,,,,,,,,,,,1.01,,,,,,,,,,,,,3.35,,,,,,,,0.33,2.72
1559247339000,,22.24,25.11,,,,,,0.00,,,,,,19.84,19.26,,20.00,,,,,41.90,,,,,5.00,,,,,,,,,41.30,12.22
1559315112000,,35.57,47.25,,,,,,,,,,,,30.59,15.18,,,5.03,,,5.00,14.32,,,,,15.57,,,,,,,,,55.76,8.24
1559382148000,,2.46,35.23,,,,,,0.25,,,,,,1.18,4.03,,,,,,,13.08,,,,,,,,,,,,,,1.71,
1559449529000,,8.20,5.82,,,,,,,,,,,,,2.01,,,,,,,,,,,,8.50,,,,,,,,,22.32,1.57
1559517685000,,27.46,23.14,,,76.32,,,0.24,,,,,,,7.22,,18.39,,,,,39.19,,,,,,,,,,,,,,7.54,0.01
1559586560000,,35.77,1.85,,,149.95,,,,,,,,,9.93,16.57,,,,,,,126.99,,,,,3.90,,,,,6.79,,,,41.09,0.04
1559653274000,,37.11,5.59,,,,,,,,,,,,11.76,8.02,,,,,,,17.26,,,,,12.27,,,,,,,,,42.19,
1559721446000,,,43.02,,,,,,,,,,,,19.88,6.35,,,,,,,,,,,,,,,,,,,,,47.01,1.98
1559788436000,,,39.60,,,,,,,,8.40,,,,,,,,,,,,,,,,,,,,,,,,,,6.20,
1559855826000,,,22.70,,,,,,0.01,,,,,,7.25,,,,,,,,,,,,,,,,,,,,,,7.42,3.83
1559923832000,,7.46,18.37,,,,,,,,,,,,,2.49,,12.00,,,,,10.18,,,,,,,,,,,,,,11.93,0.01
1559991921000,,,5.55,,,,,,,,,,,,,3.00,,,,,,,7.93,,,,,,,,,,,,,,1.50,
1560059515000,,9.50,5.72,,,,,,,,,,,,10.52,,,,,,,,,,,,,,,,,,,,,,17.95,4.05
1560127542000,,12.14,31.37,,,,,,,,,,,,,1.00,,,,,,,,,,,,,,,,,,,,,13.32,1.24
1560194172000,,2.81,30.23,,,,,,,,,,,,,,,,,,,,15.37,,,,,,,,,,,,,,22.99,0.01
1560262359000,,18.52,19.50,,,,,,,,,,,,13.74,2.51,,,,,,,,,,,,,,,,,,,,,35.65,1.12
1560329676000,,,15.62,,,,,,,,,,,,,1.62,,,,,,,6.64,,,,,,,,,,,,,,9.61,
1560397568000,,8.73,9.42,,,,,,,,,,,,,3.03,,,,,,,21.38,,,,,,,,,,,,,,12.68,1.00
1560464402000,,5.11,10.11,,,,,,,,,,,,,1.00,,,,,,,,,,,,,,,,,,,,,26.17,0.98
1560531936000,,2.02,5.61,,,,,,,,,,,,7.32,1.00,,,,,,,,,,,,,,,,,,,,,1.60,1.64
1560599838000,,,10.48,,,,,,,,,,,,,,,,,,,,6.45,,,,,,,,,,,,,,5.44,
1560668105000,,9.53,12.87,,,,,,,,,,,,,1.01,,,,,,,6.37,,,,,,,,,,,,,,3.55,
1560734814000,,16.14,17.99,,,,,,,,,,,,13.74,,,,,,,,,,,,,,,,,,,,,,1.59,0.81
1560802452000,,,15.04,,,,,,,,,,,,,,,,,,,,,,,,,,,,,,,,,,2.04,8.71
1560870679000,,,11.64,,,,,,,,,,,,,,,,,,,,,,,,,,,,,,,,,,21.02,
1560937524000,,,15.97,,,,,,,,,,,,,,,,,,,,,,,,,,,,,,,,,,2.95,11.99
1561005597000,,,4.79,,,,,,,,,,,,,,,,,,,,,,,,,,,,,,,,,,0.16,3.80
1561073016000,,2.33,5.70,,,,,,1.84,,,,,,15.94,,,,,,,,,,,,,,,,,,,,,,24.32,0.19
1561140851000,,,22.46,,,,,,0.70,,,,,,,2.01,,,,,,,21.88,,,,,,,,,,,,,,2.59,0.10
1561208281000,,,36.48,,,,,,,,,,,,,,,,,26.24,,,16.17,,,,,,,,,,,,,,51.75,1.33
1561275287000,,8.67,27.04,,,,,,,,0.97,,,,,14.97,,,,,,,10.54,,10.03,,,,,,,,,,,,19.20,1.83
1561342449000,,15.61,28.90,,,,,,,,,,,,,10.04,,,,,,,,,,,,,,,,,,,,,4.71,4.49
1561409629000,,,5.79,,,,,,,,0.10,,,,,4.02,,,,,,,5.82,,,,,,,,,,,,,,3.85,1.98
1561476955000,,,10.01,,,,,,3.82,,,,,,2.90,5.77,,,,,,,9.07,,,,,3.24,,,,,,,,,12.84,10.49
1561543836000,,,8.93,,,,,,,,,,,,2.66,5.02,,,,,,,23.51,,,,,7.13,,,,,,,,,7.81,5.69
1561611356000,,24.79,42.15,,,,,,0.01,,,,,,26.25,32.24,,,,,,,42.15,,18.66,,,7.01,,,,,,,,,18.98,5.41
1561679479000,,44.19,68.94,,,,,,,,2.62,,,,56.82,50.91,,,,,,,67.21,,,,,2.00,,,,,,,,,55.44,5.64
1561747149000,,6.34,38.32,,,,,,,,,,,,15.30,13.08,,,,11.91,,,20.58,,9.93,,,,,,,,,,,,7.75,15.81
1561814305000,,7.05,17.64,,,,,,,,,,,,2.90,11.35,,,,,,,6.12,,,,,,,,,,,,,,1.93,6.60
1561881035000,,7.33,21.12,,,,,,,,,,,,15.28,8.63,,,,,,,32.07,,,,,,,,6.67,,,1.85,,,18.65,3.94
1561948615000,,20.63,24.82,,,,,,,,,,,,26.78,13.48,,,,,,,11.68,,,,,,,,,,2.28,,,,13.32,2.13
1562015969000,,,31.14,,,,,,,,,,,,16.05,21.93,,,,,,,,,,,,,,,,,,,,,0.38,4.00
1562082973000,,6.96,28.78,,,,,,,,,,,,18.73,31.85,,,,16.53,,,25.92,,,,,3.00,,,,,,,,,16.13,26.17
1562150796000,,,13.66,,,,,,,,1.67,,,,,10.95,,,,,,,11.80,,,,,,,,,,,,,,1.04,4.85
1562218341000,,,4.01,,,,,,,,0.99,,,,2.88,6.53,,,,,,,5.80,,,,,,,,,,,,,,3.81,7.36
1562285611000,,,5.17,,,,,,0.00,,0.03,,,,16.29,4.11,,,,,,,,,,,,,,,,,,,,,16.72,9.26
1562352854000,,,8.52,,,,,,,,,,,,,5.05,,,,,,,6.12,,,,,,,,,,,,,,6.64,5.43
1562419899000,,,1.73,,,,,,0.07,,,,,,,8.33,,,,,,,6.33,,,,,,,,,,,,,,1.00,1.00
1562486913000,,,10.58,,,,,,,,,,,,6.62,3.31,,,,,,,5.73,,,,,,,,,,,,,,0.16,6.99
1562553800000,,,12.97,,,,,,,,,,,,,7.24,,,,,,,18.90,,,,,,,,,,,,,,4.44,3.68
1562620679000,,2.07,7.21,,,,,,0.02,,0.08,,,,,4.93,,,,,,,5.72,,,,,,,,,,,,,,1.11,7.71
1562687655000,,,13.67,,,,,,,,,,,,,4.72,,,,,,,5.96,,,,,,,,,,,,,,3.15,9.95
1562755228000,,,20.28,,,,,,,,,,,,,9.76,,,,,,,15.58,,,,,,,,,,,,,,42.12,6.34
1562821814000,,11.26,27.32,,,,,,,,,,,,64.40,27.22,,,4.02,,,4.00,6.22,,22.40,,,,,,,,,,,,33.74,5.11
1562889775000,,,36.38,,,,,,,,0.89,,,,8.14,13.87,,,,,,,6.72,,,,,,,,,,,,,,20.37,8.75
1562957966000,,4.56,7.41,,,,,,3.68,,,,,,,8.54,,,,,,,6.36,,,,,,,,,,,,,,5.38,3.61
1563025451000,,,18.31,,,,,,,,,,,,,3.91,,,,,,,,,,,,,,,,,,,,,6.73,10.17
1563091362000,,5.45,10.60,,,,,,0.81,,,,,,10.28,5.34,,,,,,,,,,,,,,,0.76,,,,,,0.92,8.55
1563158482000,,59.02,55.93,,,,,4.50,3.49,,0.16,,,,74.64,58.08,,,8.05,,,8.00,21.53,,25.23,,,,,,1.50,,,,,,57.37,
1563226501000,,10.40,43.91,,,,,,,,,,,,5.04,17.68,,,,,,,61.67,,,,,,,,,,,,,,28.72,1.07
1563295219000,,8.92,52.96,,,,,,3.39,,,,,,59.32,10.45,,,,,,,16.33,,11.27,,,5.00,,,,,,,,,13.65,0.99
1563362708000,,57.92,105.36,,,,,,,,4.55,,,,33.98,19.24,,,4.11,,,4.00,7.80,,,,,5.16,,,17.83,,,,,,58.86,9.18
1563430869000,,7.98,74.08,,,,,16.75,,,,,,,28.88,49.25,,,4.03,,14.00,7.50,90.97,,,,,15.63,,,8.14,38.33,,,,,22.38,3.53
1563496525000,,6.93,33.78,,,,,,0.26,,,,,,39.68,18.37,,,,,,,83.81,,,,,7.91,,,,,,,,,11.22,1.62
1563564858000,,4.99,14.21,,,,,,0.20,,,,,,18.79,13.35,,,,,,,8.18,,,,,11.88,,,,,,,,,4.23,6.70
1563631313000,,3.70,17.54,,,,,,0.51,,,,,,,3.02,,,,,,,,,,,,,,,1.23,,,,,,12.90,4.41
1563698150000,,2.44,23.12,,,,,,,,,,,,,8.00,,,,,,,,,,,,,,,,,,,,,5.72,7.27
1563765551000,,,8.18,,,,,,0.35,,,,,,4.40,4.53,,,,,,,7.32,,,,,8.00,,,,,,,,,4.00,5.94
1563832155000,,7.61,14.66,,,,,,,,10.23,,,,7.78,10.16,,,,,,,,,,,,,,,,,,,,,2.25,0.50
1563899459000,,,9.67,,,,,,0.24,,,,,,,7.24,,,,,,,,,,,,,,,,,,,,,11.77,2.54
1563966329000,,11.13,31.39,,,,,,,,2.23,,,,33.49,5.57,,,4.01,,,4.00,16.07,,,,,,,,,,,,,,0.69,1.77
1564033316000,,5.17,27.08,,,,,,,,4.67,,,,8.02,7.47,,,,,,,24.13,,,,,,,,2.97,,,,,,11.54,5.13
1564101403000,,,12.48,,,,,,1.58,,,,,,7.97,5.10,,,,,,,,,,,,,,,,,,,,,11.18,4.30
1564168317000,,9.01,10.13,,,,,,,,0.00,,,,,3.63,,,,,,,,,,,,,,,2.90,,,,,,7.52,0.98
1564235604000,,7.71,22.56,,,,,,,,,,,,13.48,14.66,,,,,10.00,,,,,,,,,,,,,,,,2.13,1.08
1564302116000,,,4.73,,,,,,,,,,,,,1.92,,,,,,,7.60,,,,,,,,,,,,,,5.83,
1564369151000,,,18.81,,,,,,,,,,,,10.00,12.07,,,,,,,27.91,,,,,,,,,,,,,,6.70,2.18
1564436686000,,,,,,,,,1.32,,,,,,4.51,8.84,,,,,,,8.97,,,,,,,,2.48,,,,,,18.23,0.27
1564503925000,,5.90,5.25,,,,,,,,,,,,,6.83,,,,,,,7.43,,,,,,,,3.14,,,,,,6.14,0.51
1564570789000,,,9.87,,,,,,,,,,,,4.42,3.11,,,,,,,,,,,,,,,,,,,,,1.75,9.41
1564637313000,,,3.56,,,,,,1.46,,,,,,4.63,4.92,,,,,,,,,,,,,,,,,,,,,6.20,0.10
1564705696000,,,8.11,,,,,,,,,,,,,5.21,,,,,,,17.83,,,,,,,,,,,,,,11.39,
1564772699000,,3.05,4.98,,,,,,,,0.46,,,,4.15,5.94,,,,,,,,,,,,,,,,,,,,,6.30,4.68
1564839134000,,,7.91,,,,,,,,0.06,,,,,,,,,,,,8.05,,,,,,,,,,,,,,12.36,0.08
1564905518000,,2.32,11.89,,,,,,,,,,,,,1.60,,,,,,,7.43,,,,,,,,,,,,,,3.40,0.90
1564972688000,,8.77,5.68,,,,,,,,,,,,,3.23,,,,,,,,,,,,,,,,,,,,,7.45,0.04
1565039690000,,4.67,12.71,,,,,,1.65,,,,,,,4.12,,,,,,,21.29,,,,,,,,,,,,,,5.89,2.03
1565106699000,,10.00,21.07,,,,,8.25,,,,,,,8.97,6.72,,,3.99,,,4.00,9.98,,21.59,,,,,,,,,,,,1.29,5.64
1565173880000,,3.81,10.97,,,,,,0.98,,,,,,,0.80,,,,,,,,,,,,,,,,,,,,,0.55,2.07
1565241308000,,,8.35,,,,,,,,,,,,7.28,6.04,,,,,,,,,,,,,,,,,,,,,7.19,0.54
1565308246000,,8.57,7.78,,,,,,,,0.61,,,,8.07,3.53,,,,,,,,,,,,,,,,,,,,,16.86,2.67
1565375748000,,16.14,17.87,,,,,,,,,,,,,2.60,,,,,,,,,,,,,,,,,,,,,9.41,2.28
1565441736000,,5.49,15.75,,,,,,,,,,,,13.97,6.02,,,,,,,,,,,,,,,,,,,,,5.95,
1565509207000,,4.67,,,,,,,,,,,,,,3.63,,,,,,,8.59,,,,,,,,,,,,,,2.09,0.28
1565576260000,,2.22,28.25,,,,,15.50,1.52,,,,,,,6.52,,,,,,,20.66,,,,,,,,,,,,,,9.01,6.59
1565643196000,,2.11,7.56,,,,,,,,,,,,,,,,,,,,,,,,,,,,,,,,,,,0.00
1565710691000,,6.93,9.90,,,,,,,,,,,,16.44,9.09,,,,,4.00,,18.76,,13.79,,,,,,,,,,,,2.15,0.01
1565776959000,,,5.41,,,,,,0.38,,0.74,,,,,1.91,,,,,,,,,,,,,,,,,,,,,0.74,0.10
1565843533000,,66.12,21.68,,,,,,,,,,,,29.74,14.46,,,,,,,,,22.72,,,,,,,,,,,,7.62,0.76
1565911450000,,58.80,21.13,,,,,,0.39,,,,,,,11.08,,,,,4.00,,8.66,,,,,32.92,,,,,,,,,12.64,10.95
1565978340000,,3.42,34.27,,,,,,,,,,,,6.35,9.65,,,,,,,8.93,,,,,,,,,,,,,,2.07,0.01
1566044959000,,,2.34,,,,,,,,,,,,,0.70,,,,,,,,,,,,,,,,,,,,,0.01,0.03
1566113085000,,,7.44,,,,,,,,,,,,,1.71,,,,,,,,,,,,,,,,,,,,,,0.01
1566179461000,,4.14,16.97,,,,,,,,,,,,,2.11,,,,,,,17.74,,,,,,,,,,,,,,3.30,0.08
1566246801000,,10.74,12.04,,,,,,,,,,,,8.36,4.12,,,,,,,,,,,,,,,,,,,,,0.18,0.84
1566314677000,,2.06,12.11,,,,,,,,,,,,,11.37,,,,,,,7.94,,,,,,,,,,,,,,21.22,2.01
1566381517000,,2.35,22.73,,,,,,0.58,,,,,,6.48,2.61,,,,,,,,,,,,,,,,,,,,,11.33,5.04
1566448943000,,4.65,34.22,,,,,,,,,,,,4.21,4.73,,,,,,,9.03,,,,,,,,,,,,,,0.67,5.40
1566516026000,,9.55,21.84,,,,,,,,,,,,,5.42,,,,,,,,,,,,,,,,,,,,,5.24,3.59
1566583035000,,,13.42,,,,,,5.69,,,,,,,13.18,,,,,,,8.90,,,,,,,,,,,,,,0.26,11.88
1566649948000,,,8.56,,,,,,2.28,,,,,,7.37,5.21,,,4.03,,,4.00,,,,,,,,,,,,,,,3.16,0.72
1566717936000,,,3.14,,,,,,,,,,,,,2.12,,,,,,,,,,,,,,,,,,,,,3.92,1.12
1566784085000,,28.17,15.52,,,,,,,,,,,,9.29,23.59,,,,,,,8.91,,14.57,,,,,,,,,,,,27.85,
1566851133000,,,3.31,,,,,,,,,,,,,9.80,,,,,,,,,,,,,,,,,,,,,5.40,2.90
1566920101000,27.37,2.21,5.36,,,,,16.89,,13.12,0.79,,,,,20.22,,,,,,,,,,,,,,,,,,,,,0.87,3.14
1566986635000,2.68,,,,,,,,0.08,,,,,,,1.00,,,,,,,,,,,,,,,,,,,,,0.24,
1567054177000,,7.06,21.13,,,,,,,43.80,,,,,43.49,28.42,,,11.16,,5.00,11.11,,,,,,,,,3.40,,,,,,1.19,0.03
1567120257000,,,23.13,,,,,,,14.99,0.01,,,,14.40,5.74,,,,,,,10.78,,,,,,,,,,,,,,9.85,5.36
1567187642000,,2.53,7.26,,,,,,0.89,,,,,,,4.81,,,,,,,,,,,,,,,,,,,,,0.19,
1567255013000,,,4.17,,,,,,,,,,,,,4.42,,,,,,,,,,,,,,,,,,,,,0.89,3.12
1567321929000,,6.33,10.63,,,,,,,,,,,,,7.56,,,,,,,9.27,,,,,,,,,,,,,,,0.00
1567389294000,,2.73,3.74,,,,,,,,,,,,5.59,,,,,,,,,,,,,,,,,,,,,,2.56,5.00
1567457291000,,,17.68,,,,,,,,,,,,,,,,,,,,9.27,,,,,,,,,,,,,,5.63,5.43
1567524520000,,4.43,5.61,,,,,,,,,,,,,25.88,,,0.75,,,0.74,11.07,,,,,,,,,,,,,,1.56,16.46
1567591445000,,6.50,8.44,,,,,,,15.08,,,,,,13.55,,,8.02,,7.55,8.00,,,,,,,,,,,,,,,24.95,20.05
1567658685000,,,2.86,,,,,,29.76,,,,,,,15.06,,,,25.50,,,,,,,,,,,,,,,,,0.16,5.25
1567726271000,,,5.80,,,,,,,,,,,,,20.55,,,,,,,,,,,,,,,,,,,,,1.49,6.26
1567794373000,,2.19,5.77,,,,,,,,,,,,,13.22,,,,,,,,,,,,,,,,,,,,,33.34,
1567860872000,,15.00,,,,,,,,,,,,,,12.35,,,,,,,,,,,,,,,,,,,,,5.62,0.58
1567928417000,,6.72,14.17,,,,,,,,,,,,,17.79,,,,,3.54,,,,,,,,,,,,,,,,8.34,11.52
1567996252000,,2.60,5.53,,,,,,,13.29,,,,,6.69,9.43,,,,,,,,,,,,,,,,,,,,,9.28,0.63
1568063465000,,,11.13,,,,,,,,,,,,7.60,48.83,,,,,,,11.90,,,,,,,,,,,,,,8.23,1.00
1568130759000,,2.36,11.02,,,,,,,,,,,,,9.05,,,,,,,,,,,,,,,,,,,,,0.10,0.07
1568198340000,,,6.51,,,,,,,,1.61,,,,5.70,30.90,,,,,,,,,,,,,,,,,,,,,0.67,2.33
1568266003000,,,6.54,,,,,,,,,,,,,4.41,,,,,,,,,,,,,,,,,,,,,0.07,4.01
1568332434000,,,15.43,,,,,,,,,,,,,8.47,,,,,,,,,,,,,,,,,,,,,0.03,12.76
1568400865000,,3.90,2.80,,58.32,,,53.50,,,,,,,,11.30,,,,,,,,,,,,,,,,,,,,,1.00,6.58
1568467502000,,,,,,,,,,,,,,,,6.45,,,,,,,,,,,,,,,,,,,,,0.31,
1568535532000,,2.15,13.41,,,,,,,,,,,,,13.57,,,,,,,9.10,,,,,,,,,,,,,,3.99,4.06
1568603177000,,4.99,7.28,,,,,,,,,,,,,12.44,,,,,,,,,,,,,,,,,,,,,0.56,1.00
1568669970000,,,15.47,,,,,,,,,,,,,25.86,,,,,,,,,,,,,,,,,,,,,0.83,3.14
1568737700000,,,0.28,,,,,,,,,,,,,,,,,,,,,,,,,,,,,,,,,,,0.21
1568803850000,,,0.56,,,,,,,,0.49,,,,,0.61,,,,,,,,,,,,,,,,,,,,,,1.45
1568871705000,,,,,,,,,,,,,,,,0.50,,,,,,,,,,,,,,,,,,,,,0.08,
1568939678000,,,0.33,,,,,,,,,,,,,,,,,,,,,,,,,,,,,,,,,,0.75,
1569006694000,,,,,,,,,,,,,,,,,,,,,,,,,,,,,,,,,,,,,0.44,
1569142150000,,,,,,,,,,,,,,,,0.40,,,,,,,,,,,,,,,,,,,,,,
1569209597000,,,,,,,,,,,,,,,,,,,,,,,,,,,,,,,,,,,,,0.14,
1569276280000,,,,,,,,,,,,,,,,0.30,,,,,,,,,,,,,,,,,,,,,,
1569344903000,,,,,,,,,,,,,,,,0.90,,,,,,,,,,,,,,,,,,,,,,
1569412741000,,,0.95,,,,,,,,,,,,,4.01,,,,,,,,,,,,,,,,,,,,,0.47,
1569480328000,,,,,,,,,,,,,,,,0.31,,,,,,,,,,,,,,,,,,,,,0.01,
1569548219000,,1.04,0.10,,,,,,,,,,,,,0.61,,,,,,,,,,,,,,,,,,,,,0.06,
1569615424000,,,0.10,,,,,,,,,,,,,0.61,,,,,,,,,,,,,,,,,,,,,0.63,
1569683184000,,,,,,,,,,,,,,,,0.61,,,,,,,,,,,,,,,,,,,,,,0.22
1569817983000,,,0.23,,,,,,,,,,,,,,,,,,,,,,,,,,,,,,,,,,,
1569885879000,,,,,,,,,,,,,,,,0.91,,,,,,,,,,,,,,,,,,,,,0.34,
1569953471000,,,0.22,,,,,,,,,,,,,0.40,,,,,,,,,,,,,,,,,,0.20,,,0.15,
1570088581000,,,,,,,,,,,,,,,,,,,,,,,,,,,,,,,,,,,,,0.01,
1570156245000,,,,,,,,,,,,,,,,,,,,,,,,,,,,,,,0.25,,,,,,,0.01
1570223512000,,,,,,,,,,,,,,,,,,,,,,,,,,,,,,,0.15,,,,,,0.23,0.25
1570290984000,,,,,,,,,,,,,,,,,,,,,,,,,,,,,,,0.29,,,,,,,
1570358020000,,,,,,,,,,,,,,,,,,,,,,,,,,,,,,,,,,,,,0.00,
1570424401000,,,,,,,,,,,,,,,,,,,,,,,,,,,,,,,0.16,,,,,,0.20,
1570492273000,,,,,,,,,,,,,,,,0.41,,,,,,,,,,,,,,,0.34,,,,,,0.01,0.10
1570560314000,,,,,,,,,,,,,,,,0.20,,,,,,,,,,,,,,,,,,,,,0.06,0.28
1570628456000,,,,,,,,,,,,,,,,,,,,,,,,,,,,,,,,,,,,,0.01,
1570696365000,,,,,,,,,,,,,,,,0.41,,,,,,,,,,,,,,,,,,,,,,0.22
1570764407000,,,,,,,,,,,,,,,,,,,,,,,,,,,,,,,,,,,,,0.01,
1570832121000,,,0.24,,,,,,,,,,,,,0.40,,,,,,,,,,,,,,,0.17,,,,,,,0.66
1570900657000,,,,,,,,,,,,,,,,,,,,,,,,,,,,,,,,,,,,,0.05,
1570967603000,,,,,,,,,,,,,,,,,,,,,,,,,,,,,,,,,,,,,,0.13
1571036079000,,,,,,,,,,,,,,,,,,,,,,,,,,,,,,,,,,,,,0.17,
1571103316000,,,,,,,,,,,,,,,,0.20,,,,,,,,,,,,,,,,,,,,,,0.07
1571171084000,,,,,,,,,,,,,,,,0.40,,,,,,,,,,,,,,,,,,,,,0.41,0.39
1571239896000,,,0.27,,,,,0.25,,,,,,,,,,,,,,,,,,,,,,,1.53,,,0.20,,,0.60,2.63
1571307873000,,,0.27,,,,,,,,,,,,,,,,,,,,,,,,,,,,,,,0.15,,,0.56,0.84
1571376291000,,,,,,,,0.75,,,,,,,,0.40,,,,,,,,,,,,,,,0.80,,,0.20,,,,2.25
1571444011000,,,0.82,,,,,0.50,,,,,,,,0.50,,,,,,,,,,,,,,,1.72,,,0.55,,,,3.72
1571579975000,,,,,,,,,,,,,,,,,,,,,,,,,,,,,,,0.15,,,,,,0.01,
1571648150000,,,,,,,,,,,,,,,,,,,,,,,,,,,,,,,,,,,,,0.10,0.33
1571716619000,,,,,,,,,,,0.15,,,,,0.30,,,,,,,,,,,,,,,,,,,,,,0.10
1571783991000,,,,,,,,,,,,,,,,,,,,,,,,,,,,,,,,,,,,,0.00,
1571851268000,,,,,,,,,,,,,,,,0.40,,,,,1.00,,,,,,,,,,0.81,,,,,,0.07,1.10
1571920923000,,,,,,,,,,,,,,,,,,,,,,,,,,,,,,,0.17,,,,,,0.05,0.47
1571990353000,,,,,,,,,,,,,,,,,,,,,,,,,,,,,,,,,,,,,0.01,
1572060724000,,,,,,,,,,,0.47,,,,,2.94,,,0.40,,,0.39,,,,,,,,,0.50,,,,,,0.47,1.69
1572129485000,,,,,,,,,,,0.34,,,,,0.20,,,,,,,,,,,,,,,0.17,,,0.15,,,,0.10
1572198558000,,,,,,,,,,,,,,,,,,,,,,,,,,,,,,,0.16,,,,,,,0.12
1572267917000,,,,,,,,,,,0.39,,,,,,,,,,,,,,,,,,,,0.15,,,0.15,,,,
1572337649000,,,,,,,,,,,,,,,,,,,,,,,,,,,,,,,0.15,,,,,,0.05,
1572406531000,,,,,,,,,,,,,,,,,,,,,,,,,,,,,,,0.31,,,,,,,0.10
1572476793000,,,,,,,,,,,,,,,,0.60,,,,,,,,,,,,,,,,,,,,,0.00,
1572546064000,,,,,,,,,,,0.21,,,,,0.20,,,,,,,,,,,,,,,,,,,,,0.03,0.07
1572615810000,,,,,,,,,,,,,,,,,,,,,,,,,,,,,,,,,,,,,,0.01
1572684939000,,,,,,,,,,,0.12,,,,,,,,,,,,,,,,,,,,0.14,,,,,,0.01,0.00
1572962724000,,,,,,,,,,,,,,,,,,,,,,,,,,,,,,,,,,,,,,0.03
1573031855000,,,,,,,,,,,,,,,,,,,,,,,,,,,,,,,,,,,,,0.01,
1573171451000,,,,,,,,,,,,,,,,,,,,,,,,,,,,,,,,,,,,,0.00,
1573240765000,,,,,,,,,,,,,,,,,,,,,,,,,,,,,,,,,,,,,0.00,0.00
1573382543000,,,,,,,,,,,,,,,,,,,,,,,,,,,,,,,,,,,,,0.05,0.04
1573455245000,,,,,,,,,,,,,,,,,,,,,,,,,,,,,,,,,,,,,,0.04
1573598526000,,,,,,,,,,,,,,,,,,,,,,,,,,,,,,,,,,,,,0.01,0.09
1573742983000,,,,,,,,,,,,,,,,,,,,,,,,,,,,,,,,,,,,,0.01,
1573814675000,,,,,,,,,,,,,,,,,,,,,,,,,,,,,,,,,,,,,,0.04
1573886613000,,,,,,,,,,,,,,,,,,,,,,,,,,,,,,,,,,,,,,0.12
1574030120000,,,,,,,,,,,,,,,,,,,,,,,,,,,,,,,,,,,,,,0.04
1574175364000,,,,,,,,,,,,,,,,,,,,,,,,,,,,,,,0.05,,,,,,,
1574248216000,,,,,,,,,,,,,,,,,,,,,,,,,,,,,,,,,,,,,0.02,
1574390894000,,,,,,,,,,,,,,,,0.10,,,,,,,,,,,,,,,0.14,,,,,,,0.25
1574463158000,,,,,,,,,,,,,,,,0.40,,,,,,,,,,,,,,,,,,,,,0.45,0.09
1574677937000,,,,,,,,,,,,,,,,0.40,,,,,,,,,,,,,,,0.11,,,,,,0.32,
1574753753000,,,,,,,,,,,,,,,,0.10,,,,,,,,,,,,,,,,,,,,,,
1574906610000,,,,,,,,,,,,,,,,0.10,,,,,,,,,,,,,,,,,,,,,,
1574982967000,,,,,,,,,,,,,,,,0.20,,,,,,,,,,,,,,,0.06,,,,,,0.18,0.09
1575059347000,,,,,,,,,,,,,,,,,,,,,,,,,,,,,,,,,,,,,0.01,
1575212493000,,,,,,,,,,,,,,,,,,,,,,,,,,,,,,,,,,0.05,,,0.00,
1575288653000,,,,,,,,,,,,,,,,,,,,,,,,,,,,,,,,,,,,,0.02,
1575442393000,,,,,,,,,,,,,,,,,,,,,,,,,,,,,,,,,,,,,,0.04
1575519604000,,,,,,,,,,,,,,,,,,,,,,,,,,,,,,,0.48,,,,,,,0.46
1575596839000,,,,,,,,,,,,,,,,,,,,,,,,,,,,,,,,,,,,,,0.00
1575749392000,,,,,,,,,,,,,,,,,,,,,,,,,,,,,,,,,,,,,,0.04
1575903384000,,,,,,,,,,,,,,,,,,,,,,,,,,,,,,,,,,,,,,0.02
1575979374000,,,,,,,,,,,,,,,,,,,,,,,,,,,,,,,,,,,,,,0.10
1576056123000,,,,,,,,,,,,,,,,,,,,,,,,,,,,,,,,,,,,,,0.01
1576132843000,,,,,,,,,,,0.03,,,,,,,,,,,,,,,,,,,,,,,,,,,
1576372313000,,,,,,,,,,,,,,,,,,,,,,,,,,,,,,,,,,,,,,0.04
1576541361000,,,,,,,,,,,,,,,,0.10,,,,,,,,,,,,,,,,,,,,,,
1576627001000,,,,,,,,,,,,,,,,,,,,,,,,,,,,,,,,,,,,,,2.63
1576713534000,,,,,,,,,,,,,,,,0.10,,,,,,,,,,,,,,,,,,,,,,0.12
1576799699000,,,,,,,,,,,0.09,,,,,,,,,,,,,,,,,,,,,,,,,,,
1576971438000,,,,,,,,,,,,,,,,,,,,,,,,,,,,,,,,,,,,,,0.02
1577057861000,,,,,,,,,,,,,,,,,,,,,,,,,,,,,,,,,,,,,,0.05
1577143907000,,,,,,,,,,,,,,,,,,,,,,,,,,,,,,,,,,,,,,0.08
1577229621000,,,,,,,,,,,,,,,,,,,,,,,,,,,,,,,,,,,,,,0.04
1577315631000,,,,,,,,,,,,,,,,,,,,,,,,,,,,,,,,,,,,,,0.02
1577402327000,,,,,,,,,,,0.02,,,,,,,,,,,,,,,,,,,,,,,,,,,0.04
1577573599000,,,,,,,,,,,,,,,,,,,,,,,,,,,,,,,,,,,,,,0.00
1577659927000,,,,,,,,,,,,,,,,,,,,,,,,,,,,,,,,,,,,,,0.08
1577746179000,,,,,,,,,,,,,,,,,,,,,,,,,,,,,,,,,,,,,,0.00
1577832303000,,,,,,,,,,,,,,,,,,,,,,,,,,,,,,,,,,,,,,0.03
1577997589000,,,,,,,,,,,,,,,,,,,,,,,,,,,,,,,,,,,,,,0.03
1578063677000,,,,,,,,,,,,,,,,,,,,,,,,,,,,,,,,,,,,,,0.05
1578195701000,,,,,,,,,,,,,,,,,,,,,,,,,,,,,,,,,,,,,,0.04
1578327837000,,,,,,,,,,,,,,,,,,,,,,,,,,,,,,,,,,,,,,0.05
1578393679000,,,,,,,,,,,,,,,,,,,,,,,,,,,,,,,,,,,,,,0.04
1578459841000,,,,,,,,,,,,,,,,,,,,,,,,,,,,,,,,,,,,,,0.10
1578526345000,,,,,,,,,,,,,,,,,,,,,,,,,,,,,,,,,,,,,,0.07
1578592894000,,,,,,,,,,,,,,,,,,,,,,,,,,,,,,,0.06,,,0.10,,,,0.35
1578658814000,,,,,,,,,,,,,,,,0.99,,,,,,,,,,,,,,,,,,,,,,1.01
1578724741000,,,,,,,,,,,,,,,,,,,,,,,,,,,,,,,,,,,,,,0.04
1578790822000,,,,,,,,,,,,,,,,,,,,,,,,,,,,,,,,,,,,,,0.05
1578857025000,,,,,,,,,,,,,,,,,,,,,,,,,,,,,,,,,,,,,,0.00
1578989540000,,,,,,,,,,,,,,,,,,,,,,,,,,,,,,,,,,,,,,0.06
1579055596000,,,,,,,,,,,,,,,,,,,,,,,,,,,,,,,,,,,,,,0.16
1579122050000,,,,,,,,,,,,,,,,,,,,,,,,,,,,,,,,,,,,,,0.08
1579254375000,,,,,,,,,,,,,,,,,,,,,,,,,,,,,,,,,,,,,,0.05
1579320115000,,,,,,,,,,,,,,,,,,,,,,,,,,,,,,,,,,,,,,0.04
1579386588000,,,,,,,,,,,,,,,,,,,,,,,,,,,,,,,,,,,,,,0.08
1579453251000,,,,,,,,,,,,,,,,,,,,,,,,,,,,,,,,,,,,,,0.11
1579518909000,,,,,,,,,,,,,,,,,,,,,,,,,,,,,,,,,,,,,,0.00
1579584998000,,,,,,,,,,,,,,,,,,,,,,,,,,,,,,,,,,,,,,0.01
1579650516000,,,,,,,,,,,,,,,,,,,,,,,,,,,,,,,,,,,,,,0.01
1579848954000,,,,,,,,,,,,,,,,,,,,,,,,,,,,,,,,,,,,,,0.03
1579915579000,,,,,,,,,,,,,,,,,,,,,,,,,,,,,,,,,,,,,,0.14
1580114658000,,,,,,,,,,,,,,,,,,,,,,,,,,,,,,,,,,,,,,0.04
1580180893000,,,,,,,,,,,,,,,,,,,,,,,,,,,,,,,,,,,,,,0.08
1580313366000,,,,,,,,,,,,,,,,,,,,,,,,,,,,,,,,,,,,,,0.06
1580380051000,,,,,,,,,,,,,,,,,,,,,,,,,,,,,,,,,,,,,,0.03
1580446477000,,,,,,,,,,,,,,,,,,,,,,,,,,,,,,,,,,,,,,0.09
1580512997000,,,,,,,,,,,,,,,,,,,,,,,,,,,,,,,,,,,,,,0.05
1580579921000,,,,,,,,,,,,,,,,,,,,,,,,,,,,,,,,,,,,,,0.03
1580645575000,,,,,,,,,,,,,,,,,,,,,,,,,,,,,,,,,,,,,,0.05
1580711822000,,,,,,,,,,,,,,,,,,,,,,,,,,,,,,,,,,,,,,0.01
1580778615000,,,,,,,,,,,,,,,,,,,,,,,,,,,,,,,,,,,,,,0.01
1580844182000,,,,,,,,,,,,,,,,,,,,,,,,,,,,,,,,,,,,,,0.03
1580977343000,,,,,,,,,,,,,,,,,,,,,,,,,,,,,,,,,,,,,,0.16
1581043789000,,,,,,,,,,,,,,,,,,,,,,,,,,,,,,,,,,,,,,0.05
1581110121000,,,,,,,,,,,,,,,,,,,,,,,,,,,,,,,,,,,,,,4.04
1581243665000,,,,,,,,,,,,,,,,,,,,,,,,,,,,,,,,,,,,,,0.03
1581375300000,,,,,,,,,,,,,,,,,,,,,,,,,,,,,,,,,,,,,,0.04
1581441429000,,,,,,,,,,,,,,,,,,,,,,,,,,,,,,,,,,,,,,0.04
1581508790000,,,,,,,,,,,,,,,,,,,,,,,,,,,,,,,0.11,,,,,,,0.19
1581574720000,,,,,,,,,,,0.03,,,,,,,,,,,,,,,,,,,,,,,,,,,0.09
1581641265000,,,,,,,,,,,,,,,,,,,,,,,,,,,,,,,,,,,,,,0.08
1581707956000,,,,,,,,,,,,,,,,,,,,,,,,,,,,,,,0.06,,,,,,,
1581841298000,,,,,,,,,,,,,,,,,,,,,,,,,,,,,,,,,,,,,,0.05
1581907086000,,,,,,,,,,,,,,,,,,,,,,,,,,,,,,,,,,,,,,0.24
1581973926000,,,,,,,,,,,,,,,,,,,,,,,,,,,,,,,,,,,,,,0.10
1582040665000,,,,,,,,,,,,,,,,,,,,,,,,,,,,,,,,,,,,,,0.04
1582106715000,,,,,,,,,,,,,,,,,,,,,,,,,,,,,,,,,,,,,,0.05
1582173039000,,,,,,,,,,,,,,,,,,,,,,,,,,,,,,,,,,,,,,0.09
1582240159000,,,,,,,,,,,,,,,,,,,,,,,,,,,,,,,,,,,,,,0.13
1582306851000,,,,,,,,,,,,,,,,,,,,,,,,,,,,,,,,,,,,,,0.06
1582372667000,,,,,,,,,,,,,,,,,,,,,,,,,,,,,,,,,,,,,,0.03
1582439543000,,,,,,,,,,,,,,,,,,,,,,,,,,,,,,,,,,,,,,0.03
1582505376000,,,,,,,,,,,,,,,,,,,,,,,,,,,,,,,,,,,,,,0.01
1582571821000,,,,,,,,,,,,,,,,,,,,,,,,,,,,,,,,,,,,,,0.03
1582638796000,,,,,,,,,,,,,,,,,,,,,,,,,,,,,,,,,,,,,,0.01
1582705647000,,,,,,,,,,,,,,,,,,,,,,,,,,,,,,,,,,,,,,0.08
1582771019000,,,,,,,,,,,,,,,,,,,,,,,,,,,,,,,,,,,,,,0.17
1582837876000,,,,,,,,,,,,,,,,,,,,,,,,,,,,,,,,,,,,,,0.11
1582904573000,,,,,,,,,,,,,,,,,,,,,,,,,,,,,,,,,,,,,,0.17
1582970808000,,,,,,,,,,,,,,,,,,,,,,,,,,,,,,,,,,,,,,0.04
1583036689000,,,,,,,,,,,,,,,,,,,,,,,,,,,,,,,,,,,,,,0.03
1583103301000,,,,,,,,,,,,,,,,,,,,,,,,,,,,,,,,,,,,,,0.07
1583168974000,,,,,,,,,,,,,,,,,,,,,,,,,,,,,,,,,,,,,,0.07
1583235956000,,,,,,,,,,,,,,,,,,,,,,,,,,,,,,,,,,,,,,0.13
1583302077000,,,,,,,,,,,,,,,,,,,,,,,,,,,,,,,,,,,,,,0.03
1583435384000,,,,,,,,,,,,,,,,,,,,,,,,,,,,,,,,,,,,,,0.04
1583502285000,,,,,,,,,,,,,,,,,,,,,,,,,,,,,,,,,,,,,,0.04
1583567810000,,,,,,,,,,,,,,,,,,,,,,,,,,,,,,,,,,,,,,0.03
1583633541000,,,,,,,,,,,,,,,,,,,,,,,,,,,,,,,,,,,,,,0.03
1583699841000,,,,,,,,,,,,,,,,,,,,,,,,,,,,,,,,,,,,,,0.21
1583767163000,,,,,,,,,,,,,,,,,,,,,,,,,,,,,,,,,,,,,,0.19
1583833348000,,,,,,,,,,,,,,,,,,,,,,,,,,,,,,,,,,,,,,0.11
1583966404000,,,,,,,,,,,,,,,,,,,,,,,,,,,,,,,,,,,,,,0.15
1584033400000,,,,,,,,,,,,,,,,,,,,,,,,,,,,,,,,,,,,,,0.51
1584100621000,,,,,,,,,,,,,,,,,,,,,,,,,,,,,,,,,,,,,,0.66
1584168330000,,,,,,,,,,,,,,,,,,,,,,,,,,,,,,,,,,,,,,1.06
1584234522000,,,,,,,,,,,,,,,,,,,,,,,,,,,,,,,,,,,,,,0.15
1584300469000,,,,,,,,,,,,,,,,,,,,,,,,,,,,,,,,,,,,,,0.08
1584367227000,,,,,,,,,,,,,,,,,,,,,,,,,,,,,,,,,,,,,,0.52
1584434720000,,,,,,,,,,,,,,,,,,,,,,,,,,,,,,,,,,,,,,2.18
1584500082000,,,,,,,,,,,,,,,,,,,,,,,,,,,,,,,,,,,,,,4.53
1584566455000,,,,,,,,,,,,,,,,,,,,,,,,,,,,,,,,,,,,,,0.13
1584632903000,,,,,,,,,,,,,,,,,,,,,,,,,,,,,,,,,,,,,,0.09
1584699859000,,,,,,,,,,,,,,,,,,,,,,,,,,,,,,,,,,,,,,0.38
1584766483000,,,,,,,,,,,,,,,,,,,,,,,,,,,,,,,,,,,,,,0.59
1584833664000,,,,,,,,,,,,,,,,,,,,,,,,,,,,,,,,,,,,,,0.16
1584902413000,,,,,,,,,,,,,,,,,,,,,,,,,,,,,,,,,,,,,,0.14
1584970249000,,,,,,,,,,,,,,,,,,,,,,,,,,,,,,,,,,,,,,0.09
1585036977000,,,,,,,,,,,,,,,,,,,,,,,,,,,,,,,,,,,,,,0.08
1585105600000,,,,,,,,,,,,,,,,,,,,,,,,,,,,,,,,,,,,,,0.12
1585173391000,,,,,,,,,,,,,,,,,,,,,,,,,,,,,,,,,,,,,,0.07
1585239172000,,,,,,,,,,,,,,,,,,,,,,,,,,,,,,,,,,,,,,0.01
1585306138000,,,,,,,,,,,,,,,,,,,,,,,,,,,,,,,,,,,,,,0.04
1585372283000,,,,,,,,,,,,,,,,,,,,,,,,,,,,,,,,,,,,,,0.14
1585438491000,,,,,,,,,,,,,,,,,,,,,,,,,,,,,,,,,,,,,,0.04
1585504149000,,,,,,,,,,,,,,,,,,,,,,,,,,,,,,,,,,,,,,0.02
1585571105000,,,,,,,,,,,,,,,,,,,,,,,,,,,,,,,,,,,,,,0.11
1585704243000,,,,,,,,,,,,,,,,,,,,,,,,,,,,,,,,,,,,,,0.07
1585836257000,,,,,,,,,,,,,,,,,,,,,,,,,,,,,,,,,,,,,,0.04
1585903293000,,,,,,,,,,,,,,,,,,,,,,,,,,,,,,,,,,,,,,0.18
1585969610000,,,,,,,,,,,,,,,,,,,,,,,,,,,,,,,,,,,,,,0.10
1586169028000,,,,,,,,,,,,,,,,,,,,,,,,,,,,,,,,,,,,,,0.07
1586236183000,,,,,,,,,,,,,,,,,,,,,,,,,,,,,,,,,,,,,,0.23
1586301955000,,,,,,,,,,,,,,,,,,,,,,,,,,,,,,,,,,,,,,0.07
1586368858000,,,,,,,,,,,,,,,,,,,,,,,,,,,,,,,,,,,,,,0.06
1586501245000,,,,,,,,,,,,,,,,,,,,,,,,,,,,,,,,,,,,,,0.07
1586568529000,,,,,,,,,,,,,,,,,,,,,,,,,,,,,,,,,,,,,,0.05
1586635021000,,,,,,,,,,,,,,,,,,,,,,,,,,,,,,,,,,,,,,0.01
1586701369000,,,,,,,,,,,,,,,,,,,,,,,,,,,,,,,,,,,,,,0.09
1586767741000,,,,,,,,,,,,,,,,,,,,,,,,,,,,,,,,,,,,,,0.15
1586833705000,,,,,,,,,,,,,,,,,,,,,,,,,,,,,,,,,,,,,,0.05
1586900049000,,,,,,,,,,,,,,,,,,,,,,,,,,,,,,,,,,,,,,0.00
1586966921000,,,,,,,,,,,,,,,,,,,,,,,,,,,,,,,,,,,,,,0.06
1587033174000,,,,,,,,,,,0.04,,,,,,,,,,,,,,,,,,,,,,,,,,,0.19
1587099968000,,,,,,,,,,,,,,,,,,,,,,,,,,,,,,,,,,,,,,0.06
1587167698000,,,,,,,,,,,,,,,,,,,,,,,,,,,,,,,,,,,,,,0.01
1587234387000,,,,,,,,,,,,,,,,,,,,,,,,,,,,,,,,,,,,,,0.12
1587300847000,,,,,,,,,,,,,,,,,,,,,,,,,,,,,,,,,,,,,,0.20
1587368133000,,,,,,,,,,,,,,,,,,,,,,,,,,,,,,,,,,,,,,0.08
1587434258000,,,,,,,,,,,,,,,,,,,,,,,,,,,,,,,,,,,,,,0.10
1587501138000,,,,,,,,,,,,,,,,,,,,,,,,,,,,,,,,,,,,,,0.00
1587568237000,,,,,,,,,,,,,,,,,,,,,,,,,,,,,,,,,,,,,,0.00
1587634602000,,,,,,,,,,,,,,,,,,,,,,,,,,,,,,,,,,,,,,0.07
1587701744000,,,,,,,,,,,,,,,,,,,,,,,,,,,,,,,,,,,,,,0.09
1587768625000,,,,,,,,,,,,,,,,,,,,,,,,,,,,,,,,,,,,,,0.00
1587836062000,,,,,,,,,,,,,,,,,,,,,,,,,,,,,,,,,,,,,,0.06
1587902337000,,,,,,,,,,,,,,,,,,,,,,,,,,,,,,,,,,,,,,0.00
1587969951000,,,,,,,,,,,,,,,,,,,,,,,,,,,,,,,,,,,,,,0.05
1588036978000,,,,,,,,,,,0.06,,,,,,,,,,,,,,,,,,,,,,,,,,,
1588170340000,,,,,,,,,,,,,,,,,,,,,,,,,,,,,,,,,,,,,,0.05
1588237076000,,,,,,,,,,,,,,,,,,,,,,,,,,,,,,,,,,,,,,0.13
1588305064000,,,,,,,,,,,,,,,,,,,,,,,,,,,,,,,,,,,,,,0.08
1588506516000,,,,,,,,,,,,,,,,,,,,,,,,,,,,,,,,,,,,,,0.04
1588572377000,,,,,,,,,,,,,,,,,,,,,,,,,,,,,,,,,,,,,,0.07
1588705743000,,,,,,,,,,,,,,,,,,,,,,,,,,,,,,,,,,,,,,0.01
1588839881000,,,,,,,,,,,,,,,,,,,,,,,,,,,,,,,,,,,,,,0.01
1588906152000,,,,,,,,,,,,,,,,,,,,,,,,,,,,,,,,,,,,,,0.00
1588972800000,,,,,,,,,,,,,,,,,,,,,,,,,,,,,,,,,,,,,,0.08
1589107927000,,,,,,,,,,,,,,,,,,,,,,,,,,,,,,,,,,,,,,0.15
1589174391000,,,,,,,,,,,,,,,,,,,,,,,,,,,,,,,,,,,,,,0.09
1589308656000,,,,,,,,,,,,,,,,,,,,,,,,,,,,,,,,,,,,,,0.01
1589442351000,,,,,,,,,,,,,,,,,,,,,,,,,,,,,,,,,,,,,,0.05
1589778055000,,,,,,,,,,,,,,,,,,,,,,,,,,,,,,,,,,,,,,0.11
1590113970000,,,,,,,,,,,,,,,,,,,,,,,,,,,,,,,,,,,,,,0.14
1590181994000,,,,,,,,,,,,,,,,,,,,,,,,,,,,,,,,,,,,,,0.10
1590383553000,,,,,,,,,,,,,,,,,,,,,,,,,,,,,,,,,,,,,,0.02
1590517845000,,,,,,,,,,,,,,,,,,,,,,,,,,,,,,,,,,,,,,0.01
1590584981000,,,,,,,,,,,,,,,,,,,,,,,,,,,,,,,,,,,,,,0.00
1590652494000,,,,,,,,,,,,,,,,,,,,,,,,,,,,,,,,,,,,,,0.02
1590853669000,,,,,,,,,,,,,,,,,,,,,,,,,,,,,,,,,,,,,,0.16
1590987649000,,,,,,,,,,,,,,,,,,,,,,,,,,,,,,,,,,,,,,0.03
1591323776000,,,,,,,,,,,,,,,,,,,,,,,,,,,,,,,,,,,,,,0.03
1591389945000,,,,,,,,,,,,,,,,,,,,,,,,,,,,,,,,,,,,,,0.07
1591590964000,,,,,,,,,,,,,,,,,,,,,,,,,,,,,,,,,,,,,,0.03
1591793059000,,,,,,,,,,,,,,,,,,,,,,,,,,,,,,,,,,,,,,0.00
1591993124000,,,,,,,,,,,,,,,,,,,,,,,,,,,,,,,,,,,,,,0.00
1592060020000,,,,,,,,,,,,,,,,,,,,,,,,,,,,,,,,,,,,,,0.02
1592126059000,,,,,,,,,,,,,,,,,,,,,,,,,,,,,,,,,,,,,,0.03
1592259061000,,,,,,,,,,,,,,,,,,,,,,,,,,,,,,,,,,,,,,0.02
1592393573000,,,,,,,,,,,,,,,,,,,,,,,,,,,,,,,,,,,,,,0.00
1592527754000,,,,,,,,,,,,,,,,,,,,,,,,,,,,,,,,,,,,,,0.02
