timestamp,​0x9F92473Cce5dd539C76fD79C78aE5c8fAf706134,​0x97402249515994Cc0D22092D3375033Ad0ea438A,​0xA2881A90Bf33F03E7a3f803765Cd2ED5c8928dFb,​0x2c9Bd9Db61eCCF16eD766b598bC5e0706c992296,​0x0D7b6f3fB99787FCe4552C2Eaa1246A49CBc9338,​0x2C4Bd064b998838076fa341A83d007FC2FA50957,​0xB958a8f59AC6145851729F73c7A6968311d8B633,​0x00000000016697Fa9A9C8e2889E28D3D9816A078,​0x97deC872013f6B5fB443861090ad931542878126,​0x9BA6c9D09dB964771cB4D526188F6AF81e9bCF9e,​0x33b495480cDFab66790300d853F56452f9F96EED,​0x11111254369792b2Ca5d084aB5eEA397cA8fa48B,​0x8333331B3FE016653FF0ADB7b37E52f81A6E7382,​0x1F3D2FaA640D9cE0366dA072B8A376D07053B5BC,​0x38F2cDD0Ea4b38dBed40A36530313A5D89638858,​0x57aEda024fdbC8e1CE19cB9a628CA39747e3661f,​0x5ABA53B42543EC158d99C1fac908F3ec3078c459,​0x133AcC82D6eaaEC2A12e7547835219860551c570,​0x778FDaf34BB5993D69968f541152451241Fab7e3,​0x85C5c26DC2aF5546341Fc1988B9d178148b4838B,​0xA540fb50288cc31639305B1675c70763C334953b,​0x31E085Afd48a1d6e51Cc193153d625e8f0514C7F,​0x860bd2dba9Cd475A61E6d1b45e16c365F6D78F66,​0xF173214C720f58E03e194085B1DB28B50aCDeeaD,​0x1680eD6A1fE73c673E778705355212235DeC3242,​0xA24F2E6dCbD2Da9A220958401dAB74B365bD34E1,​0x111112549CFEdf7822eb11FbD8fD485d8A10F93F,​0x3958B4eC427F8fa24eB60F42821760e88d485f7F,​0xEEB9C37797DbC50350Bd2844D452dD83B74A72DB,​0xa57Bd00134B2850B2a1c55860c9e9ea100fDd6CF,​0x2848b9f2D4FaEBaA4838c41071684c70688B455d,​0xce5702E94aD38C061e44a4a049Cc29261F992846,​0xff6C422c6e9A53200798A771f25b72B96d4eCa64,​0xA54da2581dd4828e4Aa00638Aab835119500A284,​0xA5cd3bC3F3D34B3A716111643e19Db88BFA649c7,​0xA2552b64Bb14ACF36055B74ec846aFE4A4e3A2f8,​0x68e0e39B4AA38115DC79604625fed7525D5e9f08,​0x30D53BB9b353f382290D2Adea92ddF4DFb6694e6,​0x00e541A6E7D9AB69E9343c9BA357D5f6e367dFc2,​0x9550050D102Ff42A2A683A9Fa23B8f3fb2B378c8,​0x1E0a8bcAb64489766cD96f3E29d91f1717D168A2,​0xa919efc72756222c072A1594eFDBa8178AA360D8,​0x004312e1175f1ef82ca310110c0A3F7cf06743d8,​0x93a8515D674C3d3235BEEa0dE7aE3099aA34b1a5,​0x20AEc996ce9d508A7F51b2A217bf6a87B6be0EF1,​0x409B512e1cf94500877C5353B2a0C13B2d24914F,​0x00000000B1786c9698C160D78232c78d6f6474Fe,​0xde6c24B75F90022F279340001dAC82656e7b7Bf6,​0x45A2FDfED7F7a2c791fb1bdF6075b83faD821ddE,​0x9799b475dEc92Bd99bbdD943013325C36157f383,​0x785CfC135cd5E26f55a791D177C3cbDFB16F9fEA,​0x8018280076d7fA2cAa1147e441352E8a89e1DDbe,​0xa73621aEAe24869942f1279003bDe11d4Eac2Cab,​0x54900A355ab53686acC198553665c0Fa6810Fa0f,​0x0000000000C90bc353314b6911180ED7E06019A9,​0x96FE94c07Ee88fC2A4B3E978D875202fD113e654,​0x2a1530C4C41db0B0b2bB646CB5Eb1A67b7158667,​0x00000000Af5A61acAf76190794E3fdf1289288A1,​0x022865cCce84fa9F715207D047D78a05313dC86D,​0x2AD672FDA8a042c4c78C411bF9d4f1b320aA915a,​0x5D154c145Db2ca90B8aB5e8Fe3E716AfA4AB7Ff0,​0x54A4a1167B004b004520c605E3f01906f683413d,​0x09cabEC1eAd1c0Ba254B09efb3EE13841712bE14,​0xa1426C67db444dd05A90f531C233583472b6b01b,​0x6d5fe1342745230063BE26117Abb4612d9876Ba5,​0x3525dC9113BE61695088bC47fe31759fa7cf99AB,​0x2d9E7f7887BB496592430ef62400dd9007925b88,​0x1200563cFAEb481e1f0542A246F0cefcdE4C4753,​0x7C1afB6125F125fd6f7121F5cF5504A817cdbEA5,​0x823b92d6a4b2AED4b15675c7917c9f922ea8ADAD,​0x9Ce8f85083FCF364467A827CB15730102306ed1C,​0xcE04002D9E12403BE774A32f07172666daF6D5E4,Other
1548924193000,,,,,,,,,,,,,,,,,,,,,,,,,,,,,,,,,,,,,,,,,,,,,,,,,,,,,,,,,,,,,,,0.05,,,,,,,,,,6.81
1549012454000,,,,,,,,,,,,,,,,,,,,,,,,,,,,,,,,,,,,,,,,,,,,,,,,,,,,,,,,,,,,,,,0.01,,,,,,,,,,0.35
1549189411000,,,,,,,,,,,,,,,,,,,,,,,,,,,,,,,,,,,,,,,,,,,,,,,,,,,,,,,,,,,,,,,,,,,,,,,,,0.01
1549452970000,,,,,,,,,,,,,,,,,,,,,,,,,,,,,,,,,,,,,,,,,,,,,,,,,,,,,,,,,,,,,,,,,,,,,,,,,0.00
1549628950000,,,,,,,,,,,,,,,,,,,,,,,,,,,,,,,,,,,,,,,,,,,,,,,,,,,,,,,,,,,,,,,,,,,,,,,,,0.18
1549717506000,,,,,,,,,,,,,,,,,,,,0.15,,,,,,,,,,,,,,,,,,,,,,,,,,,,,,,,,,,,,,,,,,,,,,,,,,,,,
1549913781000,,,,,,,,,,,,,,,,,,,,0.15,,,,,,,,,,,,,,,,,,,,,,,,,,,,,,,,,,,,,,,,,,,,,,,,,,,,,0.30
1550119035000,,,,,,,,,,,,,,,,,,,,,,,,,,,,,,,,,,,,,,,,,,,,,,,,,,,,,,,,,,,,,,,,,,,,,,,,,0.14
1550326685000,,,,,,,,,,,,,,,,,,,,,,,,,,,,,,,,,,,,,,,,,,,,,,,,,,,,,,,,,,,,,,,0.06,,,,,,,,,,
1550429585000,,,,,,,,,,,,,,,,,,,,0.15,,,,,,,,,,,,,,,,,,,,,,,,,,,,,,,,,,,,,,,,,,,,,,,,,,,,,
1550532875000,,,,,,,,,,,,,,,,,,,,0.15,,,,,,,,,,,,,,,,,,,,,,,,,,,,,,,,,,,,,,,,,,,,,,,,,,,,,
1550633598000,,,,,,,,,,,,,,,,,,,,0.30,,,,,,,,,,,,,,,,,,,,,,,,,,,,,,,,,,,,,,,,,,,,,,,,,,,,,
1550735511000,,,,,,,,,,,,,,,,,,,,0.16,,,,,,,,,,,,,,,,,,,,,,,,,,,,,,,,,,,,,,,,,,,,,,,,,,,,,0.74
1550837309000,,,,,,,,,,,,,,,,,,,,0.15,,,,,,,,,,,,,,,,,,,,,,,,,,,,,,,,,,,,,,,,,,,,,,,,,,,,,
1551038450000,,,,,,,,,,,,,,,,,,,,5.17,,,,,,,,,,,,,,,,,,,18.21,,,,,,,,,,,,,,,,,,,,,,,,,,,,,,,,,,23.49
1551140412000,,,,,,,,,,,,,,,,,,,,0.15,,,,,,,,,,,,,,,,,,,,,,,,,,,,,,,,,,,,,,,,,,,,,,,,,,,,,
1551342768000,,,,,,,,,,,,,,,,,,,,0.15,,,,,,,,,,,,,,,,,,,,,,,,,,,,,,,,,,,,,,,,,,,,,,,,,,,,,0.09
1551431102000,,,,,,,,,,,,,,,,,,,,,,,,,,,,,,,,,,,,,,,,,,,,,,,,,,,,,,,,,,,,,,,,,,,,,,,,,0.08
1551568203000,,,,,,,,,,,,,,,,,,,,,,,,,,,,,,,,,,,,,,,,,,,,,,,,,,,,,,,,,,,,,,,,,,,,,,,,,0.11
1551635562000,,,,,,,,,,,,,,,,,,,,0.35,,,,,,,,,,,,,,,,,,,,,,,,,,,,,,,,,,,,,,,,,,,,,,,,,,,,,0.44
1551703372000,,,,,,,,,,,,,,,,,,,,,,,,,,,,,,,,,,,,,,,,,,,,,,,,,,,,,,,,,,,,,,,,,,,,,,,,,0.14
1551838168000,,,,,,,,,,,,,,,,,,,,0.35,,,,,,,,,,,,,,,,,,,,,,,,,,,,,,,,,,,,,,,,,,,,,,,,,,,,,
1551905102000,,,,,,,,,,,,,,,,,,,,,,,,,,,,,,,,,,,,,,,,,,,,,,,,,,,,,,,,,,,,,,,,,,,,,,,,,0.01
1552039745000,,,,,,,,,,,,,,,,,,,,,,,,,,,,,,,,,,,,,,,,,,,,,,,,,,,,,,,,,,,,,,,,,,,,,,,,,2.89
1552241652000,,,,,,,,,,,,,,,,,,,,0.20,,,,,,,,,,,,,,,,,,,,,,,,,,,,,,,,,,,0.52,,,,,,,,,,,,,,,,,,0.81
1552309136000,,,,,,,,,,,,,,,,,,,,,,,,,,,,,,,,,,,,,,,,,,,,,,,,,,,,,,,,,,,,,,,,,,,,,,,,,0.01
1552510965000,,,0.24,,,,,,,,,,,,,,,,,,,,,,,,,,,,,,,,,,,,,,,,,,,,,,,,,,,,,,,,,,,,,,,,,,,,,,0.03
1552645085000,,,,,,,,,,,,,,,,,,,,,,,,,,,,,,,,,,,,,,,,,,,,,,,,,,,,,,,,,,,,,,,,,,,,,,,,,0.01
1552712032000,,,,,,,,,,,,,,,,,,,,,,,,,,,,,,,,,,,,,,,,,,,,,,,,,,,,,,,0.50,,,,,,,,,,,,,,,,,,
1552845464000,,,,,,,,,,,,,,,,,,,,,,,,,,,,,,,,,,,,,,,,,,,,,,,,,,,,,,,,,,,,,,,,,,,,,,,,,0.18
1553048481000,,,,,,,,,,,,,,,,,,,,,,,,,,,,,,,,,,,,,,,,,,,,,,,,,,,,,,,,,,,,,,,,,,,,,,,,,0.10
1553250112000,,,,,,,,,,,,,,,,,,,,,,,,,,,,,,,,,,,,,,,,,,,,,,,,,,,,,,,,,,,,,,,,,,,,,,,,,0.06
1554060309000,,,,,,,,,,,,,,,,,,,,,,,,,,,,,,,,,,,,,,,,,,,,,,,,,,,,,,,,,,,,,,,,,,,,,,,,,0.31
1554195576000,,,0.17,,,,,,,,,,,,,,,,,0.30,,,,,,,,,,,,,,,,,,,,,,,,,,,,,,,,,,,,,,,,,,,,,,,,,,,,,0.47
1554262735000,,,,,,,,,,,,,,,,,,,,0.15,,,,,,,,,,,,,,,,,,,,,,,,,,,,,,,,,,,,,,,,,,,,,,,,,,,,,0.13
1554331280000,,,,,,,,,,,,,,,,,,,,,,,,,,,,,,,,,,,,,,,,,,,,,,,,,,,,,,,,,,,,,,,1.99,,,,,,,,,,1.96
1554398543000,,,,,,,,,,,,,,,,,,,,,,,,,,,,,,,,,,,,,,,,,,,,,,,,,,,,,,,,,,,,,,,,,,,,,,,,,0.23
1554466199000,,,,,,,,,,,,,,,,,,,,,,,,,,,,,,,,,,,,,,,,,,,,,,,,,,,,,,,,,,,,,,,0.00,,,,,,,,,,0.12
1554532618000,,,,,,,,,,,,,,,,,,,,,,,,,,,,,,,,,,,,,,,,,,,,,,,,,,,,,,,0.75,,,,,,,,,,,,,,,,,,0.99
1554733845000,,,,,,,,,,,,,,,,,,,,0.20,,,,,,,,,,,,,,,,,,,,,,,,,,,,,,,,,,,,,,,,,,,,,,,,,,,,,0.87
1554800647000,,,,,,,,,,,,,,,,,,,,,,,,,,,,,,,,,,,,,,,,,,,,,,,,,,,,,,,,,,,,,,,,,,,,,,,,,0.03
1554867921000,,,,,,,,,,,,,,,,,,,,,,,,,,,,,,,,,,,,,,,,,,,,,,,,,,,,,,,,,,,,,,,,,,,,,,,,,0.03
1554934968000,,,,,,,,,,,,,,,,,,,,,,,,,,,,,,0.07,,,,,,,,,,,,,,,,,,,,,,,,,,,,,,,,,,,,,,,,,,,0.32
1555002718000,,,,,,,,,1.69,,,,,,,,,,,0.55,,,,,,,,,,0.10,,,,,,,,,,0.04,,,,,,,,,,,,,,,,,,,,,,,,,,,,,,,,,2.76
1555070200000,,,,,,,,,,,,,,,,,,,,,,,,,,,,,,0.21,,,,,,,,,,,,,,,,,,,,,,,,,,,,,,,,,,,,,,,,,,,
1555136518000,,,,,,,,,,,,,,,,,,,,,,,,,,,,,,0.10,,,,,,,,,,,,,,,,,,,,,,,,,,,,,,,,,,,,,,,,,,,1.13
1555203091000,,,,,,,,,,,,,,,,,,,,,,,,,,,,,,,,,,,,,,,,,,,,,,,,,,,,,,,,,,,,,,,,,,,,,,,,,0.01
1555405471000,,,,,,,0.41,,,,,,,,,,,,,0.20,,,,,,,,,,0.51,,,,,,,,,,0.63,,,,,,,,,,,,,,,0.50,,,,,,,,,,,,,,,,,,1.03
1555608237000,,,,,,,,,,,,,,,,,,,,,,,,,,,,,,0.22,,,,,,,,,,,,,,,,,,,,,,,,,,,,,,,,,,,,,,,,,,,
1555741612000,,,,,,,,,,,,,,,,,,,,,,,,,,,,,,,,,,,,,,,,,,,,,,,,,,,,,,,,,,,,,,,,,,,,,,,,,0.00
1555809867000,,,,,,,,,,,,,,,,,,,,,,,,,,,,,,,,,,,,,,,,,,,,,,,,,,,,,,,,,,,,,,,0.06,,,,,,,,,,
1555876621000,,,,,,,,,,,,,,,,,,,,,,,,,,,,,,0.13,,,,,,,,,,,,,,,,,,,,,,,,,,,,,,,,,,,,,,,,,,,0.63
1556011928000,,,,,,,,,,,,,,,,,,,,,,,,,,,,,,0.11,,,,,,,,,,,,,,,,,,,,,,,,,,,,,,,,,0.19,,,,,,,,,,
1556079702000,,,,,,,,,,,,,,,,,,,,,,,,,,,,,,0.21,,,,,,,,,,,,,,,,,,,,,,,,,,,,,,,,,,,,,,,,,,,
1556147660000,,,,,,,,,,,,,,,,,,,,,,,,,,,,,,0.66,,,,,,,,,1.00,,,,,,,,,,,,,,,,,,,,,,,,,,,,,,,,,,0.34
1556214175000,,,,,,,,,,,,,,,,,,,,,,,,,,,,,,0.35,,,,,,,,,,,,,,,,,,,,,,,,,0.75,,,,,,,,0.37,,,,,,,,,,4.68
1556281668000,,,,,,,,,,,,,,,,,,,,,,,,,,,,,,1.27,,,,,,,,,,0.14,,,,,,,,,,,,,,,,,,,,,,,,,,,,,,,,,
1556348416000,,,,,,,,,,,,,,,,,,,,,,,,,,,,,,0.30,,,,,,,,,,,,,,,,,,,,,,,,,,,,,,,,,,,,,,,,,,,0.35
1556415030000,,,,,,,,,,,,,,,,,,,,,,,,,,,,,,0.49,,,,,,,,,,,,,,,,,,,,,,,,,,,,,,,,,,,,,,,,,,,
1556549842000,,,,,,,,,,,,,,,,,,,,,,,,,,,,,,0.66,,,,,,,,,,,,,,,,,,,,,,,,,,,,,,,,,,,,,,,,,,,
1556616633000,,,,,,,,,,,,,,,,,,,,0.45,,,,,,,,,,0.91,,,,,,,,,,1.04,,,,,,,,,,,,,,,,,,,,,,,,,,,,,,,,,2.69
1556684172000,,,,,,,,,,,,,,,,,,,,,,,,,,,,,,1.14,,,,,,,,,,0.10,,,,,,,,,,,,,,,,,,,,,,,0.60,,,,,,,,,,4.31
1556750704000,,,,,,,,,,,,,,,,,,,,,,,,,,,,,,0.86,,,,,,,,,,,,,,,,,,,,,,,,,,,,,,,,,,,,,,,,,,,
1556818035000,,,,,,,,,,,,,,,,,,,,,,,,,,,,,,0.36,,,,,,,,,,0.00,,,,,,,,,,,,,,,,,,,,,,,0.50,,,,,,,,,,
1556885912000,,,,,,,0.38,,,,,,,,,,,,5.64,0.40,,,,,,,,,,3.09,,,,,,,,,2.30,,,,,,,,,,,,,,,,8.88,,,,,,,,,,,,,,,,,,17.37
1556953014000,,,0.67,,,,,,,,,,,,,,,,,,,,,,,,,,,1.73,,,,,,,,,,0.13,,,,,,,,,,,,,,,,,,,,,,,,,,,,,,,,,0.57
1557019302000,,,,,,,,,,,,,,,,,,,,,,,,,,,,,,0.46,,,,,,,,,,0.42,,,,,,,,,,,,,,,,,,,,,,,,,,,,,,,,,0.99
1557087154000,,,,,,,,,,,,,,,,,,,6.37,,,,,,,,,,,,,,,,,,,,,,,,,,,,,,,,,,,,,,,,,,,,6.51,1.85,,,,,,,,,2.32
1557155617000,,,,,,,,,,,,,,,,,,,,,,,,,,,,,,0.69,,,,,,,,,,0.32,,,,,,,,,,,0.33,,,,,,,,,,,,,,,,,,,,,,0.31
1557223295000,,,,,,,2.96,,,,,,,,,,,,2.87,,,,,,,,,,,2.81,,,,,,,,,1.01,,,,,,,,,,,,0.71,,,,1.00,,,,,,,,3.44,,,,,,,,,,2.01
1557291012000,,,,,,,,,,,,,,,,,,,,,,,,,,,,,,2.26,,,,,,,,,,,,,,,,,,,,,,,,,,,,,,,,,,,,,,,,,,,0.00
1557358549000,,,,,,,3.29,,,,,,,,,,,,,,,,,,,,,,,1.83,,,,,,,,,,,,,,,,,,,,,,,,,7.97,,,,,,,,5.77,,,,,,,,,,
1557426851000,,,,,,,,,,,,,,,,,,,,,,,,,,,,,,0.92,,,,,,,,,,,,,,,,,,,,,0.59,,,,,,,,,,,,,,,,,,,,,,
1557494292000,,,,,,,,,9.71,,,,,,,,,,,1.50,,,,,,,,,,4.86,,,,,,,,,6.42,0.06,,,,,,,,,,,,,,,5.55,,,,,,,,,,,,,,,,,,4.47
1557561044000,,,,,,,,,,,,,,,,,,,,,,,,,,,,,,6.34,,,,,,,,,,,,,,,,,,,,,0.60,,,,,,,,,,,,0.37,,,,,,,,,,1.62
1557628854000,,,,,,,,,,,,,,,,,,,0.50,,,,,,,,,,,8.55,,,,,,,,,4.09,,,,,,,,,,,,,,,,0.50,,,,,,,,1.70,,,,,,,,,,5.36
1557695794000,,,,,,,,,,,,,,,,,,,,,,,,,,,,,,1.97,,,,,,,,,,,,,,,,,,,,,0.28,,,,,,,,,,,,,,,,,,,,,,1.41
1557763956000,,,,,,,,,,,,,,,,,,,,0.49,,,,,,,,,,4.05,,,,,,,,,,,,,,,,,,,,,0.30,,,,,,,,,,,,,,,,,,,,,,0.55
1557830231000,,,,,,,,,,,,,,,,,,,,,,,,,,,,,,5.61,,,,,,,,,,,,,,,,,,,,,1.86,,,,1.26,,,,,,,,,,,,,,,,,,5.25
1557897304000,,,,,,,,,,,,,,,,,,,,,,,,,,,,,,3.49,,,,,,,,,,,,,,,,,,,,,1.60,,,,0.50,,,,,,,,0.53,,,,,,,,,,0.66
1557964138000,,,,,,,,,,,,,,,,,,,,2.05,,,,,,,,,,2.15,,,,,,,,,,,,,,,,,,,,,,,,,0.51,,,,,,,,,,,,,,,,,,1.98
1558032652000,,,,,,,,,,,,,,,,,,,,2.35,,,,,,,,,,4.25,,,,,,,,,3.02,,,,,,,0.62,,,,,1.30,,,,0.76,,,,,,,,,,,,,,,,,,4.56
1558099488000,,,,,,,,,0.33,,,,,,,,,,,3.30,,,,,,,,,,2.37,,,,,,,,,,0.81,,,,,,1.48,,,,,2.30,,,,1.51,,,,,,,,,,,,,,,,,,1.59
1558166754000,,,,,,,,,,,,,,,,,,,,,,,,,,,,,,2.16,,,,,,,,,,,,,,,,,,,,,,,,,,,,,,,,,0.61,,,,,,,,,,0.56
1558234852000,,,,,,,,,,,,,,,,,,,0.51,0.55,,,,,,,,,,,,,,,,,,,,,,,,,,,,,,,0.55,,,,1.01,,,,,,,,,,,,,,,,,,7.56
1558370897000,,,,,,,,,,,,,,,,,,,,,,,,,,,,,,,,,,,,,,,,,,,,,,0.91,,,,,,,,,,,,,,,,,,,,,,,,,,,0.03
1558438516000,,,,,,,,,,,,,,,,,,,,,,,,,,,,,,,,,,,,,,,,0.01,,,,,,1.20,,,,,,,,,,,,,,,,,0.00,,,,,,,,,,1.39
1558506088000,,,,,,,,,,,,,,,,,,,,,,,,,,,,,,,,,,,,,,,,,,,,,,,,,,,,,,,,,,,,,,,,,,,,,,,,,1.06
1558573856000,,,,,,,,,,,,,,,,,,,,0.90,,,,,,,,,,,,,,,,,,,,,,,,,,,,,,,,,,,,,,,,,,,,,,,,,,,,,
1558641898000,,,,,,,3.39,,,,,,,,,,,,,3.41,,,,,,,,,,,,,,,,,,,,0.04,,,,,,0.50,,,,,,,,,1.52,,,,,,,,,,,,,,,,,,5.55
1558709678000,,,,,,,2.10,,,,,,,,,,,,2.02,1.70,,,,,,,,,,,,,,,,,,,,,,,,,,1.85,,,,,,,,,6.62,0.89,,2.40,,,,,2.93,,,,,,,,,,11.34
1558776750000,,,,,,,,,,,,,,,,,,,,0.50,,,,,,,,,,,,,,,,,,,,,,,,,,,,,,,,,,,,,,,,,,,0.54,,,,,,,,,,0.32
1558842948000,,,,,,,,,,,,,,,,,,,,,,,,,,,,,,,,,,,,,,,,,,,,,,0.31,,,,,,,,,,,,,,,,,,,,,,,,,,,
1558910067000,,,,,,,1.98,,,,,,,,,,,,0.76,,,,,,,,,,,,,,,,,,,,,,,,,,,2.48,,,,,,,,,,0.71,,,,,,,,,,,,,,,,,1.21
1558977860000,,,,,,,,,,,,,,,,,,,,,,,,,,,,,,,,,,,,,,,,,,,,,,0.66,,,,,0.52,,,,,,,,,,,,0.37,,,,,,,,,,0.63
1559045953000,,,0.02,,,,4.50,,,,,,,,,,,,,,,,,,,,,,,,,,,,,,,,,,,,,,,0.38,,,,,0.51,,,,,,,,,,,,0.68,,,,,,,,,,0.84
1559112912000,,,,,,,3.79,,,,,,,,,,,,1.52,0.50,,,,,,,,,,,,,,,,,,,,,,,,,,,,,,,,,,,,,,,,,,,1.13,,,,,,,,,,0.79
1559179166000,,,,,,0.00,,,,,,,,,,,,,,,,,,,,,,,,,,,,,,,,,,,,,,,,,,,,,,,,,,,,,,,,,0.04,,,,,,,,,,0.20
1559247339000,,,,,,,,,,,,,,,,,,,,,,,,,,,,,,,,,,,,,,,3.12,,,,,,,1.26,,,,,,,,,,,,,,,,,,,,,,,,,,,2.71
1559315112000,,,,,,,,,,,,,,,,,,,,0.65,,,,,,,,,,1.03,,,,,,,,,,,,,,,,0.97,,,,,,,,,1.00,,,,,,,,,,,,,,,,,,0.28
1559382148000,,,,,,,,,,,,,,,,,,,,,,,,,,,,,,1.02,,,,,,,,,1.01,,,,,,,0.78,,,,,,,,,,,,,,,,,,,,,,,,,,,
1559449529000,,,,,,,3.53,,1.97,,,,,,,,,,1.28,,,,,,,,,,,,,,,,,,,,,,,,,,,0.67,,,,,,,,,1.52,,,1.45,,,,,,,,,,,,,,,
1559517685000,,,,,,,,0.28,,,,,,,,,,,9.70,,,,,,,,,,,,,,,,,,,,,,,,,,,0.72,,,,,,,,,,,,,,,,,5.82,,,,,,,,,,5.36
1559586560000,,,,,,,5.35,,,,,,,,,,,,,,,,,,,,,,,,,,,,,,,,,,,,,,,0.33,,,,,,,,,,,,0.80,,,,,,,,,,,,,,,1.84
1559653274000,,,,,,,,,,,,,,,,,,,,,,,,,,,,,,,,,,,,,,,,,,,,,,1.02,,,,,,,,,,,,,,,,,,,,,,,,,,,0.01
1559721446000,,,,,,,4.00,0.35,,,,,,,,,,,,1.00,,,,,,,,,,,,,,,0.38,,,,,0.30,,,,,,0.51,,,,,,,,,,1.74,,,,,,,0.79,,,,,,,,,,0.33
1559788436000,,,,,,,,0.45,,,,,,,,,,,1.76,,,,,,,,,,,,,,,,,,,,,0.02,,,,,,,,,,,,,,,0.76,,,,,,,,,,,,,,,,,,2.94
1559855826000,,,,,,,,,,,,,,,,,,,,,,,,,,,,,,,,,,,,,,,,,,,,,,0.37,,,,,,,,,,,,,,,,,,,,,,,,,,,0.17
1559923832000,,,,,,,,0.22,,,,,,,,,,,,,,,,,,,,,,,,,,,,,,,,,,,,,,0.96,,,,,0.69,,,,,,,,,,,,,,,,,,,,,,
1559991921000,,,,,,,,,,,,,,,,,,,,,,,,,,,,,,,,,,,,,,,,,,,,,,,,,,,,,,,,,,,,,,,,,,,,,,,,,0.05
1560059515000,,,,,,,,,,,,,,,,,,,,0.70,,,,,,,,,,,,,,,,,,,,,,,,,,0.85,,,,,,,,,,,,,,,,,0.22,,,,,,,,,,0.04
1560127542000,,,,,,,,,,,,,,,,,,,,,,,,,,,,,,,,,,,,,,,,,,,,,,1.79,,,,,,,,,,,,,,,,,,,,,,,,,,,1.06
1560194172000,,,,,,,,0.23,,,,,,,,,,,,0.55,,,,,,,,,,,,,,,,,,,,,,,,,,,,,,,,,,,,,,,,,,,,,,,,,,,,,1.06
1560262359000,,,,,,,,,,,,,,,,,,,,,,,,,,,,,,,,,,,,,,,,,,,,,,0.49,,,,,,,,,,,,,,,,,,,,,,,,,,,0.10
1560329676000,,,,,,,,0.50,,,,,,,,,,,,,,,,,,,,,,,,,,,,,,,,,,,,,,,,,,,,,,,,,,,,,,,,,,,,,,,,,0.05
1560397568000,,,,,,,,0.40,,,,,,,,,,,,,,,,,,,,,,,,,,,,,,,,,,,,,,1.86,,,,,0.63,,,,,,,,,,,,0.92,,,,,,,,,,
1560464402000,,,0.20,,,,,,,,,,,,,,,,,,,,,,,,,,,,,,,,,,,,,,,,,,,0.39,,,,,,,,,,,,,,,,,0.41,,,,,,,,,,0.04
1560531936000,,,0.10,,,,,,,,,,,,,,,,1.52,0.55,,,,,,,,,,,,,,,,,,,,,,,,,,0.59,,,,,0.63,,,,2.00,,,,,,,,,,,,,,,,,,5.38
1560599838000,,,,,,,,0.42,,,,,,,,,,,,0.60,,,,,,,,,,,,,,,,,,,,,,,,,,,,,,,,,,,,0.62,,,,,,,,,,,,,,,,,4.13
1560668105000,,,,,,,,,,,,,,,,,,,0.50,,,,,,,,,,,,,,,,,,,,,,,,,,,1.21,,,,,0.37,,,,,,,,,,,,,,,,,,,,,,2.43
1560734814000,,,,,,,,0.93,0.57,,,,,,,,,,,,,,,,,,,,,,,,,,,,,,,,,,,,,0.71,,,,,,,,,,,,,,,,,,,,,,,,,,,0.91
1560802452000,,,,,,,,,,,,,,,,,,,,,,,,,,,,,,,,,,,,,,,,,,,,,,,,,,,0.70,,,,,,,,,,,,0.05,,,,,,,,,,
1560870679000,,,,,,,,,,,,,,,,,,,1.00,,,,,,,,,,,,,,,,,,,,1.00,,,,,,,,,,,,0.37,,,,,,,,,,,,,,,,,,,,,,2.55
1560937524000,,,,,,,,,,,,,,,,,,,,,,,,,,,,,,,,,,,,,,,,,,,,,,0.34,,,,,,,,,,,,,,,,,0.19,,,,,,,,,,0.39
1561005597000,,,,,,,,,,,,,,,,,,,,0.95,,,,,,,,,,,,,,,,,,,,,,,,,,,,,,,,,,,,,,,,,,,,,,,,,,,,,0.80
1561073016000,,,,,,,,,,,,,,,,,,,,,,,,,,,,,,,,,,,,,,,,,,,,,,0.85,,,,,,,,,1.01,,,,,,,,,,,,,,,,,,3.65
1561140851000,,,,,,,,0.24,,,,,,,,,,,,0.55,,,,,,,,,,,,,,,,,,,,,,,,,,5.62,,,,,0.56,,,,15.79,,,,,,,,13.16,,,,,,,,,,1.00
1561208281000,,,,,,,,,0.26,,,,,,,,,,,0.50,,,,,,,,,,,,,,,,,,,,1.05,,,,,,5.24,,,,,0.77,,,,,,,0.59,,,,,0.13,,,,,,,,,,1.66
1561275287000,,,0.54,,,,,2.02,0.81,,,,,,,,,,,0.55,,,,,,,,,,,,,,,,,,,,1.82,,,,,,2.58,,,,,,,,,,,,,,,,,0.32,,,,,,,,,,2.02
1561342449000,,,,,,,,,0.12,,,,,,,,,,,,,,,,,,,,,,,,,,,,,,,,,,,,,1.87,,,,,0.34,,,,,,,,,,,,,,,,,,,,,,
1561409629000,,,,,,,,,,,,,,,,,,,,,,,,,,,,,,,,,,,,,,,,,,,,,,0.36,,,,,,,,,,,,,,,,,,,,,,,,,,,0.35
1561476955000,,,,,,,,,,,,,,,,,,,,,,,,,,,,,,,,,,,,,,,,,,,,,,1.59,,,,,,,,,2.57,,,,,,,,1.06,,,,,,,,,,4.72
1561543836000,,,,,,,,,,,,,,,,,,,,1.94,,,,,,,,,,,,,,,,,,,2.01,,,,,,,1.93,,,,,0.80,,,,1.50,2.61,,,,,,,0.91,,,,,,,,,,5.26
1561611356000,,,,,,,,,,,,,,,,,,,,2.80,,,,,,,,,,,,,,,,,,,1.01,7.07,,,,,,5.30,,,,,1.75,,,,3.55,5.81,,,,,,,4.68,,,,,,,,,,1.29
1561679479000,,,,,,,,,,,,,,,,,,,3.88,0.50,,,,,,,,,,,,,,,,,,,,0.09,,,,,,,,,,,1.78,2.27,,,,4.11,,,,,,,4.34,,,,,,,,,,3.81
1561747149000,,,,,,,,,,,,,,,,,,,6.97,1.15,,,,,,,,,,,,,,,,,,,,,,,,,,,,,,,,1.10,,,3.55,,,2.60,,,,,8.08,,,,,,,,,,4.40
1561814305000,,,,,,,,,0.07,,,,,,,,,,,0.55,,,,,,,,,,,,,,,,,,,1.00,,,,,,,,,,,,0.58,,,,,,,0.90,,,,,,,,,,,,,,,
1561881035000,,,,,,,,,,,,,,,,,,,9.90,1.10,,,,15.90,,,,,,1.02,,,,,,,,,,,,,,,,,,,,,,3.73,,,13.93,,,1.17,,,,,,,,,,,,,,,3.08
1561948615000,,,,,,,,,,,,,,,,,,,2.82,2.15,,,,1.30,,,,,,1.06,,,,,,,,,,1.38,,,,,,,,,0.07,,,,,,3.00,,,,,,,,1.14,,,,,,,,,,6.95
1562015969000,,,,,,,,,,,,,,,,,,,,0.50,,,,,,,,,,,,,,,,,,,1.31,,,,,,,,,,,,,,,,,,,0.81,,,,,,,,,,,,,,,0.41
1562082973000,,,,,,,,,,,,,,,,,,,,0.65,,,,,,,,,,,,,,,,,,,0.80,,,,,,,,,,0.21,,0.42,,,,,,,,,,,,0.17,,,,,,,,,,0.05
1562150796000,,,0.87,,,,,,,,,,,,,,,,2.25,1.55,,,,1.39,,,,,,,,,,,,,,,,,,,,,,,,,,,1.62,1.52,,,2.75,,,,,,,,1.33,,,,,,,,,,7.96
1562218341000,,,,,,,,,,,,,,,,,,,,1.10,,,,,,,,,,,,,,,,,,,0.60,,,,,,,,,,,,,1.29,,,0.76,,,,,,,,0.52,,,,,,,,,,3.07
1562285611000,,,,,,,,0.35,0.79,,,,,,,,,,,,,,,,,,,,,,,,,,,,,,,0.48,,,,,,,,,,,,0.66,,,,,,,,,,,0.10,,,,,,,,,,0.77
1562352854000,,,,,,,,0.92,,,,,,,,,,,,,,,,,,,,,,,,,,,,,,,1.21,,,,,,,,,,,,,0.67,,,8.52,,,,,,,,,,,,,,,,,,
1562419899000,,,,,,,,6.12,,,,,,,,,,,,11.01,,,,,,,,,,,,,,,,,,,,,,,,,,,,,,,,35.21,,,5.00,,,,,,,,,,,,,,,,,,5.00
1562486913000,,,6.04,,,,,4.17,0.33,,,,,,,,,,,8.02,,,,0.01,,,,,,,,,,,,,,,0.91,,,,,,,,,,,,3.04,6.14,,,,,,,,,,,,,,,,,,,,,0.04
1562553800000,,,,,,,,0.99,,,,,,,,,,,,2.01,,,,,,,,,,,,,,,,,,,,11.79,,,,,,,,,,,1.95,35.84,,,7.03,,,,,,,,,,,,,,,,,,3.91
1562620679000,,,5.46,,,,,,,,,,,,,,,,,15.00,,,,0.07,,,,,,5.00,,,,,,,,,1.50,0.42,,,,,,,,,,,,10.67,,,4.50,,,5.41,,,,,0.17,,,,,,,,,,0.60
1562687655000,,,0.14,,,,,,0.02,,,,,,,,,,,4.00,,,,,,,,,,,,,,,,,,,5.02,22.80,,,,,,,,,,,5.41,19.99,,,6.00,,,,,,,,4.29,,,,,,,,,,4.59
1562755228000,,,,,,,,,12.21,,,,,,,,,,,32.02,,,,,,,,,,1.56,,,,,,,,,1.31,1.98,,,,,,,,,,,2.14,27.11,,,3.00,,,,,,,,17.79,,,,,,,,,,21.27
1562821814000,,,,,,,,1.11,,,,,,,,,,,,30.57,,,,,,,,,,7.03,,,,,,,,,10.15,3.69,,,,,,,,,,,22.32,14.90,,,37.56,,,24.78,,,,,2.97,,,,,,,,,,6.57
1562889775000,,,31.02,,,,,,0.12,,,,,,,,,,,20.05,,,,,,,,,,1.92,,,,,,,,,,4.45,,,18.08,,,,,,,,,2.40,,,26.15,,,13.08,,,,,10.85,,,,,,,,,,15.19
1562957966000,,,,,,,,,,,,,,,,,,,,5.00,,,,,,,,,,,,,,,,,,,,0.25,,,5.11,,,,,,,,5.28,38.42,,,,,,,,,,,4.93,,,,,,,,,,10.20
1563025451000,,,,,,,,,,,,,,,,,,,,4.76,,,,,,,,,,1.42,,,,,,,,,,,,,3.93,,,,,,,,3.49,10.89,,,,,,,,,,,,,,,,,,,,,0.00
1563091362000,,,,,,,,,0.34,,,,,,,,,,,14.02,,,,,,,,,,,,,,,,,,,,0.96,,,7.04,,,,,,,,4.54,25.17,,,3.52,,,,,,,,1.03,,,,,,,,,,0.97
1563158482000,,,68.49,,,,,,0.23,,,,,,,,,,,17.04,,,,,,,,,,15.02,,,,,,,,,,16.77,,,57.19,,,,,,,,19.80,58.48,,,108.99,,,25.71,,,,,2.76,,,,,,,,,,14.71
1563226501000,,,,,,,,,0.90,,,,,,,,,,,,,,,,,,,,,1.36,,,,,,,,,,5.62,,,3.80,,,,,,,,4.76,36.59,,,,,,,,,,,3.38,,,,,,,,,,4.20
1563295219000,,,19.29,,,,,,0.92,,,,,,,,,,,42.02,,,,,,,,,,,,,,,,,,,,30.26,,,3.03,,,,,,,,,15.62,,,5.01,,,,,,,,1.10,,,,,,,,,,2.35
1563362708000,,,,,,,,,6.29,88.31,,,83.95,,,,,,,47.89,,,,,,,,,,24.70,,,,,,,,,,11.73,,,24.77,,,,,,,,3.51,7.98,,,121.67,,,7.04,,,,,114.06,,,,,,,,,,53.26
1563430869000,,,0.85,,,,,1.01,1.45,64.82,,,64.00,,,,,,,12.02,,,,,,,,,,6.28,,,,,,,,,,2.81,0.60,,13.81,,,,,,,,18.39,72.08,,,3.01,,,,,,,,4.02,,,,,,,,,,27.53
1563496525000,,,,,,,,1.04,1.21,,,,,,,,,,,3.01,,,,,,,,,,,,,,,,,,,,19.95,,,,,,,,,2.31,,8.78,37.01,,,7.50,,,,,,,,38.61,,,,,,,,,,1.79
1563564858000,,,0.61,,,,,,,,,,,,,,,,,,,,,,,,,,,1.39,,,,,,,,,,0.40,,,,,,,,,,,1.04,8.98,,,,,,6.42,,,,,,,,,,,,,,,9.88
1563631313000,,,,,,,,0.97,4.29,,,,,,,,,,,8.01,,,,,,,,,,,,,,,,,,,,,,,1.61,,,,,,,,3.98,24.44,,,,,,,,,,,5.07,,,,,,,,,,10.32
1563698150000,,,,,,,,0.97,,,,,,,,,,,,5.00,,,,0.11,,,,,,,,,,,,,,,,,,,5.02,,,,,,,,,19.32,,,,,,,,,,,8.50,,,,,,,,,,5.23
1563765551000,,,,,,,,2.87,,44.00,,,,,,,,,,2.00,,,,,,,,,,,,,12.71,,,141.12,,,,,,,6.17,,,,,,,,,32.62,,,109.00,,,,,,,,6.89,,,,,,,,,,5.13
1563832155000,,,,,,,,1.00,4.58,,,,,,,,,,,2.01,,,,,,,0.50,,,5.00,,,,,,,,,,10.53,1.26,,5.50,,,,,,,,1.70,13.11,,,,,,,,,,,2.88,,,,,,,,,,2.04
1563899459000,,,,,,,,1.99,30.76,100.78,,,175.07,,,,,,,1.96,,,,,,,,,,5.00,,,,,,,,,,1.02,,,31.82,,,,,,,,,62.60,,,9.50,,,5.28,,,,,17.14,,,,,,,,,,25.43
1563966329000,,,,,,,,1.99,19.90,,,,,,,,,,,2.01,,,,,,,,,,,,,,,,,,,,5.37,,,5.60,,,,,,,,,25.33,,,32.65,,,15.22,,,,,1.28,,,,,,,,,,2.79
1564033316000,,,,,,,,3.79,1.63,,,,,,,,,,,23.06,,,,,,,,,,,,,,,,,,,,4.63,,,9.05,,,,,,,,6.89,24.07,,,,,,14.81,,,,,22.20,,,,,,,,,,10.71
1564101403000,,,,,,,,,,,,,,,,,,,,,,,,,,,,,,,,,,,,,,,,12.84,,,,,,,,,,,,,,,,,,,,,,,3.77,,,,,,,,,,2.61
1564168317000,,,,,,,,1.89,,,,,,,,,,,,2.01,,,,,,,,,,3.41,,,,,,,,,,1.14,,,,,,,,,,,,4.69,,,,,,,,,,,0.48,,,,,,,,,,5.67
1564235604000,,,,,,,,,0.09,,,,,,,,,,,,,,,,,,,,,,,,,,,,,,,5.56,,,3.50,,,,,,,,,6.46,,,13.50,,,,,,,,2.26,,,,,,,,,,8.47
1564302116000,,,,,,,,,5.07,,,,,,,,,,,2.01,,,,,,,,,,,,,1.00,,,,,,,6.74,,,2.32,,,,,,0.24,,,2.85,,,4.52,,,,,,,,0.51,,,,,,,,,,3.23
1564369151000,,,,,,,,,0.07,,,,,,,,,,,6.00,,,,,,,6.24,,,,,,,,,,,,,0.64,,,1.62,,,,,,,,,19.33,,,8.05,20.42,,,,,,,3.78,,,,,,,,,,31.88
1564436686000,,,,,,1.25,,,,,,,,,,,,,,,,,,,,,,,,,,,,,,,,,,0.26,,,,,,,,,,,3.20,4.02,,,,,,,,,,,4.33,,,,,,,,,,1.73
1564503925000,,,,,,,,,,,,,,,,,,,,,,,,,,,,,,,,,,,,,,,,1.05,,,4.70,,,,,,,,,5.58,,,,,,,,,,,0.18,,,,,,,,,,0.97
1564570789000,,,,,,,,,,,,,,,,,,,,,,,,,,,,,,,,,,,,,,,,,,,,,,,,,,,,4.92,,,,,,,,,,,0.17,,,,,,,,,,4.22
1564637313000,,,3.44,,,,,,,,,,,,,,,,,,,,,,,,,,,,,,,,,,,,,,,,,,,,,,,,9.71,35.29,,,,8.87,,6.67,,,,,4.58,,,,,,,,,,19.64
1564705696000,,,,,,1.14,,,2.42,,,,,,,,,,,6.00,,,,,,,,,,6.42,,,,,,,,,,,,,,,,,,,,,25.99,3.18,,,12.00,6.83,,,,,,,0.48,,,,,,,,,,4.50
1564772699000,,,,,,,,1.05,1.00,25.23,,,,,,,,,,2.00,,,,,,,,,,,,,18.00,,,,,,,,,,18.56,,,,,,,,,10.65,,,,,,9.06,,,,,42.90,,,,,,,,,,7.68
1564839134000,,,,,,,,,0.58,,,,,,,,,,,,,,,,,,,,,1.38,,,,,,,,,,0.81,,,3.50,,,,,,,,5.41,0.33,,,,,,,,,,,,,,,,,,,,,5.43
1564905518000,,,,,,,,,0.45,,,,,,,,,,,,,,,,,,,,,,,,0.10,,,,,,,,4.56,,,,,,,,,,,3.56,,,,,,,,,,,5.71,,,,,,,,,,3.42
1564972688000,,,0.02,,,,,,0.03,,,,,,,,,,,5.00,,,,,,,,,,,,,,,,,,,,,,,,,,,,,,,9.62,31.76,,,7.00,12.34,,,,,,,6.94,,,,,,,,,,5.21
1565039690000,,,41.29,,,,,,0.98,3.01,,,,1.40,,,,,,4.00,,,,,,,,,,,,,6.00,,,,,,,19.41,,,22.07,,,,,,,,36.54,78.90,,,27.13,32.28,,17.53,,,,,7.06,,,,,,,,,,10.44
1565106699000,,,37.53,,,,,,,,,,,,,,,,,,,,,,,,0.17,,,6.11,,,,,,,,,,,,,18.10,,,,,,0.78,,10.87,48.01,,,10.06,19.27,,5.62,,,,,8.42,,,,,,,,,,9.21
1565173880000,,,,,,,,4.72,1.27,,,,,,,,,,,2.00,,,,,,,,,,,,,,,,,,,,,,,12.70,,,,,,,,,18.98,,,4.52,,,,,,,,3.91,,,,,,,,,,3.43
1565241308000,,,3.14,,,,,1.72,,,,,,5.00,,,,,,,,,,,,,,,,,,,,,,,,,,10.60,,,16.07,,,,,,,,,32.27,,,17.00,3.45,,6.54,,,,,11.14,,,,,,,,,,11.35
1565308246000,,,3.71,,,,,1.16,,,,,,,,,,,,4.00,,,,,,,,,,,,,20.00,,,,,,,2.05,,,13.48,,,,,,,,,24.82,,,,,,,,,,,0.79,,,,,,,,,,5.53
1565375748000,,,19.33,,,,,1.25,,6.75,,,,,,,,,,,,,,,,,,,,,,,,,,,,,,,,,4.20,,,,,,,,,49.79,,,5.00,5.49,,,,,,,,,,,,,,,11.12,,11.08
1565441736000,,,0.39,,,,,,,,,,,,,,,,,3.01,,,,,,,,,,,,,,,,,,,,,,,4.02,,,,,,,,4.14,9.66,,,,,,,,,,,6.22,,,,,,,,,,29.79
1565509207000,,,,,,,,5.60,0.28,6.79,,,,,,,,,,6.02,,,,,,,,,,,,,,,,,,,,1.16,,,3.33,,,,,,,,13.91,51.81,,,12.05,29.29,,7.94,,,,,0.14,,,,,,,,,,17.81
1565576260000,,,,,,0.55,,1.57,2.40,4.52,,,,,,,,,,1.96,,,,10.81,,,,,,,,,,,,,,,,,,,4.50,,,,,,,,29.25,87.75,,,10.04,40.30,,5.56,,,,,,,,,,,,,,,26.59
1565643196000,,,,,,,,1.18,,,,,,,,,,,,,,,,,,,0.00,,,,,,,,,,,,,9.40,,,,,,,,,,,,,,,,,,,,,,,12.49,,,,,,,,,,13.71
1565710691000,,,,,,,,,3.81,,,,,,,,,,,,,,,0.21,,,,,,,,,,,,,,,,0.10,,,5.02,,,,,,,,3.65,18.27,,,,,,,,,,,0.46,,,,,,,,,,0.24
1565776959000,,,,,,,,9.28,1.11,,,,,,,,,,,8.02,,,,,,,,,,,,,,,,,,,,,,,1.61,,,,,,,,23.03,65.00,,,11.55,32.84,,,,,,,0.28,,,,,,,,,,2.62
1565843533000,,,,,,,,,0.11,1.52,,,,,,,,,,4.00,,,,,,,,,,8.87,,,,,,,,,,4.92,0.08,,27.07,,,,,,,,36.33,56.21,,,238.02,179.64,,9.50,,,,,5.20,,,,,,,,5.42,,22.57
1565911450000,,,,,,0.76,,,,,,,,,,,,,,7.00,,,,,,,,,,3.32,,,,,6.40,,,,,0.55,0.54,,12.35,,,,,,,,30.32,15.70,,,,,,,,,,,4.70,,,,,,,,5.48,,18.05
1565978340000,,,,,,13.49,,10.38,,,745.00,,,,,,,,,18.02,,,,,,7.96,,,,5.02,,,,,,,,,,1.53,,,30.31,,,,,,,,17.66,41.12,,,332.65,352.93,,46.93,,,,,8.73,,,,,,,,,,17.47
1566044959000,,,,,,0.00,,,,,,,,,,,,,,,,,,,,,,,,,,,,,,,,,,1.53,,,3.02,,,,,,,,3.80,3.50,,,,,,,,,,,4.73,,,,,,,,5.61,,
1566113085000,,,0.11,,,,,3.00,0.91,11.25,,,,,,,,,,,,,,,,4.77,3.53,,,,,,,,,,,,,,,,20.36,,,,,,,,19.65,43.43,,,8.53,9.95,,,,,,,0.17,,,,,,,,,,46.48
1566179461000,,,,,,,,3.88,,,,,,7.41,,,,,,12.04,,,,,,,,,,1.47,,,,,,,,,,,,,1.92,,,,,,,,43.37,51.14,,,,,,,,,,,0.39,,,,,,,,,,12.33
1566246801000,,,,,,,,,,,,,,,,,,,,,,,,,,,,,,,,,,,,,,,,,,,4.80,,,,,,,,2.92,13.54,,,,,,,,,,,2.05,,,,,,,,,,4.17
1566314677000,,,,,,,,,,,,,,,,,,,,6.01,,,,,,,,,,,,,,,,,,,,,,,2.32,,,,,,14.59,,,6.51,,,5.00,,,,,,,,3.26,,,,,,,,,,6.78
1566381517000,,,16.40,,,,,,,,,,,,,,,,,,,,,,,,,,,1.13,,,,,,,,,,,,,8.45,,,,,,0.27,,22.88,25.20,,,4.52,,,,,,,,,7.15,,,,,,,,,19.15
1566448943000,,,,,,1.30,,1.95,,7.04,,,,,,,,,,4.01,,,,,,,0.38,,,,,,,,,,,,,,,,10.90,,,,,,,,5.30,8.99,,,,,,,,,,,3.06,,,,,,,,,,10.31
1566516026000,,,,,,,,1.93,2.96,,,,,,,,,,,10.03,,,,,,,5.56,,,,,,,,,,,,,,,,13.74,,,,,,,,,19.93,,,4.02,,,,,,,,8.15,,,,,,,,,,0.52
1566583035000,,,,,,,,,0.62,,,,,,,,,,,2.00,,,,,,,,,,,,,,,,,,,,2.13,,,6.20,,,,,,,,,3.29,,,,,,,,,,,2.06,,,,,,,,,,0.06
1566649948000,,,,,,,,,,,,,,,,,,,,,,,,,,,,,,,,,,,,,,,,,,,5.95,,,,,,,,,12.70,,,5.53,,,,,,,,6.73,,,,,,,,,,1.16
1566717936000,,,,,,,,,,,,,,,,,,,,,,,,,,,,,,,,,,,,,,,,0.59,,,,,,,,,5.45,,,0.42,,,,,,,,,,,1.00,,,,,,,,,,0.18
1566784085000,,,,,,,,1.78,0.50,2.52,,,,,,,,,,,,,,,,,,,,,,,,,,,,,,2.54,,,9.90,,,,,,,,25.56,29.22,,,14.00,,,11.81,,,,,,,,,,,,,,,4.97
1566851133000,,,2.99,,,,,,,,,,,,,,,,,,,,,,,,,,,,,,,,,,,,,10.06,,,10.85,,,,,,,,4.80,,,,,,,,,,,,13.78,,,,,,,,,,7.84
1566920101000,,,,,,,,,,,,,,,,,,,,,,,,,,,1.53,,,2.18,,,,,,,,,,1.39,,,3.73,,,,,,6.30,,13.42,12.50,,,3.51,,,,,,,,2.78,,,,,,,,,,0.40
1566986635000,,,,,,,,,,,,,,,,,,,,,,,,,,,,,,,,,,,,,,,,,,,,,,,,,9.58,,,,,,,,,,,,,,5.48,,,,,,,,,,0.79
1567054177000,,,,,,,,,3.11,25.28,,,,,,,,,,1.00,,,,,,,0.78,,,,,,,,,,,,,2.79,,,25.57,,,,,,,,56.11,56.43,,,83.51,,,10.25,,,,,24.03,,,,,,,,11.22,,17.23
1567120257000,,,,,,,,,1.90,,,,,,,,,,,1.00,,,,0.62,,,,,,1.84,,,,,,,,,,,,,18.26,,,,,,2.45,,13.11,11.61,,,9.75,,,,,,,,0.30,10.03,,,,,,,,,26.70
1567187642000,,,,,,,,,,,,,,,,,,,,,,,,,,,,,,,,,,,,,,,,0.43,,,,,,,,,0.31,,2.44,21.90,,,,,,,,,,,0.56,10.11,,,,,,,,,19.58
1567255013000,,,,,,,,,,,,,,,,,,,,,,,,,,,,,,,,,,,,,,,,,,,,,,,,,,,,7.04,,,,,,,,,,,,,,,,,,,,,0.66
1567321929000,,,,,,,,,,,,,,,,,,,,,,,,,,,,,,,,,,,,,,,,,1.00,,7.16,,,,,,,,7.68,17.57,,,7.52,,,,,,,,,,,,,,,,,,0.39
1567389294000,,,,,,,,,0.44,,,,,,,,,,,,,,,,,,,,,,,,,,,,,,,,,,8.10,,,,,,,,1.73,15.24,,,,,,,,,,,0.30,,,,,,,,,,
1567457291000,,,,,,,,,,,,,,,,,,,,0.33,,,,,,,,,,,,,,,,,,,,,,,,,,,,,,,,12.54,,,,,,,,,,,7.55,,,,,,,,,,3.63
1567524520000,,,2.69,,,,,,,15.37,,,,,,,,,,,,,,,,,,,,3.48,,,,,,,,,,0.45,,,22.96,,,,,,,,1.49,36.98,,,29.52,,,18.81,,,,,38.62,,,,,,,,,,17.22
1567591445000,,,8.81,,,,,,4.44,,,,,,,,,,,,,,,,,,,,,,,,,,,,,,,,,,,,,,,,,,1.04,2.44,,,,,,,,,,,2.82,,,,,,,,,,4.73
1567658685000,,,,,,,,,0.49,,,,,,,,,,,0.88,,,,,,,,,,,,,,,,,,,,1.68,,,12.70,,,,,,,,,9.28,,,3.50,,,,,,,,6.94,,,,,,,,12.04,,4.37
1567726271000,,,2.99,,,,,,0.09,4.03,,,,,,,,,,,,,,,,,3.92,,,,,,,,,,,,,1.50,2.08,,19.71,,,,,,,,4.26,2.76,,,5.50,,,,,,,,1.31,,,,,,,,6.12,,15.10
1567794373000,,,32.64,,,,,,1.57,,,,,,,,,,,0.61,,,,,,,1.26,,,,1.00,,,,,,,,,,0.59,,,,,,,,0.30,,,35.64,,,28.11,,,5.44,,,,,19.94,,,,,,,,,,14.42
1567860872000,,,,,,,,,,,,,,,,,,,,2.01,,,,,,,6.62,,,,,,,,,,,,,,,,,,,,,,0.59,,,21.28,,,,,,,,,,,0.48,,,,,,,,,,4.27
1567928417000,,,,,,0.06,,,,,,,,,,,,,,5.02,,,,,,,,,,6.47,,,,,,,,,,,,,23.97,,,,,,0.04,,9.13,60.24,,,100.62,,,54.25,,,,,1.77,,,,,,,,,,13.69
1567996252000,,,18.61,,,,,,0.09,4.00,,,,,,,,,,1.15,,,,,,,11.88,,,3.07,22.80,,,,,,,,,,,,10.20,,,,,,,,12.32,5.05,,,14.00,,,,,,,,0.37,,,,,,,,,,1.27
1568063465000,,,,,,,,,,,,,,,,,,,,,,,,,,,,,,1.29,,,,,,,,,,,,,4.44,,,,,,0.06,,,7.96,,,5.77,,,,,,,,,,,,,,,,,,4.07
1568130759000,,,,,,0.81,,,0.10,,,,,,,,,,,,,,,,,,0.74,,,,,,,,,,,,,,,,4.70,,,,,,,,,4.53,,,4.02,,,,,,,,,,,,,,,,,,2.02
1568198340000,,,,,,,,,3.33,,,,,,,,,,,,,,,,,,,,,,,,,,,,,,,0.01,,,4.84,,,,,,,,,16.76,,,,,,,,,,,4.96,,,,,,,,,,1.65
1568266003000,,,,,,,,,,,,,,,,,,,,9.00,,,,,,,,,,,14.19,,,,,,,,,1.18,,,14.60,,,,,,,,,,,,,,,,,,,,2.23,,,,,,,,,,9.02
1568332434000,0.31,,,,,,,,0.64,,,,,,,,,,,,,,,,,,,,,,,,,,,,,,,,,,,,,,,,,,,15.71,,,,,,,,,,,0.30,,,,,,,,,,0.31
1568400865000,0.35,,,,,,,,,,,,,,,,,,,,,,,,,,,,,,,,,,,,,,,,,,,,,,,,,,,,,,,,,,,,,,1.58,,,,,,,,,,1.78
1568467502000,,,,,,,,,,,,,,,,,,,,,,,,,,,1.36,,,,11.37,,,,,,,,,,,,5.13,,,,,,,,3.86,,,,,,,,,,,,0.59,,,,,,,,,,0.06
1568535532000,,,,,,,,,1.06,,,,,,,,,,,15.05,,,,,,,,,,,,,,,,,,,,0.30,,,18.48,,,,,,,,5.07,15.70,,,4.02,,,,,,,,0.49,,,,,,,,,,5.22
1568603177000,,,,,,,,,,,,,,,,,,,,,,,,,,,2.02,,,,,,,,,,,,,,,,6.85,,,,,,,,6.03,8.97,,,13.57,,,,,,,,2.59,,,,,,,,,,1.74
1568669970000,0.28,,,,,,,,,13.61,,,,,,,,,,10.03,,,,,,,,,,1.26,,,,,,,,,,0.81,,,27.18,,,,,,,,,13.62,,,14.06,,,5.53,,,,,29.75,,,,,,,,,,6.04
1568737700000,,,,,,,,,0.09,,,,,,,,,,,6.02,,,,,,,,,,34.69,,,,,,,,,,,,,10.40,,,,,,,,,8.41,,,52.31,,,34.14,,,0.23,,20.26,,,,,,,,,,4.22
1568803850000,,,,,,,,,4.75,68.16,,,,,,,,,,12.04,,,,,,,,,,27.96,68.00,,,,,,,,,,,,12.13,,,,,16.56,,,13.29,58.27,,,50.15,,,36.59,,,,,14.65,,,,,,,,,,3.69
1568871705000,,,,,,,,,,2.52,,,,,,,,,,7.02,,,,,,,,,,1.02,,,,,,,,,,6.96,,,52.32,,,,,,,,3.95,5.27,,,5.50,,,5.53,,,,,0.72,,,,,,,,,,7.31
1568939678000,,,,,,,,,0.67,,,,,,,,,,,6.02,,,,1.52,,,,,,10.88,,,,,,,,,,,,,55.70,,,,,,,,2.55,57.22,,,101.53,,,14.00,,,,,2.94,,,,,,,,,,19.53
1569006694000,,,,,,0.30,,,,,,,,,,,,,,,,,,0.01,,,,,,5.49,,,,,,,,,,2.93,,,37.25,,,,,15.83,,,,17.10,,,,,,,,,,,3.62,,,,,,,,,,5.48
1569074199000,,,,,,,,,,,,,,,,,,,,,,,,,,,,,,,,,,,,,,,,0.86,,,20.70,,,,,,0.08,,,3.88,,,,,,,,,,,0.72,,,13.80,,,,,,,0.80
1569142150000,,,,,,,,,0.54,,,,,,,,,,,,,,,,,,,,,4.83,,,,,,,,0.00,,0.84,,,7.80,,,,,,,,,1.73,,,,,,5.50,,,,,2.99,,,10.67,,,,,,,3.28
1569209597000,,,,,,,,,,,,,,,,,,,,,,,,,,,,,,,,,,,,,,,,3.01,,,4.30,,,,,,,,3.68,4.78,,,,,,,,,,,1.42,,,26.98,,,,,,,3.44
1569276280000,,,,,,,,,,12.58,,,,,,,,,,,,,,,,,,,,,,,,,,,,,,,,,31.89,,,,,,,,,0.19,,,,,,15.55,,,2.98,,5.07,,,30.35,,,,,,,23.62
1569344903000,,,,12.04,,,,,1.29,,,,,,,,,,,0.84,,,,,,,,,,,,,,,,,,,,,,,25.55,,,,,,32.91,,13.31,14.18,,,,,,7.27,,,,,10.94,,,24.02,,,,,,,8.59
1569412741000,,,,19.71,,,,,5.99,7.03,,,,,,,,,,12.04,,,,,,0.50,,,,20.70,,,,,,,,,,24.57,,,221.47,,,,,,25.56,,,71.43,,,38.72,,,14.00,,,0.61,,73.49,,,68.27,,,,,,,24.33
1569480328000,,,,,,,,,,4.27,,,,,,,,,,,,,,,,,,,,7.56,,,,,,,,,,0.69,,,17.98,,,,,,,,3.36,,,,,,,,,,12.54,,39.89,,,18.01,,,,,,,41.36
1569548219000,,,,3.65,,0.43,,,0.49,15.16,,,,,,,,,,11.03,,,,,,,,,,6.79,,,,,,,0.11,,,0.79,,,40.87,,,,,,,,,13.43,,,17.12,,,3.55,,,,,50.02,,,,,,,,,,11.50
1569615424000,,,,8.02,,,,,23.86,60.51,,,,10.00,,,,,,13.04,,,,,,,,,,,,,,,,,,,,3.19,,,40.87,,,,,,,14.74,,,,,,,,,,,0.16,,72.78,,,0.78,,,,,,,33.84
1569683184000,,,,28.01,,,,,,5.03,,,,,,,,,,0.90,,,,,,,,,,,,,,,,,1.42,,,24.86,,,52.40,,,,,,,,,9.37,,,8.04,,,,,,,,41.66,,,22.15,,,,,,,27.78
1569751196000,,,,,,,,,0.01,32.85,,,,,,,,5.65,,,,,,,,2.21,,,,2.55,,,,,,,2.55,,,13.89,,,37.00,,,,,,0.57,,6.78,,,,30.17,,,,,,2.14,,65.52,,,20.64,,,,,,,44.14
1569817983000,,,,6.60,,,,,,,,,,,,,,,,5.02,,,,,,,,,,,,,,,,,,,,,,,15.53,,,,,,,,,4.82,,,,,,,,,,,8.89,,,20.93,,,,,,,4.74
1569885879000,,,0.07,39.44,,,,,0.02,,,,,,,,,,,,,,,,,1.11,,,,4.23,,,,,,,0.10,,,0.75,,48.30,22.45,,,,,,,,,7.02,,32.71,,,,,,,0.33,,4.36,,,18.07,,,,,,,4.51
1569953471000,,,,,,,,,0.49,,,,,,,,,,,,,,,,,,,,,3.71,,,,,,,0.14,,,,,,23.65,,,,,,2.02,,3.29,21.69,,,,,,,,,,,4.31,,,18.31,,,,,,,5.25
1570021093000,,,,3.14,,,,,,,,,,9.66,,,,,,,,,,,,,,,,,,,,,,,0.10,,,0.48,,,,,,,,,,,,,,,,,,,,,0.01,,2.86,,,5.77,,,,,,,4.31
1570088581000,,,26.89,,,,,,0.02,,,0.49,,,,,,,,,,,,,,,,,,,4.65,,,,,,1.02,,,,,,7.34,,,,,,,20.06,,,,,,,,,,,7.83,,5.71,,,26.18,,,,,,,2.31
1570156245000,,,0.31,,,,,,,,,0.30,,,,,,,,,,,,,,5.86,,,,,14.00,,,,,,0.50,,,13.01,,,9.80,,,,,,,,,13.13,,,,,,,,,,,5.61,,,15.89,,,,,,,4.19
1570223512000,,,0.47,,,,,,,,,,,,,,,,,,,,,,,,,,,,,,,,,,,,,,,,,,,,,,,3.04,,9.48,,,,,,,,,2.31,,5.42,,,21.46,,,,,,,4.30
1570290984000,,,,,,,,,,,,,,,,,,,,,,,,,,,,,,,,,,,,,,,,3.61,,,,,,,,,,,,,,,,,,,,,,,6.36,,,25.28,,,,,,,1.48
1570358020000,,,5.03,2.72,,,,,,,,,,,,,,,,,,,,,,,,,,,13.82,,,,,,,,,,,,5.80,,,,,,0.63,,,0.33,,,,,,,,,1.74,,5.14,,,1.51,,,,,,,1.50
1570424401000,,,,4.42,,,,,,10.09,,,,,,,,17.00,,2.01,,,,,,,,,,,,,,,,,0.49,23.24,,1.09,,,2.31,,,,,,,20.06,1.74,5.90,,,,,,,,,,,1.44,,,,,,,,,,2.88
1570492273000,,,,1.44,,,,,,10.12,,0.02,,,,,,,,2.01,,,,,,0.36,,,,1.69,,,52.77,,,,,,,,,,,,,,,,,19.44,5.38,6.82,,,7.50,,,,,,0.21,,10.99,,,44.57,,,,,,,29.05
1570560314000,,,0.03,,,,,,0.33,9.75,,,,9.76,,,,,,,,,,,,,,,,,,,,,,,,,,,,,9.70,,,,,0.29,,,,11.59,,,3.01,,,,,,0.03,,4.23,,,17.32,,,,,,,21.06
1570628456000,,,,,,,,,,,,4.21,,,,,,,,,,,,,,,,,,,,,,,,,,,,5.00,,,9.97,,,,,,,10.70,,,,,,,,,,,2.69,,,,,15.96,,,,,,,21.43
1570696365000,,,5.99,,,,,,,4.25,,0.53,,,,,,,,,,,,,,0.31,,,,6.21,4.43,,,,,,,,,0.99,,,5.22,,,,,17.58,,25.24,2.58,29.53,,,12.00,,,,,,0.53,,7.32,,,50.02,,,,,,,30.12
1570764407000,,,,,,0.38,,,0.02,,,,,,,,,,,,,,,,,1.03,,,,11.15,4.50,,,,,,,,,0.04,,,,,,,,,,,,,,,,,,,,,12.38,,0.05,,,25.08,,,,,,,0.90
1570832121000,,,1.44,0.72,,,,,0.02,10.05,,,,,,,,,,,,,,,,,,,,,,,,,,,,,,0.19,,,17.30,,,,,,,,,15.87,,,6.00,,,,,,2.13,,0.17,9.86,,27.13,,,,,,,5.02
1570900657000,,,0.74,,,,,,8.81,,,,,,,,,0.25,,,,,,,,,,,,,9.11,,,,,,,2.20,,,,,,,,,,,,,,,,,,,,,,,,,,,,18.03,,,,,,,1.05
1570967603000,,,,,,,,,,,,,,,,,,,,,,,,,,,,,,,4.61,,,,,,,,,,,,8.30,,,,,,,,,0.28,,,,,,,,,2.00,,,,,25.35,,,,,,,10.42
1571036079000,,,10.32,6.93,,,,,,,,,,,,,,,,,,,,,,,,,,,,,,,,,,,,,,,,,,,,,,,6.74,7.50,,,,,,,,,1.75,,1.25,,,2.16,,,,,,,0.20
1571103316000,,,,,,0.24,,,,,,,,,,,,,,,,,,,,,,9.71,,,,,,,,,,,,,,,7.45,,,,,,,2.11,,8.30,,,4.77,,,,,,,,,,,,,,,,,,4.64
1571171084000,,,,,,,,,,,,,,,,,,,,,3.29,,,,,,,,,,,,,,,,,,,6.00,,,7.20,,,,,,,,,1.00,,,,,,,,,0.02,,0.24,,,24.10,,,,,,,7.77
1571239896000,,,,,,,,,,,,,,,,,,,,,,,,,,,,,,1.07,,,,,,,,,,,,,,,,,,,,,,2.90,,,,,,,,,0.01,,1.49,,,12.62,,,,,,,1.01
1571307873000,,,,,,,,,0.23,,,,,,,,,,,,,,,,,,,,,,4.58,,,,,,,,,,,,,,,,,,,,,,,,,,,,,,7.08,,,,,2.27,,,,,,,0.69
1571376291000,,,,,,,,,0.56,,,,,,,,,,,,,,,,,,,,,,4.56,,,,,,,,,,,,,,,,,,,,,,,,,,,,,,0.20,,,,,2.17,,,,,,,0.21
1571444011000,,,,,,,,,,,,,,,,,,,,,,,,,,,,,,1.58,,,,,,,,,,0.23,,,14.32,,,,,,,,,,,,,,,,,,,,3.91,,,19.82,,,,,,,2.55
1571512073000,,,,,,,,,,,,,,,,,,,,,,,,,,,,,,,,,,,,,,,,,,,,,,,,,,,,,,,,,,,,,,,,,,21.99,,,,,,,0.15
1571579975000,,,,,,,,,,,,,,,,,,,,,,,,,,,,,,,,,,,,,,,,,,,,,,,,,,,0.81,,,,,,,,,,0.34,,1.17,,,4.47,,,,,,,6.07
1571648150000,,,,,,,,,,,,,,,,,,,,2.00,,,,,,,,,,,4.69,,,,,,,,,,,,,,,,,,,,2.82,1.63,,,4.00,,,,,,,,0.69,,,9.35,,,,,,,6.67
1571716619000,,,,,,,,,,,,,,,,,,,,,,,,,,,,,,,,,,,,,,,,2.21,,,4.40,,,,,,0.59,,,3.05,,,,,,,,,0.00,,0.02,,,16.52,,,,,,,2.35
1571783991000,,,,,,,,,2.08,,,,,,,,,,,,6.30,,,,,,,,,,,,,,,,,,,,,,2.75,,,,,,,,,,,,2.50,,,,,,,,2.93,,,15.69,,,,,,,7.41
1571851268000,,,,,,4.27,,,3.61,11.57,,14.13,,,4.59,,,,,,,,,,,,,,,,,,,,,,,,,0.75,,,62.68,,,,,,0.60,,7.68,9.03,,,39.60,,,5.50,,,0.93,,45.28,,,55.33,,,,,,,11.89
1571920923000,,,,,,,,,1.82,3.51,,0.21,,,,,,,,,,,,,,,,,,2.28,,,,,,,0.36,,,,,,,,,,,,1.99,1.61,1.87,9.08,,,3.01,,,,,,3.33,,0.75,,,0.79,,,,,,,13.06
1571990353000,,,,,,,,,,,,,,,,,,,,,,,,,,,,,,,,,,,,,0.17,,,2.13,,,8.94,,,,,,,,,,,,,,,,,,0.92,,,,,3.92,,3.28,,,,,23.72
1572060724000,,,,,,,13.32,,0.74,77.54,,0.24,,,31.14,,,,,2.00,24.88,,,,,1.67,,0.45,,31.12,,,,,,,6.27,,,28.25,,,83.15,,,,,,0.01,123.01,11.17,33.38,,,48.41,,,7.50,,,8.52,,29.64,,,39.90,,,,,,,31.24
1572129485000,,,,,,4.84,,,5.43,0.50,,0.33,,,,,,,,,,,,1.52,,1.52,,,,5.81,,,,,,,1.81,,,0.39,2.56,,22.48,,,,,,,,,7.40,10.00,,3.50,,,,,,1.31,,7.27,,,95.59,,,,,,,27.91
1572198558000,,,,,,,,,,,,1.00,,,,,,,,,,,,,,,,,,4.43,,,,,,,0.09,,,6.30,2.58,,5.16,,,,,,,,2.28,2.25,13.00,,,,,,,,1.56,,0.69,,,35.22,,,,,,,2.61
1572267917000,,,,,,,,,,,,4.19,,,,,,,,2.01,,,,,,,,7.88,,,10.37,,,,,,0.02,,,3.88,,,15.23,,,,,,,,,9.33,,,4.00,,,,,,0.03,,3.01,,,48.30,,,,,,,3.81
1572337649000,,,,,,,,,0.66,,,,,,,,,,,,,,,,,1.63,,,,,,,,,,,0.05,,,0.66,3.04,,7.92,,,,,,,,2.66,10.14,,,3.01,,,,,,6.62,,0.30,,,20.15,,,,,,,4.99
1572406531000,,,,,,,,,,,,0.03,,,,,,,,5.02,,,,,,,,,,5.25,,,,,,,,,,,,,26.14,,,,,,,2.03,18.33,3.73,,,,,,5.59,,,0.39,,1.43,,,9.77,,,,,,,32.97
1572476793000,,,,,,,,,,,,,,,,,,,,,,,,,,,,,,,,,,,,,0.20,,,3.01,,,,,,,,,,,,,,,5.50,,,,,,,,11.42,,,21.61,,,,,,,4.07
1572546064000,,,,,,,,,8.13,10.07,,,,,12.25,,,,,,,,,,,,,,,,,,,,,,,0.05,,,,,5.43,,,,,,,,2.66,5.80,,,,,,,,,0.20,,18.81,,,18.85,,,,,,,6.24
1572615810000,,,13.01,,,,,,,,,1.05,,,,,,,,,,,,0.12,,,,,,3.21,,,,,,,,,,,1.52,,9.12,,,,,,,,,2.15,,,,,,,,,0.13,,,,,4.94,,,,,,,5.13
1572684939000,,,,,,,,,,,,,,,,,,,,5.02,,,,,,,,,,,,,,,,,,,,,,,5.71,,,,,,,,,17.13,,,2.50,,,,,,,,,,,,,4.65,,,,,1.13
1572754262000,,,,,,,,,,,,,,,,,,,,,,,,,,,,,,,,,,,,,0.16,,,,,,4.86,,,,,,,,2.52,8.35,,,,,,,,,0.17,,0.25,,,6.17,,,,,,,1.46
1572822749000,2.01,,,,,,,,0.16,,,,,,4.78,,,,,,,,,,,,,,,,,,,,,,,,,,,,24.75,,,,,,,1.88,8.37,4.31,,65.58,6.50,,,,,,0.11,,,,,11.67,,20.25,,,,,0.32
1572893104000,,,,,,,,,,,,5.19,,,,,,,,,,,,,,,,,,,,,,,,,0.04,,,,,,,,,,,,,,4.77,4.09,,33.22,17.50,,,,,,1.87,,0.94,,,,,6.18,,,,,9.26
1572962724000,,,,,,,,,0.97,,,2.84,,,,,,,,4.01,,,,,,,,,,,,,,,,,0.02,,,,,,4.83,,,,,,,3.84,,16.02,,,,,,,,,,,,,,,,,,,,,2.41
1573031855000,,,,,,,,,0.21,,,,,,,,,,,10.03,,,,,,0.94,,,,,,,,,,,,,,,,,7.83,,,,,,,9.06,,16.25,,,,,,,,,3.69,,4.02,,,0.19,,,,,,,1.63
1573101222000,,,,,,,,,,4.27,,,,,,,,,,,,,,,,,,,,3.05,,,,,,,0.06,,,5.21,,,,,,,,,,,,12.47,,,,,,,,,,,14.31,,,,,,,,,,8.86
1573171451000,,,,,,,,,5.71,2.51,,,,,,,,,,,,,,0.47,,,,,,,,,,,,,,,,,7.46,,2.88,,,,,,,,,0.37,,,,,,,,,,,2.70,,,16.91,,6.52,,,,,9.45
1573240765000,,,,,,,,,6.13,,,11.38,,,,,,,,,,,,0.01,,,,,,,,,,,,,3.59,,,,1.05,,,,,,,,1.39,4.19,,17.23,,,24.33,,,,,,0.20,,41.18,,,5.24,,,,,,,12.07
1573311556000,,,0.07,,,,,,1.35,,,,,,,,,,,5.02,,,,,,,,0.10,,,,,,,,,1.72,,,1.14,3.75,,2.87,,,,,,,1.02,,2.80,,,,,,,,,,,10.80,,,,,,,,,,1.04
1573382543000,,,,,,,,,7.50,,,6.07,,,,,,,,,,,,,,,,,,,,,,,,,3.27,,,,0.48,,,,,,,,,10.41,,13.61,,,,,,,,,,,21.81,,,,,,,,,,12.22
1573455245000,,,,,,,,,,20.34,,,,,,32.59,,,,,0.27,,,,,,,9.33,,9.34,,,,,,,3.31,,,0.38,,,8.97,,,,,,,1.37,,17.20,4.73,,22.00,,,,,,3.82,,27.69,,,32.86,,,,,,,0.88
1573527153000,,,,,,,,,0.05,,,,,,,,,,,,,,,,,,,,,,,,,,,,,,,0.98,,,,,,,,,0.34,,,8.26,,,,,,,,,2.09,,1.50,,,2.33,,,,,,,6.34
1573598526000,,,0.01,,,,,,0.64,,,,,,,,,,,5.02,0.53,,,,,,,,,1.33,,,,,,,0.09,,,6.60,2.58,,,,,,,,,,,7.29,,,,,,,,,2.12,,2.17,,,,,,,,,,2.76
1573670409000,,,,,,,,,6.24,,,13.90,,,,,,,,,,,,0.01,,,,,,,,,,,,,,,,0.70,,,,,,,,,,,,6.20,,,20.00,,,,,,0.32,,0.15,,,,,4.65,,,,,27.68
1573742983000,,,,,,,,,,,,,,,,,,,,,,,,,,,,,,,,,,,,,0.04,,,,,,,,,,,,,4.68,,2.12,,,,,,,,,5.48,,0.09,,,,,,,,,,5.22
1573814675000,,,,,,,,,5.47,,,0.48,,,,,,,,,,,,,,,,,,,,,,,,,0.14,,,,0.69,,,,,,,,,,,,,,,,,,,,3.03,,0.55,,,19.02,,,,,,,3.76
1573886613000,,,0.30,,,,,,,,,,,,,,,,,,,,,0.07,,2.83,,,,,,,,1.60,,,,,,,,,,,,,,,,,,0.30,,,,,,,4.27,,7.01,,0.56,,,29.96,,,,,,,0.02
1573958177000,,,,,,,,,,,,,,,,,,,,,,,,,,,,,,,,,,5.02,,,0.45,,,,,,3.27,,,,,,,,,3.67,,,,,,4.90,,,0.03,,6.41,,,,,,,,,,0.49
1574030120000,,,,,,,,,,,,,,,,,,,,,,,,,,,,,,,,,,,,,1.36,25.31,,,,,32.91,,,,,,0.00,,,5.52,,,3.50,,,,0.50,,1.31,,3.19,,,,,,,,,,4.30
1574102523000,0.13,,,,,,,,5.52,,,6.96,,,,,,,,,,,,,,,,,,,,,,,,,,28.56,,,,,8.18,,,,,,,,,6.92,,,,,,,12.37,,0.18,,0.18,,,,,,,,,,6.46
1574175364000,,,,,,1.58,,,,,,1.27,,,,,,,,,,,,,,,,,,,,,,,,,,,,3.35,,,,,,,,,,,,0.03,,,,,,,,,14.96,,0.60,,,,,,,,,,4.77
1574248216000,0.28,,,,,9.85,,,0.12,,,,,,,,,,,,1.03,,,,,0.48,,,,,,,,7.13,,,0.80,,,1.40,,,,,,,,,,,,11.71,,,,,,,,,2.20,,2.07,,,4.39,,,,,,,21.25
1574319702000,,,19.45,,1.13,,1.64,,,,,1.65,,,,,,,,,,,,,,,,0.14,,,,,,2.54,,,,,,,,,13.68,,,,,,,,,2.69,,,,,,,,,9.52,,0.36,,,4.40,,,,,,,4.03
1574390894000,,,0.02,,25.91,,13.39,,50.44,,,33.06,,,,66.52,,,,5.02,,,,,,0.56,,27.58,,1.43,,,,12.99,,,2.29,28.49,,114.11,,,164.17,,,,,,1.33,,,26.17,,,14.27,,0.39,,11.52,,45.76,,13.11,17.24,,11.80,0.38,9.74,,,,,12.79
1574463158000,22.99,,,,,,,,3.33,,,1.35,,,,,,,,,6.78,,,,,3.83,,,,,,,,4.20,,,1.20,,,27.67,,,68.40,,,,,,2.51,,,35.29,,,2.50,,0.12,,,,49.09,,39.04,,,34.95,,5.56,,,,,3.87
1574534614000,9.42,,5.99,,,,9.36,,0.60,,,,,,,,,,,,,,,,,1.27,,,,,,,,7.58,,,0.09,,,0.80,,,14.60,,,,,,,,,22.87,23.63,,0.75,,0.53,,9.00,,22.45,,0.11,,,,0.85,2.56,,,,,21.12
1574606767000,,,2.99,,,,,,2.13,,,3.38,,,,,,,,,,,,,,0.97,,11.48,,,,,,,,,0.28,,,9.13,,,5.19,,,,,,,,,10.02,,,,,,,,,13.39,,0.72,,,5.28,,,,,,,10.38
1574677937000,4.94,,0.01,,,,9.33,,2.16,,,2.09,,,,,,,,,,,,,,0.83,,11.82,54.07,5.57,,,,6.75,,,2.48,,,8.49,,,59.07,,,,,,0.61,,,8.36,,,33.03,,2.55,,,,38.93,,30.27,,,43.68,,,,,,,52.12
1574753753000,,,,,2.41,0.36,4.54,,1.29,,,7.90,,,7.89,,,,,,,,,,,,,,,16.13,7.44,,,,,,1.86,,,,,,28.99,,,,,,,,,19.40,,,,,3.40,5.70,,,9.15,,0.72,,,50.57,,,,,,,13.48
1574829912000,10.72,,,,,,,,3.41,,,,,,,,,,,,,,,,,,,0.07,,2.83,,,,,,,0.06,,,,,,4.04,,,,,,,,,8.20,,,4.02,,,,,,3.95,,0.08,,,19.08,,,,,,,6.02
1574906610000,,,,,,,,,2.68,,,,,,,,,,,0.53,,,,,,0.05,,0.26,,5.09,6.82,,,,,,0.12,,,,,,,,,,,,0.43,,,4.29,,,,,,,,,10.78,,0.06,,,43.84,0.94,,,,,,8.62
1574982967000,,,6.00,,,,,,0.57,,,6.22,,,,,,,,2.00,,,,,,0.42,,,,,,,,2.92,,,0.01,,,2.27,,,17.11,,,,,,,,,3.52,,,2.00,,1.37,,,,23.45,,,,,17.81,3.30,,,,,,4.95
1575059347000,,,,,,0.01,,,0.28,,,33.66,,,,,,,,,,,,,,0.31,,0.02,,39.78,7.42,,,,,,0.02,,,,,,,,,,,,,,,4.86,,,,,,,,,0.41,,,,,23.99,0.13,,,,,,2.07
1575136068000,,,,,31.17,,7.74,,,,,42.19,,,,,,,,,,,,,,0.50,,40.39,,74.33,,,,,,,0.04,,,,,,1.64,,,,,,,,,34.36,,,4.52,,,,,,,,9.99,,,17.69,,,,,,,9.35
1575212493000,,,,,,,,,0.67,,,22.01,,,,,,,,2.01,,,,0.50,,0.99,,,,,,,,,,,0.50,,,,,,,,,,,,,,,11.18,,,,,0.00,,7.50,,0.14,,0.67,,,17.70,,,,,,,6.83
1575288653000,,,,,,,,,0.01,,,30.44,,,,,,,,,,,,,,0.01,,,,39.00,,,,,,,0.49,,,,,,12.02,,,,,,,,,6.51,,,,,,,,,0.66,,0.09,,,11.93,,,,,,,22.20
1575366165000,,,0.22,,,,,,,,,,,,,,,,,,,,,,,,,,,,,,,,,,0.14,,,4.24,,,,,,,,,,3.50,,2.67,,,,,,,,,1.16,,0.07,,,5.57,,,,,,,0.77
1575442393000,,,,,,,,,,,,,,,,,,,,,4.95,,,,,,,,,,,,,2.65,,,0.16,,,,,,,,,,,,0.80,,,2.65,,,,,4.88,,,,2.66,,0.30,,,,,,,,,,2.99
1575519604000,5.86,,4.78,,,,113.00,,,,,142.15,,,,,,,,,,,,,,,,,,8.28,,,,,,,,,,5.25,,,5.39,,,,,,,8.89,,7.27,,,,,,,,,,5.46,8.50,,,11.87,,,,,,,10.12
1575596839000,,,,,,,,,,,,,,,,,,,,,,,,,,,,,,1.21,,,,,,,3.36,,,1.02,,,,,,,,,,6.81,,,,,,,0.00,,,,,11.31,4.09,,,,0.97,,,,,,0.24
1575673602000,,,,,,,56.53,,0.68,,,74.86,,,,,,,,4.00,,,,,,,,,,,,,,,,,,,,1.44,,,4.82,,,,,,,9.14,,,,,,,0.02,,,,,20.89,1.26,,,17.98,,,,,,,12.15
1575749392000,,,,,,,,,2.43,,,84.46,,,,,,,,,,,,,,,,,,100.00,,,,2.75,,,0.35,,,2.44,,,8.26,,,,,,,,,3.65,,,,,,,,,,15.88,0.34,,,9.33,0.65,,,,,,18.79
1575826602000,,,,,,,,,,,,0.38,,,,,,,,2.00,,,,,,,,,,6.53,,,,2.63,,,3.32,,,,,,,,,,,,,1.78,,2.44,,,,,0.24,,,,,2.05,3.36,,,8.71,,,,,,,2.71
1575903384000,,,,,,,,,,,,,,,,,,,,,,,,,,0.03,,,,,,,,,,,,,,,,,,,,,,,,,,5.88,,,,,0.03,,,,,0.48,0.01,,0.87,,,,,,,,5.24
1575979374000,,,,,,,,,0.74,,,55.25,,,,,,,,,,,,,,0.22,,,,,,,,,,,0.04,,,0.94,,,2.05,,,,,,,6.00,,0.98,,,,,7.21,,,,,23.12,,,,16.96,0.72,44.79,,,,,6.66
1576056123000,,,,,,,,,1.41,,,,,,,,,,,,,,,,,,,,,3.37,,,,,,,3.01,,,0.63,,,2.01,,,,,,,,,,,,,,,6.58,,,,8.74,0.11,,,,,,,,,,15.98
1576132843000,,,,,,,,,,,,65.05,,,,,,,,,,,,,,,,,,16.67,,,,,,,4.53,,,4.88,,,8.16,,,,,,,,,5.14,,,,,16.68,,,,,1.27,0.31,,,9.83,5.02,49.62,,,,,4.78
1576208669000,,,,,,0.20,,,11.85,,,67.84,,,,,,,,,,,,,,,,,,51.39,,,,,,,1.02,,,,,,34.07,,,,,,,,,12.84,,,,,,,,,,8.42,,,,1.48,,,,,,,6.77
1576288118000,,,,,,,,,,,,0.00,,,,,,,,,,,,,,,,,,5.14,,,,,,,0.47,,,7.05,,,,,,,,,,,,,,,,,,,,,,10.31,,,,,,,,,,,9.00
1576372313000,,,,,,1.44,,,2.33,,,114.56,,,,,,,,2.86,0.53,,,,,,,,,81.13,,,,3.44,,,2.61,,,,,,,,,,,,,,,4.57,,,,,1.63,,79.09,,,5.67,,,,,2.05,,,,,,7.30
1576456679000,,,,,,,,,,,,161.91,,,,,,,,,1.42,,,,,,,5.88,,4.73,,,,2.47,,,,,,0.07,,,,,,,,,,,,,,,,,,,,,,3.12,,,,,,143.08,,,,,9.08
1576541361000,,,3.23,,,,37.08,,,,,48.75,,,,,,,,,,,,,,0.21,,,,83.93,,,,,,,3.13,,,,,,9.29,,,,,,,,,14.42,,,38.00,,7.83,,10.05,,,10.27,,,1.21,20.24,0.65,68.31,,,,,11.83
1576627001000,,,,,,,5.83,,7.77,,,,,,,,,,,,,,,0.14,,,,,,67.67,,,,4.66,,,0.60,,,10.89,,,,,,,,,,,,15.06,,,,,0.82,5.47,16.83,,,22.95,1.09,,,23.34,,,,,,,14.73
1576713534000,,,,,,,,,,,,,,,,,,,,1.85,,,,,,,,,,54.46,,,,4.65,,,7.27,,,0.75,1.52,,16.90,,,,,,7.16,,,25.61,,,18.52,,3.07,5.71,13.52,,,21.54,5.40,,,108.26,4.85,4.31,,,,,44.78
1576799699000,,,,,,,4.12,,0.93,,,,,,,,,,,1.91,,,,,,,,,,72.89,,,,,,,9.30,,,,1.99,,6.68,,,,,,,,,11.10,,,,,,9.25,9.30,,,9.60,3.05,,6.80,7.03,8.54,,,,,,5.90
1576886273000,,,,,,,,,,,,192.57,,,,,,,,,,,,,,,,,,234.77,,,,3.35,,,,,,0.55,,,22.20,,,,,,,,,,,,,,,,,,,9.30,,,1.94,,,,,,,,5.66
1576971438000,,,,,,,,,0.39,,,153.83,,,,,,,,,,,,,,,,,,29.91,,,,,,,,,,0.45,,,,,,,,,,,,,,,,,,,,,,8.68,,,,,1.00,135.05,,,,,3.46
1577057861000,,,,,,,,,,,,0.79,,,,,,,,,0.79,,,,,,,,,32.20,,,,,,,,,,,,,,,,,,,,,,9.68,,,,,,,,,,3.46,,,13.31,17.32,2.75,4.19,,,,,6.10
1577143907000,,,,,,,,,,,,,,,,,,,,,,,,,,,,9.89,,61.53,8.48,,,5.95,,,6.13,,,18.62,,,,,,,,,,,,8.13,,,,,0.74,,,,,9.09,6.60,,3.33,2.81,,12.23,,,,,19.47
1577229621000,,,,,,,214.93,,6.01,,,178.71,,,,,,,,7.23,0.40,,,,,,,,,8.95,,,,1.85,,,,,,,,,14.88,58.58,,,,,,,,11.20,,,,,19.56,,,,,8.11,,,4.62,,0.83,,,,,,0.88
1577315631000,,,,,,,,,,,,35.98,,,,,,,,2.01,,,,,,,,,,53.42,,,,1.80,,,9.99,,,0.33,,,63.28,58.87,,,,,,,,,,,20.24,,,,5.03,,,10.21,0.06,,9.76,9.24,,,,,,,0.06
1577402327000,,,,,,,32.16,,,,,159.26,,,,,,,,,,,,,,,,,,266.89,,,,2.82,,,0.09,,,,,,19.25,58.93,,,,,0.04,,,2.59,,,,,0.79,,65.48,,,7.22,0.02,,8.33,33.23,,,,,,,0.22
1577488582000,,,,,,,,,,,,185.76,,,,,,,,9.00,,,,,,,,,,316.25,,,,,,,3.94,,,,,,35.98,58.76,,,,,,,,9.20,,,3.52,,1.73,,,,,0.46,3.03,,4.37,9.63,,,,,,,13.46
1577573599000,,,,,,,197.54,,,,,164.14,,,,,,,,,,,,,,,,5.75,,8.73,,,,,,,,,,0.31,2.87,,2.90,58.70,,,,,,,,3.53,,,,,,,,,,1.38,,,,8.41,0.44,,,,,,6.14
1577659927000,,,,,,,50.93,,0.08,,,146.48,,,,,,,,4.77,,,,,,,,,,148.84,,,,2.80,,,3.40,,,,,,,58.43,,,,,,,,43.36,,,,,,,,,,3.21,,,5.83,,,,,,,,3.84
1577746179000,,,,,,,64.70,,2.67,,,34.03,,,,,,,,,,,,,,,,,,26.41,,,,,,,5.99,,,,,,5.69,56.94,,,,,,,,2.31,,,,,,,,,,10.34,,,7.02,,,,,,,,1.40
1577832303000,,,,,,,65.76,,,,,,,,,,,,,3.77,1.10,,,45.05,,,,18.45,,8.18,,,,,,,,,,,,,8.74,56.40,,,,,,,,,,,14.15,,0.59,,15.14,,,7.24,0.02,,,,,,,,,,1.00
1577918935000,,,,,,,50.27,,0.76,,,9.79,,,2.11,,,0.30,,0.94,,,,,,,,0.33,,5.01,,,,,,,5.97,,,,,,38.50,56.39,,,,,,,,11.44,,,3.47,,,,8.56,,,1.13,,,12.68,,,,,,,,22.92
1577997589000,,,,,,,,,,,,,,,,,,,,,1.38,,,,,,,4.55,,3.53,,,,,,,,,,1.55,,,,,,,,,,,,9.46,,,17.47,,6.62,,,,,3.37,,,7.29,,,,,,,,10.68
1578063677000,1.86,,,,,,,,3.71,,,,,,,,,29.04,,,,,,,,,,,,39.97,,,,,,,5.98,,,,,,9.09,,,,,,,,,2.16,,,0.75,,4.45,5.04,,,,6.78,,,2.57,,0.58,6.77,,,,,12.88
1578129566000,,,,,,,,,0.52,,,5.45,,,,,,,,,,,,0.56,,,,,,5.99,13.72,,,,,,,,,0.47,,,8.22,56.26,,,,,,,,,,,,,8.03,,,,,3.65,,,,,,45.05,,,,,10.54
1578195701000,,,,,,,,,,,,,,,,,,,,,,,,,,,,5.40,,,,,,,,,,,,3.02,,,,,,,,,,,,2.02,,,5.02,,8.11,,,,,3.72,,,1.30,,,4.87,,,,,6.59
1578261907000,,,,,,,,,0.09,,,2.44,,,,,,,,,,,,,,,,,,31.87,,,,,,,,,,,,,7.55,,,,,,,,,10.03,,,10.02,,8.08,,,,,1.02,8.47,,18.12,,,8.53,,,,,67.81
1578327837000,,,,,,0.01,64.13,,,,,3.52,,,,,,,,1.25,,,,,,,,,,19.93,13.53,,,,16.73,,,,,,,,17.27,72.30,,,,,,,,30.87,,,,,10.96,,,,,8.12,0.45,,3.80,,3.98,,,,,,12.58
1578393679000,,,0.21,,,,50.10,,9.46,,,,,,,,,,,,,,,,,,,,,29.64,,,,,,,4.87,,,0.00,,,0.79,,,,,,,,,3.12,,,51.08,,109.91,,,,,9.68,1.68,,1.33,,2.81,,,,,,7.53
1578459841000,,,,,,,,,0.15,,,1.65,,,,,,,,3.15,,,,,,,,,,80.04,,,,2.38,,,10.56,,,,1.50,,16.41,,,,,,0.82,,,49.44,,,,,10.51,,,,,20.55,10.20,,3.30,,2.65,,,,,54.69,68.14
1578526345000,,,,,,,59.39,,0.12,,,2.57,,,,,,,,,,,,,,,,,,62.13,,8.81,,2.52,,,11.13,,,3.83,4.11,,7.49,76.85,,,,,,,,7.97,,,,,0.51,6.03,,,,41.87,11.03,,4.13,,0.46,5.14,,,,,50.94
1578592894000,,,,,,,,,,,,,,,,,,,,,,,,,,,,,,13.90,,,,4.78,,,,,,,,,,,,,,,,,,2.17,,,9.00,,0.42,,,,,0.49,,,1.38,,,,,,,,19.62
1578658814000,,,,,,,,,,,,,,,,,,,,,,,,,,,,0.01,,4.50,,,,,,,,,,,,,6.68,,,,,,,,,6.10,,,,,1.64,,,,,1.01,,,,,1.54,2.01,,,,,10.24
1578724741000,,,,,,,,,0.56,,,0.05,,,,,,,,,,,,,,,,,,3.69,,,,,,,0.14,,,8.14,0.41,,,,,,,,,,,8.41,,,,,4.94,4.73,,,,10.16,6.49,,6.21,,,3.84,,,,,4.37
1578790822000,,,,,,,,,8.34,,,0.02,,,,,,,,,,,,,,,,1.07,,11.45,,,,,,,1.08,,,3.18,,,5.07,,,,,,,,,8.74,,,7.04,,4.74,,,,,14.29,,,3.47,,,4.96,,,,,15.80
1578857025000,,,,,,,,,,,,,,,,,,,,,,,,,,,,,,7.62,,,,,,,,,,,,,,,,,,,,,,3.54,,,,,2.07,,,,,6.04,3.47,,1.43,,1.13,,,,,,3.26
1578923015000,,,,,,1.37,,,5.79,,,,,,,,,,,,,,,,,,,,,,,,,,,,,,,3.03,,,0.64,,,,,,,,,,,,,,0.38,,,,,6.77,,,,,,,,,,,15.33
1578989540000,,,,,,,,,0.46,,,0.03,,,,,,,,,,,,,,,,,,8.89,,,,,,,,,,1.39,,,2.63,,,,,,,,,5.75,,,,,4.48,,,,,25.02,,,,,,,,,,,10.53
1579055596000,,,,,,,,,,,,3.78,,,,,,,,13.05,,11.68,,,,,,,,58.64,,2.51,,8.76,,,3.83,,,,,,66.66,,,,,,,,,49.75,,,,,1.90,3.08,,,,,3.96,,29.82,,,44.37,,,,,26.82
1579122050000,,,,,,,,,,,,1.15,,,,,,,,1.51,,14.66,,,,,,,,80.78,,30.18,,4.06,,,3.43,,,,,,,,,,,,,,,19.88,,,,,3.07,,,,,,3.43,,22.33,,,3.36,,,,,22.84
1579188604000,,,,,,0.45,,,2.90,,,,,,,,,,,,,7.75,,,,,,,,142.87,,153.17,,2.34,,,,,,3.09,,,88.45,,,,,,,,,10.05,,,11.54,,14.88,,,,,,,,6.14,,,12.98,,328.31,,,66.03
1579254375000,,,5.96,,,,,,,,,,,,,,,,,10.68,,20.65,,,,,,,,5.06,,,,2.78,,,,,,10.94,,,12.43,,,,,,,,,4.30,,,,,5.46,,,,,,,,1.53,,,,,,,,21.25
1579320115000,,,,,,,,,0.26,,,0.50,,,,,,,,3.77,,16.61,,,,,,,,34.40,,,,,,,1.57,,,3.35,,,9.23,,,,,,,,,21.84,,,,,6.02,,,,,,,,3.09,,,6.44,,,,,20.40
1579386588000,,,,,,,,,1.99,,,0.01,,,,,,,,1.65,,11.80,,0.33,,,,,,78.94,,,,8.27,,,,,,,,,22.30,,,,,,,,,26.68,,,,,2.15,7.53,,,,,,,3.08,,,3.49,,,,,17.62
1579453251000,,,,,,,6.03,,2.83,,,4.51,,,,,,,,,,25.86,,,,,,,,25.40,,,,8.83,,,5.22,,,0.51,,,33.24,,,,,,,,,0.45,,,,,1.25,13.12,,,,,,,1.57,,,,,,,,20.50
1579518909000,,,6.00,,,,,,0.45,,,4.93,,,,,150.89,,,2.00,,30.74,,,,,,0.53,,37.48,,,,,,,3.45,,,2.47,,,37.15,,,,,,,,,21.66,,,49.50,,0.01,4.86,,,,,,,,,,,,,,,15.09
1579584998000,,,,,,,,,2.20,,,3.40,,,,,,,,3.01,,30.17,,,,,,3.05,,0.38,,3.01,,,,,,,,,,,,,,,,,,,,14.10,,,,,1.17,,,,,,,,3.93,,,4.74,,,,,11.62
1579650516000,,,,,,,,,,,,7.68,,,,,,,,,,14.04,,,,,,,,4.17,,,,,,,1.00,,,,,,2.43,,,,,,,,,19.89,,,,,0.84,,,,,,,,,,,13.23,,,,,44.07
1579717286000,,4.34,,,,,,,,,,0.00,,,,,,,,,,14.73,,,,,,,,15.11,,,,,,,,,,2.85,,,,,,,,,0.01,,,2.46,,,,,0.02,,,,,,,,,5.63,,,,,,,5.36
1579783170000,,0.08,,,,,,,,,,,,,,,,,,,,0.75,,,,,,,,7.47,,,,,,,,,,,,,,,,,,,,,,0.60,,,,,0.50,,,,,,,,,16.86,,,,,,,8.79
1579848954000,1.93,5.41,,,,,,,,,,7.21,,,,,,,,,,5.84,,,,,,,,32.90,,10.04,,4.44,,,2.36,,,,,,11.11,,,,,,,,,9.75,,,,,6.10,,,,,,2.34,,,10.49,,,,,,,27.77
1579915579000,,3.30,,,,,,,1.80,,,4.53,,,,,,,,,,0.69,,,,,,,,19.71,,2.51,,3.82,,,2.36,,,,,,5.71,,,,,,,,,5.26,,,,,0.01,,,,,,2.08,,,,,,,,,,10.41
1579982233000,,0.74,,,,,,,,,,0.77,,,,,,,,,,15.37,,,,,,,,4.74,,,,,,,2.42,,,,,,,,,,,,,,,3.84,,,,,5.15,,,,,,,,,4.70,,,,,,,19.50
1580049245000,,,,,,,,,,,,,,,,,,,,,,4.31,,,,,,,,4.51,,,,,,,,,,,,,,,,,,,,,,2.82,,,,,0.34,,,,,,,,,,,,,,,,3.50
1580114658000,,,,,,,,,,,,9.27,,,,,,,,10.14,0.10,3.58,,,,,,,,6.11,,,,,,,2.39,,,,,,,,,,,,,,,7.54,,,,,0.02,,,,,,2.37,,,,,,,,,,8.91
1580180893000,,,,,,,,,0.00,,,2.70,,,,,,,,,0.10,22.87,,,,,,0.70,,76.69,,,,,,,2.42,,,,,,1.26,,,,,,,,,6.15,,,,,0.64,,,2.13,,,2.37,,,,,4.54,,,,,50.91
1580247630000,,1.01,,,,,,,,,,0.84,,,,,,,,,,40.13,,,,,,,,3.39,,,,,,,0.10,,,,,,,,,,,,,,,,,,,,0.99,,,,,,,,,,,,,,,,11.96
1580313366000,,,0.17,,,1.19,11.62,,0.52,,,4.19,,,,,,,,2.51,,39.44,,,,,,,,17.50,,,,,,,2.37,,,0.01,,,14.56,,,,,,,,,,,,,,8.34,5.85,,12.71,,,2.29,,,,,,17.50,,,,20.03
1580380051000,2.04,0.97,,,,,,,,,,11.90,,,,,,,,,,9.19,,,,,,,,13.61,,,,,,,,,,,,,,,,,,,,,,0.34,,,,,0.13,,,,,,,,,,,5.12,,,,,1.83
1580446477000,1.26,0.03,,,,,,,0.05,,,,,,,,,,,14.20,,22.63,,,,,,,,,,8.30,,4.16,,,0.07,,,,,,2.34,,,,,,,,,31.99,,,,,1.06,,,,,,,,,0.60,,,,,,,40.25
1580512997000,,0.01,,,,,,,,,,0.01,,,,,,,,4.62,,28.34,,,,,,,,17.79,,3.51,,,,,2.67,,,,,,,,,,,,,,,,,,,,3.34,,,3.97,,,2.40,,,8.37,,8.78,,,,,24.11
1580579921000,0.88,,,,,,,,0.36,,,2.41,,,,,,,,,,16.75,,,,,,,,3.89,,,,,31.02,,,,,,,,33.40,,,,4.80,,,,,4.36,,,,,1.31,,,7.17,,,,,,0.39,,,,,,,1.27
1580645575000,,2.03,,,,,,,,,,24.20,,,,,,,,2.76,,15.58,,,,,,,,7.11,,,,,,,,,,,,,15.20,,,,4.34,,,,,28.81,,,,,10.88,,,1.32,,,0.22,,,3.18,,10.65,24.71,,,,31.22
1580711822000,,1.11,,,,,,,0.01,,,3.70,,,,,,,,3.86,,14.01,,,,,,,,12.96,,,,3.34,,,0.64,,,,,,,,,,,,0.05,,,,,,0.50,,0.21,,,,,,0.64,,,3.01,,6.52,,,,,11.48
1580778615000,,0.03,,,,,,,,,,,,,,,,,,,,9.70,,,,,,,,7.73,,,,,,,0.08,,,,,,,,,,,,,,,3.02,,,,,0.77,,,4.93,,,,,,,,9.55,,,,,20.73
1580844182000,,10.08,,,,,,,0.03,,,,,,,,,,,,,11.44,,,,,,,,2.81,,,,,,,,,,1.52,,,,,,,,,,,,8.29,,,,,0.52,,,,,,,,,1.55,,3.78,,,,,2.47
1580910496000,,10.52,3.79,,,,,,0.16,,,26.72,,,,,,,,,,16.67,,,,,,,,9.91,,5.02,,,,,,,,0.59,,,35.83,,,,14.04,,,,,9.43,,,35.09,,,,,192.22,,,,,,4.46,,80.51,,,,,20.45
1580977343000,,4.37,,,,,,,0.72,,,0.12,,,,,,,,1.85,,20.21,,12.08,,,,18.02,,26.92,,0.50,,8.43,,,4.58,,,10.15,,,21.21,,,,5.00,,,,,34.93,,,,,0.20,,,,,,1.01,,,,,19.66,,,,,25.58
1581043789000,,46.83,,,,,,,,,,1.69,,,,,,,,4.21,,25.61,,,,,,,,28.13,,,,15.04,,,1.38,,,,,,41.51,,,,13.04,,,,,33.72,,,26.18,,,,,3.22,,,0.37,,,,,5.02,,,,,14.29
1581110121000,,,,,,3.90,,,,,,167.22,,,,,,,,0.35,,49.49,,0.12,,,,,,3.22,,,,,,,1.23,,,,,,53.68,,,,,,,,,20.19,,,102.00,,,,,14.32,,,0.91,,,,,,,,,,19.55
1581177428000,,,0.30,,,,,,4.41,,,12.75,,,,,,,,12.48,,18.67,,,,,,,,10.08,,,,9.20,,,,,,0.04,0.89,,20.00,,,,8.43,,,,,40.80,,,10.06,,0.05,,,,,,,,,,,3.01,,,,,30.01
1581243665000,,,,,,,,,,,,14.37,,,,,,,,2.76,,24.22,,0.38,,,,,,54.31,,,,,,,1.10,,,,2.18,,12.38,,,,,,,,,21.82,,,24.18,,58.67,,,,,,0.48,,,,,2.78,,,,,63.31
1581310184000,0.67,,,,,,,,,,,1.01,,,,,,,,,,32.86,,,,,,,,5.48,,,,2.14,,,,,,1.99,0.25,,3.04,,,,,,,,,6.83,,,,,,,,,,,1.34,,,5.63,,,,,,,21.83
1581375300000,,0.01,,,,,,,17.16,,,3.26,,,,,,,,,,31.07,,,,,,0.10,,7.62,,,,2.70,,,0.41,,,,0.25,,,,,,,,,,,3.26,,,10.04,,0.23,,,,,,2.27,,,48.40,,11.29,,,,,32.85
1581441429000,,,,,,2.24,,,0.19,,,0.06,,,,,,,,,,12.16,,,,,,0.15,,,,,,2.17,,,,,,5.18,,,,,,,,,,,,,,,,,0.34,,,,,,,,,34.02,,,,,,,8.17
1581508790000,,,,,,,,,1.10,,,0.49,,,,,,,,8.02,,16.64,14.82,,50.00,,,,,31.23,,,,3.53,,,,,,,1.06,,60.86,,42.90,,4.63,,,,,62.59,,,4.52,,0.07,,,,,,,,,10.57,,3.01,,,,,32.33
1581574720000,,0.15,,,,,6.64,,3.33,,,8.39,,,,,,,,10.21,,118.99,44.25,,50.00,,,,,39.90,,3.77,,17.41,,,1.27,,,0.30,,,96.54,,,,,,,,,59.70,,,3.51,,50.30,,,,,,,,,43.02,,,,,,,75.00
1581641265000,,39.10,,,,,40.59,,0.89,,,24.36,,,,,,,,8.99,,37.82,17.95,,,,,,,37.16,,,,4.93,,,5.14,,,,,,39.23,,,,16.01,,,,,41.29,,,,,,,,,,,1.71,,,3.65,,,,,,,16.17
